=== RUN   TestA13_LoadModuleOnResidentExecutor
    a13_cell_test.go:36: set GOINFER_A13_CELL=1 — A13 probe, deliberately not part of the tier
--- SKIP: TestA13_LoadModuleOnResidentExecutor (0.00s)
=== RUN   TestA13_MultiModelUnloadPoisons
    a13_multimodel_test.go:36: set GOINFER_A13_MULTI=1 — A13 probe, deliberately not part of the tier
--- SKIP: TestA13_MultiModelUnloadPoisons (0.00s)
=== RUN   TestA13_PrefillChurnPoisons
    a13_prefillchurn_test.go:47: set GOINFER_A13_CHURN=1 — A13 probe, deliberately not part of the tier
--- SKIP: TestA13_PrefillChurnPoisons (0.00s)
=== RUN   TestA13_SingleFailedAllocPoisons
    a13_singlefail_test.go:34: set GOINFER_A13_SINGLEFAIL=1 — A13 probe, deliberately not part of the tier
--- SKIP: TestA13_SingleFailedAllocPoisons (0.00s)
=== RUN   TestActGroupKernels_quantizers
--- PASS: TestActGroupKernels_quantizers (0.31s)
=== RUN   TestActGroupKernels_gemv
--- PASS: TestActGroupKernels_gemv (0.03s)
=== RUN   TestActGroupKernels_gemvQ4K
--- PASS: TestActGroupKernels_gemvQ4K (0.01s)
=== RUN   TestActGroupKernels_fusedG32BitIdentical
--- PASS: TestActGroupKernels_fusedG32BitIdentical (0.24s)
=== RUN   TestActGroup_phi3ResidentMatchesCPU
    actgroup_phi3_resident_test.go:38: set GOINFER_PHI3_MINI_GGUF
--- SKIP: TestActGroup_phi3ResidentMatchesCPU (0.00s)
=== RUN   TestAllocFloor
    alloc_floor_test.go:25: DRAIN-GROUP-SKIP: drains the device in shrinking chunks until a 1 MiB request is refused — deferred to the drain tier (GOINFER_DRAIN_GROUP=1), which runs in its own process so an exhausted device cannot reach the main tier. See A13.
--- SKIP: TestAllocFloor (0.00s)
=== RUN   TestA10ReportingGap
    alloc_reporting_gap_test.go:25: DRAIN-GROUP-SKIP: drains to refusal in-process to measure the reported-vs-obtained shortfall — deferred to the drain tier (GOINFER_DRAIN_GROUP=1), which runs in its own process so an exhausted device cannot reach the main tier. See A13.
--- SKIP: TestA10ReportingGap (0.00s)
=== RUN   TestA10FloorIsPerProcessOrPerDevice
    alloc_reporting_gap_test.go:106: DRAIN-GROUP-SKIP: spawns a child that holds the device near the floor while this context works — deferred to the drain tier (GOINFER_DRAIN_GROUP=1), which runs in its own process so an exhausted device cannot reach the main tier. See A13.
--- SKIP: TestA10FloorIsPerProcessOrPerDevice (0.00s)
=== RUN   TestA10CtxHolder
    alloc_reporting_gap_test.go:240: helper for TestA10FloorIsPerProcessOrPerDevice
--- SKIP: TestA10CtxHolder (0.00s)
=== RUN   TestAllocGranularity
    allocgran_test.go:57: 5 MiB -> 6.00 MiB/alloc (2MiB-granular predicts 6, nextPow2 8)
    allocgran_test.go:57: 6 MiB -> 6.00 MiB/alloc (2MiB-granular predicts 6, nextPow2 8)
    allocgran_test.go:57: 9 MiB -> 10.00 MiB/alloc (2MiB-granular predicts 10, nextPow2 16)
--- PASS: TestAllocGranularity (0.01s)
=== RUN   TestSmallAllocPool
    allocgran_test.go:92: 512 allocs of 371712 B -> 206.00 MiB total, 421888 B/alloc amortised
--- PASS: TestSmallAllocPool (0.02s)
=== RUN   TestArgmaxTieBreak
    argmax_tiebreak_test.go:21: set GOINFER_HEAVY_TESTS=1 (loads a 0.5B model for the compiled argmax kernel)
--- SKIP: TestArgmaxTieBreak (0.00s)
=== RUN   TestAttnBatched_bitIdentical
    attn_batched_test.go:174: startPos= 0 M=16 window=0: attn_batched == M=1 attention, BIT-IDENTICAL (16 rows)
    attn_batched_test.go:174: startPos= 7 M=16 window=0: attn_batched == M=1 attention, BIT-IDENTICAL (16 rows)
    attn_batched_test.go:174: startPos= 0 M=40 window=5: attn_batched == M=1 attention, BIT-IDENTICAL (40 rows)
    attn_batched_test.go:174: startPos= 7 M=40 window=5: attn_batched == M=1 attention, BIT-IDENTICAL (40 rows)
    attn_batched_test.go:174: startPos= 3 M=33 window=8: attn_batched == M=1 attention, BIT-IDENTICAL (33 rows)
--- PASS: TestAttnBatched_bitIdentical (0.01s)
=== RUN   TestAttnBlockFull_nonCausal
    attn_block_test.go:35: heavy-checkpoint test: set GOINFER_HEAVY_TESTS=1 to opt in (loads a multi-GB model from ~/models)
--- SKIP: TestAttnBlockFull_nonCausal (0.00s)
=== RUN   TestAttnBlockFull_cost
    attn_block_test.go:172: heavy-checkpoint test: set GOINFER_HEAVY_TESTS=1 to opt in (loads a multi-GB model from ~/models)
--- SKIP: TestAttnBlockFull_cost (0.00s)
=== RUN   TestAttnBatchedBandwidth
    attn_bw_test.go:23: set GOINFER_HEAVY_TESTS=1
--- SKIP: TestAttnBatchedBandwidth (0.00s)
=== RUN   TestAttnFused_vsExact
    attn_fused_test.go:70: heavy-checkpoint test: set GOINFER_HEAVY_TESTS=1 to opt in (loads a multi-GB model from ~/models)
--- SKIP: TestAttnFused_vsExact (0.00s)
=== RUN   TestAttnFused_attendsKeysBeforeStartPos
    attn_fused_test.go:269: heavy-checkpoint test: set GOINFER_HEAVY_TESTS=1 to opt in (loads a multi-GB model from ~/models)
--- SKIP: TestAttnFused_attendsKeysBeforeStartPos (0.00s)
=== RUN   TestAttnFused_vsF16Reference
    attn_fused_test.go:419: heavy-checkpoint test: set GOINFER_HEAVY_TESTS=1 to opt in (loads a multi-GB model from ~/models)
--- SKIP: TestAttnFused_vsF16Reference (0.00s)
=== RUN   TestAttnFusedTile_defaultBitIdenticalWholeModel
    attn_fused_tile_model_test.go:21: set GOINFER_HEAVY_TESTS=1
--- SKIP: TestAttnFusedTile_defaultBitIdenticalWholeModel (0.00s)
=== RUN   TestAttnFusedTile_smallMSweep
    attn_fused_tile_sweep_test.go:21: heavy-checkpoint test: set GOINFER_HEAVY_TESTS=1 to opt in (loads a multi-GB model from ~/models)
--- SKIP: TestAttnFusedTile_smallMSweep (0.00s)
=== RUN   TestAttnFusedTile_32x64BitIdentical
=== RUN   TestAttnFusedTile_32x64BitIdentical/32x64
    attn_fused_tile_test.go:29: heavy-checkpoint test: set GOINFER_HEAVY_TESTS=1 to opt in (loads a multi-GB model from ~/models)
=== RUN   TestAttnFusedTile_32x64BitIdentical/128x64
    attn_fused_tile_test.go:29: heavy-checkpoint test: set GOINFER_HEAVY_TESTS=1 to opt in (loads a multi-GB model from ~/models)
--- PASS: TestAttnFusedTile_32x64BitIdentical (0.00s)
    --- SKIP: TestAttnFusedTile_32x64BitIdentical/32x64 (0.00s)
    --- SKIP: TestAttnFusedTile_32x64BitIdentical/128x64 (0.00s)
=== RUN   TestAttnVit_logicAndBMIdentity
=== RUN   TestAttnVit_logicAndBMIdentity/nH4/M17
    attn_fused_vit_test.go:145: nH=4 M=17: worst per-row cosine vs f16-operand f64 reference = 1.00000000 (m=1 h=0); bm64 == bm128 bit for bit
=== RUN   TestAttnVit_logicAndBMIdentity/nH4/M70
    attn_fused_vit_test.go:145: nH=4 M=70: worst per-row cosine vs f16-operand f64 reference = 0.99999996 (m=30 h=0); bm64 == bm128 bit for bit
=== RUN   TestAttnVit_logicAndBMIdentity/nH4/M130
    attn_fused_vit_test.go:145: nH=4 M=130: worst per-row cosine vs f16-operand f64 reference = 1.00000000 (m=65 h=2); bm64 == bm128 bit for bit
=== RUN   TestAttnVit_logicAndBMIdentity/nH4/M517
    attn_fused_vit_test.go:145: nH=4 M=517: worst per-row cosine vs f16-operand f64 reference = 0.99999999 (m=137 h=0); bm64 == bm128 bit for bit
=== RUN   TestAttnVit_logicAndBMIdentity/nH16/M17
    attn_fused_vit_test.go:145: nH=16 M=17: worst per-row cosine vs f16-operand f64 reference = 0.99999998 (m=0 h=4); bm64 == bm128 bit for bit
=== RUN   TestAttnVit_logicAndBMIdentity/nH16/M70
    attn_fused_vit_test.go:145: nH=16 M=70: worst per-row cosine vs f16-operand f64 reference = 0.99999995 (m=50 h=9); bm64 == bm128 bit for bit
=== RUN   TestAttnVit_logicAndBMIdentity/nH16/M130
    attn_fused_vit_test.go:145: nH=16 M=130: worst per-row cosine vs f16-operand f64 reference = 0.99999993 (m=82 h=15); bm64 == bm128 bit for bit
=== RUN   TestAttnVit_logicAndBMIdentity/nH16/M517
    attn_fused_vit_test.go:145: nH=16 M=517: worst per-row cosine vs f16-operand f64 reference = 0.99999972 (m=256 h=13); bm64 == bm128 bit for bit
--- PASS: TestAttnVit_logicAndBMIdentity (12.74s)
    --- PASS: TestAttnVit_logicAndBMIdentity/nH4/M17 (0.00s)
    --- PASS: TestAttnVit_logicAndBMIdentity/nH4/M70 (0.04s)
    --- PASS: TestAttnVit_logicAndBMIdentity/nH4/M130 (0.15s)
    --- PASS: TestAttnVit_logicAndBMIdentity/nH4/M517 (2.36s)
    --- PASS: TestAttnVit_logicAndBMIdentity/nH16/M17 (0.01s)
    --- PASS: TestAttnVit_logicAndBMIdentity/nH16/M70 (0.18s)
    --- PASS: TestAttnVit_logicAndBMIdentity/nH16/M130 (0.62s)
    --- PASS: TestAttnVit_logicAndBMIdentity/nH16/M517 (9.38s)
=== RUN   TestAttention_TailPoison
    attn_headdim_test.go:109: tail poison clean: hd=16 attention byte-identical in tight vs 32x-wide sentinel-tailed scratch
--- PASS: TestAttention_TailPoison (0.00s)
=== RUN   TestAttention_HeadDimWidths
=== RUN   TestAttention_HeadDimWidths/hd16
    e2e_decode_test.go:433: glue kernels validated vs CPU ref (rmsnorm_quant, attention cosine ≈ 1.0)
=== RUN   TestAttention_HeadDimWidths/hd64
    e2e_decode_test.go:433: glue kernels validated vs CPU ref (rmsnorm_quant, attention cosine ≈ 1.0)
=== RUN   TestAttention_HeadDimWidths/hd128
    e2e_decode_test.go:433: glue kernels validated vs CPU ref (rmsnorm_quant, attention cosine ≈ 1.0)
=== RUN   TestAttention_HeadDimWidths/hd256
    e2e_decode_test.go:433: glue kernels validated vs CPU ref (rmsnorm_quant, attention cosine ≈ 1.0)
=== RUN   TestAttention_HeadDimWidths/hd512
    e2e_decode_test.go:433: glue kernels validated vs CPU ref (rmsnorm_quant, attention cosine ≈ 1.0)
--- PASS: TestAttention_HeadDimWidths (0.01s)
    --- PASS: TestAttention_HeadDimWidths/hd16 (0.00s)
    --- PASS: TestAttention_HeadDimWidths/hd64 (0.00s)
    --- PASS: TestAttention_HeadDimWidths/hd128 (0.00s)
    --- PASS: TestAttention_HeadDimWidths/hd256 (0.00s)
    --- PASS: TestAttention_HeadDimWidths/hd512 (0.01s)
=== RUN   TestAttnImgBatched_blockBidirectionalAndOutsideMatchesCausal
    attn_img_batched_test.go:67: heavy-checkpoint test: set GOINFER_HEAVY_TESTS=1 to opt in (loads a multi-GB model from ~/models)
--- SKIP: TestAttnImgBatched_blockBidirectionalAndOutsideMatchesCausal (0.00s)
=== RUN   TestAttnImgBatched_windowDecoupled
    attn_img_batched_test.go:194: heavy-checkpoint test: set GOINFER_HEAVY_TESTS=1 to opt in (loads a multi-GB model from ~/models)
--- SKIP: TestAttnImgBatched_windowDecoupled (0.00s)
=== RUN   TestAttnSink_matchesReference
    attn_sink_test.go:159: no sink: max|diff| = 2.980e-08
    attn_sink_test.go:159: small sink: max|diff| = 2.980e-08
    attn_sink_test.go:159: sink dominates: max|diff| = 2.576e-14
    attn_sink_test.go:159: negligible sink ≈ no sink: max|diff| = 2.980e-08
--- PASS: TestAttnSink_matchesReference (0.00s)
=== RUN   TestB2DenseFlagship
    b2_flagship_test.go:24: set GOINFER_HEAVY_TESTS=1 (loads a 7B model)
--- SKIP: TestB2DenseFlagship (0.00s)
=== RUN   TestBackendResidentWired
    backend_wired_test.go:22: heavy-checkpoint test: set GOINFER_HEAVY_TESTS=1 to opt in (loads a multi-GB model from ~/models)
--- SKIP: TestBackendResidentWired (0.00s)
=== RUN   TestProdThroughput
    backend_wired_test.go:119: heavy-checkpoint test: set GOINFER_HEAVY_TESTS=1 to opt in (loads a multi-GB model from ~/models)
--- SKIP: TestProdThroughput (0.00s)
=== RUN   TestGreedyFastPathIdentical
    backend_wired_test.go:198: heavy-checkpoint test: set GOINFER_HEAVY_TESTS=1 to opt in (loads a multi-GB model from ~/models)
--- SKIP: TestGreedyFastPathIdentical (0.00s)
=== RUN   TestBatchedVsDecodeGap
    batched_decode_gap_test.go:29: set GOINFER_HEAVY_TESTS=1 (loads a 1.5B model)
--- SKIP: TestBatchedVsDecodeGap (0.00s)
=== RUN   TestGenerateBlockSpec_production
    blockspec_test.go:27: heavy-checkpoint test: set GOINFER_HEAVY_TESTS=1 to opt in (loads a multi-GB model from ~/models)
--- SKIP: TestGenerateBlockSpec_production (0.00s)
=== RUN   TestBlockSpecStream
    blockspec_test.go:124: heavy-checkpoint test: set GOINFER_HEAVY_TESTS=1 to opt in (loads a multi-GB model from ~/models)
--- SKIP: TestBlockSpecStream (0.00s)
=== RUN   TestImgBlockMaxNWin_formula
=== RUN   TestImgBlockMaxNWin_formula/no_block:_unchanged
=== RUN   TestImgBlockMaxNWin_formula/unwindowed:_block_never_exceeds_startPos+M_(v1_invariant)
=== RUN   TestImgBlockMaxNWin_formula/windowed,_block_starts_at/before_window-1:_some_row_still_has_winStart=0
=== RUN   TestImgBlockMaxNWin_formula/windowed,_block_starts_PAST_window-1:_decreasing_width,_max_at_pos=imgStart
=== RUN   TestImgBlockMaxNWin_formula/windowed,_causal_already_exceeds_the_block's_own_widened_span
--- PASS: TestImgBlockMaxNWin_formula (0.00s)
    --- PASS: TestImgBlockMaxNWin_formula/no_block:_unchanged (0.00s)
    --- PASS: TestImgBlockMaxNWin_formula/unwindowed:_block_never_exceeds_startPos+M_(v1_invariant) (0.00s)
    --- PASS: TestImgBlockMaxNWin_formula/windowed,_block_starts_at/before_window-1:_some_row_still_has_winStart=0 (0.00s)
    --- PASS: TestImgBlockMaxNWin_formula/windowed,_block_starts_PAST_window-1:_decreasing_width,_max_at_pos=imgStart (0.00s)
    --- PASS: TestImgBlockMaxNWin_formula/windowed,_causal_already_exceeds_the_block's_own_widened_span (0.00s)
=== RUN   TestImgBlockMaxNWin_differsFromNaiveCoupledFormula
    checkprefillshmemimg_test.go:75: decoupled formula: 32 attended keys; naive coupled formula would give only 8 — the decoupling is load-bearing at this scenario, not cosmetic
--- PASS: TestImgBlockMaxNWin_differsFromNaiveCoupledFormula (0.00s)
=== RUN   TestCheckPrefillShmemImg_declinesPastTheLimit
--- PASS: TestCheckPrefillShmemImg_declinesPastTheLimit (0.00s)
=== RUN   TestCheckPrefillShmemImg_windowedBlockPastWindow
--- PASS: TestCheckPrefillShmemImg_windowedBlockPastWindow (0.00s)
=== RUN   TestPrefillCoreCallsCheckPrefillShmemImg
--- PASS: TestPrefillCoreCallsCheckPrefillShmemImg (0.00s)
=== RUN   TestResidentCloseSettleTime
    closesettle_test.go:32: heavy-checkpoint test: set GOINFER_HEAVY_TESTS=1 to opt in (loads a multi-GB model from ~/models)
--- SKIP: TestResidentCloseSettleTime (0.00s)
=== RUN   TestCohereResidentParityCUDA
=== RUN   TestCohereResidentParityCUDA/cohere-tiny
    cohere_resident_parity_test.go:88: decode, 12 positions: worst cosine 0.999738, worst relL2 0.0229
    cohere_resident_parity_test.go:110: batched prefill last-token logits vs CPU: cosine 0.999926 relL2 0.0122
=== RUN   TestCohereResidentParityCUDA/cohere2-tiny
    cohere_resident_parity_test.go:88: decode, 12 positions: worst cosine 0.999753, worst relL2 0.0223
    cohere_resident_parity_test.go:110: batched prefill last-token logits vs CPU: cosine 0.999941 relL2 0.0112
--- PASS: TestCohereResidentParityCUDA (0.07s)
    --- PASS: TestCohereResidentParityCUDA/cohere-tiny (0.03s)
    --- PASS: TestCohereResidentParityCUDA/cohere2-tiny (0.03s)
=== RUN   TestGraniteDenseResidentPrefillLogitScaleCUDA
    cohere_resident_parity_test.go:162: granite-dense (logitScale 0.1667): batched vs sequential last-token logits: cosine 1.000000 relL2 0.0000
--- PASS: TestGraniteDenseResidentPrefillLogitScaleCUDA (0.03s)
=== RUN   TestCohereResidentSmokeCUDA
    cohere_resident_smoke_test.go:30: resident decode path: cuda-resident (int8int8)
--- PASS: TestCohereResidentSmokeCUDA (0.04s)
=== RUN   TestCohere2ResidentSmokeCUDA
    cohere_resident_smoke_test.go:34: resident decode path: cuda-resident (int8int8)
--- PASS: TestCohere2ResidentSmokeCUDA (0.05s)
=== RUN   TestDecodeAttn2048Probe
    decode_attn_probe_test.go:25: set GOINFER_HEAVY_TESTS=1
--- SKIP: TestDecodeAttn2048Probe (0.00s)
=== RUN   TestDecodeDepthThroughput
    decode_depth_throughput_test.go:24: set GOINFER_HEAVY_TESTS=1 (loads a 1.5B model)
--- SKIP: TestDecodeDepthThroughput (0.00s)
=== RUN   TestDecodeTokProjection
    decode_projection_test.go:133: qwen2.5-1.5b decode projection (UNFUSED CUDA GEMV chain, 141 launches/token):
    decode_projection_test.go:134:   per-token: 4.06 ms | 246 tok/s | weight stream 1.53 GB | 377 GB/s = 84% peak
    decode_projection_test.go:136:   vs WebGPU 112 tok/s (37% peak) | GO bar 145 tok/s (1.3x) — unfused is a LOWER bound (fused cuts launches)
    decode_projection_test.go:138:   ⇒ clears the GO bar EVEN UNFUSED — the fused megakernel would clear it by more
--- PASS: TestDecodeTokProjection (0.17s)
=== RUN   TestDefaultVerifyWidth_sweep
    default_width_sweep_test.go:73: heavy-checkpoint test: set GOINFER_HEAVY_TESTS=1 to opt in (loads a multi-GB model from ~/models)
--- SKIP: TestDefaultVerifyWidth_sweep (0.00s)
=== RUN   TestDeltaNetSnapshotCUDA
    deltanet_snapshot_cuda_test.go:81: REGIME: qwen3.5-0.8b, quant=int4, RESIDENT CUDA, single sequence. 0.8B trunk — a larger trunk has a SLOWER decode step and so a smaller fraction; this is the adverse direction.
    deltanet_snapshot_cuda_test.go:83: state: 18 DeltaNet layers, 20201472 B total (19.27 MiB) — dnWin 18432 + dnState 262144 floats/layer
    deltanet_snapshot_cuda_test.go:152: PATH: device-to-device (aikit/gpu CopyDeviceBatch, 36 copies, one synchronize)
    deltanet_snapshot_cuda_test.go:177: IN SITU, 30 paired rounds (min / median / max):
    deltanet_snapshot_cuda_test.go:178:   resident decode step  5.017273ms 5.870737ms 7.107473ms
    deltanet_snapshot_cuda_test.go:179:   snapshot (D2H)        237.161µs 327.671µs 438.602µs
    deltanet_snapshot_cuda_test.go:180:   restore  (H2D)        219.411µs 297.561µs 341.091µs
    deltanet_snapshot_cuda_test.go:202: PAIRED RATIO, (snapshot+restore)/decode, formed per round (n=30):
    deltanet_snapshot_cuda_test.go:203:   min 6.9%  p50 9.7%  max 13.8%  |  mean 10.0%  sd 2.1 pp
    deltanet_snapshot_cuda_test.go:205:   (ratio-of-medians would have reported 10.6% — shown only to expose the gap)
    deltanet_snapshot_cuda_test.go:207:   traffic: 20201472 B read+written twice = 64.6 GB/s (TRAFFIC convention: a copy reads n and writes n)
    deltanet_snapshot_cuda_test.go:209:    p50 % of a K=4 round IF a round cost K decode steps = 2.42%
    deltanet_snapshot_cuda_test.go:209:    p50 % of a K=7 round IF a round cost K decode steps = 1.38%
    deltanet_snapshot_cuda_test.go:211: NOTE: on a bandwidth-bound resident decode a BATCHED verify of K+1 costs closer to ONE decode step than to K, so the K-step framing is the FAVOURABLE reading here, not the neutral one.
--- PASS: TestDeltaNetSnapshotCUDA (4.57s)
=== RUN   TestDeltaNetKernels_cpuParity
    deltanet_test.go:213: DeltaNet mixer chain vs CPU on CUDA, 64 steps at REAL geometry (nk=16 nv=48 hk=128 hv=128):
    deltanet_test.go:216:   delta_conv  worst cosine=1.000000000 worst maxAbs/rms=2.37e-06
    deltanet_test.go:216:   delta_gates worst cosine=1.000000000 worst maxAbs/rms=2.42e-07
    deltanet_test.go:216:   delta_rule  worst cosine=1.000000000 worst maxAbs/rms=7.07e-06
    deltanet_test.go:216:   delta_gnorm worst cosine=1.000000000 worst maxAbs/rms=2.22e-05
--- PASS: TestDeltaNetKernels_cpuParity (0.25s)
=== RUN   TestDeltaNorm_zeroHead
    deltanet_test.go:358: delta_norm vs l2normScaled over 16 heads incl. a zero head and a 1e-7 head: clean
--- PASS: TestDeltaNorm_zeroHead (0.00s)
=== RUN   TestDFlashDispatchAmortization
    dflash_dispatch_test.go:36: heavy-checkpoint test: set GOINFER_HEAVY_TESTS=1 to opt in (loads a multi-GB model from ~/models)
--- SKIP: TestDFlashDispatchAmortization (0.00s)
=== RUN   TestDFlashCaptureSeamCost
    dflash_dispatch_test.go:154: heavy-checkpoint test: set GOINFER_HEAVY_TESTS=1 to opt in (loads a multi-GB model from ~/models)
--- SKIP: TestDFlashCaptureSeamCost (0.00s)
=== RUN   TestDFlashRoundComposition
    dflash_dispatch_test.go:245: heavy-checkpoint test: set GOINFER_HEAVY_TESTS=1 to opt in (loads a multi-GB model from ~/models)
--- SKIP: TestDFlashRoundComposition (0.00s)
=== RUN   TestDFlashCompositionResidual
    dflash_dispatch_test.go:357: heavy-checkpoint test: set GOINFER_HEAVY_TESTS=1 to opt in (loads a multi-GB model from ~/models)
--- SKIP: TestDFlashCompositionResidual (0.00s)
=== RUN   TestDFlashVerifyHeadCost
    dflash_dispatch_test.go:473: heavy-checkpoint test: set GOINFER_HEAVY_TESTS=1 to opt in (loads a multi-GB model from ~/models)
--- SKIP: TestDFlashVerifyHeadCost (0.00s)
=== RUN   TestPrefillLastNArgmax_matchesPerRow
    dflash_dispatch_test.go:543: heavy-checkpoint test: set GOINFER_HEAVY_TESTS=1 to opt in (loads a multi-GB model from ~/models)
--- SKIP: TestPrefillLastNArgmax_matchesPerRow (0.00s)
=== RUN   TestDFlashDraftCostProbe
    dflash_draftcost_test.go:36: heavy-checkpoint test: set GOINFER_HEAVY_TESTS=1 to opt in (loads a multi-GB model from ~/models)
--- SKIP: TestDFlashDraftCostProbe (0.00s)
=== RUN   TestResidentDrafter_fuseContextReleasesScratch
    drafter_leak_test.go:28: heavy-checkpoint test: set GOINFER_HEAVY_TESTS=1 to opt in (loads a multi-GB model from ~/models)
--- SKIP: TestResidentDrafter_fuseContextReleasesScratch (0.00s)
=== RUN   TestDFlashLoop_lossless
    drafter_loop_test.go:139: heavy-checkpoint test: set GOINFER_HEAVY_TESTS=1 to opt in (loads a multi-GB model from ~/models)
--- SKIP: TestDFlashLoop_lossless (0.00s)
=== RUN   TestDFlashLoop_gate3
    drafter_loop_test.go:219: heavy-checkpoint test: set GOINFER_HEAVY_TESTS=1 to opt in (loads a multi-GB model from ~/models)
--- SKIP: TestDFlashLoop_gate3 (0.00s)
=== RUN   TestResidentDrafter_fuseParity
    drafter_test.go:39: heavy-checkpoint test: set GOINFER_HEAVY_TESTS=1 to opt in (loads a multi-GB model from ~/models)
--- SKIP: TestResidentDrafter_fuseParity (0.00s)
=== RUN   TestResidentDrafter_extendContext
    drafter_test.go:142: heavy-checkpoint test: set GOINFER_HEAVY_TESTS=1 to opt in (loads a multi-GB model from ~/models)
--- SKIP: TestResidentDrafter_extendContext (0.00s)
=== RUN   TestResidentDrafter_blockParity
    drafter_test.go:271: heavy-checkpoint test: set GOINFER_HEAVY_TESTS=1 to opt in (loads a multi-GB model from ~/models)
--- SKIP: TestResidentDrafter_blockParity (0.00s)
=== RUN   TestBatchedCapture_matchesPerToken
    drafter_test.go:361: heavy-checkpoint test: set GOINFER_HEAVY_TESTS=1 to opt in (loads a multi-GB model from ~/models)
--- SKIP: TestBatchedCapture_matchesPerToken (0.00s)
=== RUN   TestDrafterVsOff_perSuite
    drafter_vs_off_test.go:118: heavy-checkpoint test: set GOINFER_HEAVY_TESTS=1 to opt in (loads a multi-GB model from ~/models)
--- SKIP: TestDrafterVsOff_perSuite (0.00s)
=== RUN   TestE2EDecodeThroughput_synthetic
    e2e_decode_test.go:433: glue kernels validated vs CPU ref (rmsnorm_quant, attention cosine ≈ 1.0)
    e2e_decode_test.go:216: E2E cgo-free CUDA decode (qwen2.5-1.5b, full per-token work, pos=128):
    e2e_decode_test.go:217:   5.67 ms/token | 176 tok/s | 272 GB/s = 61% of ~448 GB/s peak
    e2e_decode_test.go:218:   breakdown: GEMV 4.07 ms (72%) | glue+attn+argmax 1.60 ms (28%)
    e2e_decode_test.go:220:   vs projection ceiling 244 (GEMV-only, 83% peak); the glue is the 28% the projection dropped
    e2e_decode_test.go:221:   anchors (same model): WebGPU 112 → 1.58x | Ollama-CUDA 147 → 1.20x
    e2e_decode_test.go:222:   NOTE optimism (real number is somewhat lower): omits per-token KV-store, uses pure int8 (< q8_0 bytes),
    e2e_decode_test.go:223:        greedy/no-sampler, pos=128 small attn; the Ollama 147 anchor is unpinned. Read ~Ollama parity, not a clean beat.
    e2e_decode_test.go:228:   VERDICT: PAUSE — cgo-free CUDA ~matches native CUDA (Ollama) and clearly beats WebGPU (~1.5x), but the
    e2e_decode_test.go:229:            prize is *parity with llama.cpp*, not beating it; whether that's worth the permanent CUDA-kernel
    e2e_decode_test.go:230:            maintenance burden is a maintainer business call, not an engineering step. Park as measured option.
--- PASS: TestE2EDecodeThroughput_synthetic (0.40s)
=== RUN   TestRunJob_recoversPanic
--- PASS: TestRunJob_recoversPanic (0.00s)
=== RUN   TestRunJob_passesThroughNormalResults
--- PASS: TestRunJob_passesThroughNormalResults (0.00s)
=== RUN   TestSlotBytesPerLayer_densePrefix
--- PASS: TestSlotBytesPerLayer_densePrefix (0.00s)
=== RUN   TestSlotBytesPerLayer_outOfRange
--- PASS: TestSlotBytesPerLayer_outOfRange (0.00s)
=== RUN   TestF32ToF16_C15
--- PASS: TestF32ToF16_C15 (0.00s)
=== RUN   TestFlashDecode_defaultOnRealResident
    flash_decode_default_hw_test.go:19: set GOINFER_HEAVY_TESTS=1 (loads a real checkpoint on the GPU)
--- SKIP: TestFlashDecode_defaultOnRealResident (0.00s)
=== RUN   TestFlashDecodeSplit_default
=== RUN   TestFlashDecodeSplit_default/unset_is_the_registered_S
=== RUN   TestFlashDecodeSplit_default/empty_is_the_registered_S
=== RUN   TestFlashDecodeSplit_default/0_is_the_exact_path
=== RUN   TestFlashDecodeSplit_default/off_is_the_exact_path
=== RUN   TestFlashDecodeSplit_default/OFF_is_the_exact_path
=== RUN   TestFlashDecodeSplit_default/false_is_the_exact_path
=== RUN   TestFlashDecodeSplit_default/a_positive_integer_picks_S
=== RUN   TestFlashDecodeSplit_default/1_is_a_real_S_(the_S=1_identity_check)
=== RUN   TestFlashDecodeSplit_default/a_negative_number_is_off
=== RUN   TestFlashDecodeSplit_default/a_typo_is_off,_not_the_default
=== RUN   TestFlashDecodeSplit_default/a_float_is_off
--- PASS: TestFlashDecodeSplit_default (0.00s)
    --- PASS: TestFlashDecodeSplit_default/unset_is_the_registered_S (0.00s)
    --- PASS: TestFlashDecodeSplit_default/empty_is_the_registered_S (0.00s)
    --- PASS: TestFlashDecodeSplit_default/0_is_the_exact_path (0.00s)
    --- PASS: TestFlashDecodeSplit_default/off_is_the_exact_path (0.00s)
    --- PASS: TestFlashDecodeSplit_default/OFF_is_the_exact_path (0.00s)
    --- PASS: TestFlashDecodeSplit_default/false_is_the_exact_path (0.00s)
    --- PASS: TestFlashDecodeSplit_default/a_positive_integer_picks_S (0.00s)
    --- PASS: TestFlashDecodeSplit_default/1_is_a_real_S_(the_S=1_identity_check) (0.00s)
    --- PASS: TestFlashDecodeSplit_default/a_negative_number_is_off (0.00s)
    --- PASS: TestFlashDecodeSplit_default/a_typo_is_off,_not_the_default (0.00s)
    --- PASS: TestFlashDecodeSplit_default/a_float_is_off (0.00s)
=== RUN   TestLoadFlashDecode_defaultSkipsExpertCache
--- PASS: TestLoadFlashDecode_defaultSkipsExpertCache (0.00s)
=== RUN   TestFlashDecodeOracleRealKV
    flash_decode_gate_test.go:37: set GOINFER_HEAVY_TESTS=1 (D7 checkpoint, K=8000 prefill)
--- SKIP: TestFlashDecodeOracleRealKV (0.00s)
=== RUN   TestFlashDecodeOracleRealKVGemma
    flash_decode_gate_test.go:53: set GOINFER_HEAVY_TESTS=1
--- SKIP: TestFlashDecodeOracleRealKVGemma (0.00s)
=== RUN   TestFlashDecodeGateVsReference
    flash_decode_gate_test.go:199: set GOINFER_HEAVY_TESTS=1 (real checkpoints; needs Phase A's set-B reference files)
--- SKIP: TestFlashDecodeGateVsReference (0.00s)
=== RUN   TestFlashDecodeKernelLadder
    flash_decode_ladder_test.go:29: set GOINFER_HEAVY_TESTS=1
--- SKIP: TestFlashDecodeKernelLadder (0.00s)
=== RUN   TestFlashDecodeRowsBitIdentical
    flash_decode_rows_test.go:24: set GOINFER_HEAVY_TESTS=1 (loads real checkpoints for their geometry)
--- SKIP: TestFlashDecodeRowsBitIdentical (0.00s)
=== RUN   TestFlashDecodeSpeculativeScope
    flash_decode_spec_test.go:34: set GOINFER_HEAVY_TESTS=1 (loads a 1.5B model)
--- SKIP: TestFlashDecodeSpeculativeScope (0.00s)
=== RUN   TestFlashDecodeSpecVerifyLane
    flash_decode_spec_test.go:159: set GOINFER_HEAVY_TESTS=1 (loads a 1.5B model)
--- SKIP: TestFlashDecodeSpecVerifyLane (0.00s)
=== RUN   TestFlashDecodeForwardNBitIdentical
    flash_decode_spec_test.go:269: set GOINFER_HEAVY_TESTS=1 (loads a 1.5B model)
--- SKIP: TestFlashDecodeForwardNBitIdentical (0.00s)
=== RUN   TestFlashDecodeBlockSpecLane
    flash_decode_spec_test.go:363: heavy-checkpoint test: set GOINFER_HEAVY_TESTS=1 to opt in (loads a multi-GB model from ~/models)
--- SKIP: TestFlashDecodeBlockSpecLane (0.00s)
=== RUN   TestFlashDecodeTwoModelSpecLane
    flash_decode_spec_test.go:459: set GOINFER_HEAVY_TESTS=1 (loads a 1.5B target and a 0.5B draft)
--- SKIP: TestFlashDecodeTwoModelSpecLane (0.00s)
=== RUN   TestFlashDecodeVsF64
    flash_decode_test.go:58: set GOINFER_HEAVY_TESTS=1 (loads real checkpoints for their geometry)
--- SKIP: TestFlashDecodeVsF64 (0.00s)
=== RUN   TestFlashDecodeEndToEnd
    flash_decode_test.go:175: set GOINFER_HEAVY_TESTS=1 (loads real checkpoints)
--- SKIP: TestFlashDecodeEndToEnd (0.00s)
=== RUN   TestForwardMRoPE_constantShiftInvariance
    forwardmrope_parity_test.go:43: set GOINFER_HEAVY_TESTS=1
--- SKIP: TestForwardMRoPE_constantShiftInvariance (0.00s)
=== RUN   TestForwardMRoPE_equalArgsMatchesForward
    forwardmrope_parity_test.go:115: set GOINFER_HEAVY_TESTS=1
--- SKIP: TestForwardMRoPE_equalArgsMatchesForward (0.00s)
=== RUN   TestLayerFusable_M23
--- PASS: TestLayerFusable_M23 (0.00s)
=== RUN   TestFusedQKVRowsBitIdentical
    fused_qkv_rows_test.go:100: set GOINFER_HEAVY_TESTS=1 (loads a small model for a device context)
--- SKIP: TestFusedQKVRowsBitIdentical (0.00s)
=== RUN   TestFusedQKVRowsBench
    fused_qkv_rows_test.go:145: set GOINFER_HEAVY_TESTS=1 GOINFER_FQKV_BENCH=1
--- SKIP: TestFusedQKVRowsBench (0.00s)
=== RUN   TestFusedGURowsBitIdentical
    fused_qkv_rows_test.go:251: set GOINFER_HEAVY_TESTS=1
--- SKIP: TestFusedGURowsBitIdentical (0.00s)
=== RUN   TestFusedGUBench
    fused_qkv_rows_test.go:281: set GOINFER_HEAVY_TESTS=1 GOINFER_FGU_BENCH=1
--- SKIP: TestFusedGUBench (0.00s)
=== RUN   TestWaveRowsPerWarpFor
--- PASS: TestWaveRowsPerWarpFor (0.00s)
=== RUN   TestGeluQuantBatched_matchesCPUReference
    gelu_quant_test.go:62: gelu_quant_batched vs linalg.GELUTanhInto: cosine=0.999994
--- PASS: TestGeluQuantBatched_matchesCPUReference (0.00s)
=== RUN   TestGemmMMA_vsExact
=== RUN   TestGemmMMA_vsExact/S/gate-up
    gemm_mma_test.go:174: S/gate-up M=16  : max|delta|=3.052e-05  max|dst|=6.885e+01  rel=4.432e-07 (m=13 n=2582)
    gemm_mma_test.go:174: S/gate-up M=64  : max|delta|=2.289e-05  max|dst|=7.418e+01  rel=3.085e-07 (m=13 n=7703)
    gemm_mma_test.go:174: S/gate-up M=100 : max|delta|=2.289e-05  max|dst|=8.048e+01  rel=2.844e-07 (m=26 n=4538)
    gemm_mma_test.go:174: S/gate-up M=512 : max|delta|=2.289e-05  max|dst|=8.462e+01  rel=2.705e-07 (m=8 n=5415)
=== RUN   TestGemmMMA_vsExact/S/down
    gemm_mma_test.go:174: S/down M=16  : max|delta|=9.155e-05  max|dst|=1.657e+02  rel=5.527e-07 (m=15 n=338)
    gemm_mma_test.go:174: S/down M=64  : max|delta|=1.068e-04  max|dst|=1.777e+02  rel=6.010e-07 (m=11 n=1371)
    gemm_mma_test.go:174: S/down M=100 : max|delta|=1.373e-04  max|dst|=1.691e+02  rel=8.120e-07 (m=64 n=944)
    gemm_mma_test.go:174: S/down M=512 : max|delta|=1.373e-04  max|dst|=1.781e+02  rel=7.711e-07 (m=177 n=372)
=== RUN   TestGemmMMA_vsExact/S/fused-qkv
    gemm_mma_test.go:174: S/fused-qkv M=16  : max|delta|=1.526e-05  max|dst|=7.468e+01  rel=2.043e-07 (m=0 n=2000)
    gemm_mma_test.go:174: S/fused-qkv M=64  : max|delta|=1.907e-05  max|dst|=7.672e+01  rel=2.486e-07 (m=26 n=592)
    gemm_mma_test.go:174: S/fused-qkv M=100 : max|delta|=1.907e-05  max|dst|=7.176e+01  rel=2.658e-07 (m=8 n=1184)
    gemm_mma_test.go:174: S/fused-qkv M=512 : max|delta|=2.670e-05  max|dst|=8.186e+01  rel=3.262e-07 (m=85 n=1330)
=== RUN   TestGemmMMA_vsExact/D7/gate-up
    gemm_mma_test.go:174: D7/gate-up M=16  : max|delta|=4.578e-05  max|dst|=1.163e+02  rel=3.937e-07 (m=3 n=5442)
    gemm_mma_test.go:174: D7/gate-up M=64  : max|delta|=5.341e-05  max|dst|=1.237e+02  rel=4.319e-07 (m=52 n=10355)
    gemm_mma_test.go:174: D7/gate-up M=100 : max|delta|=6.866e-05  max|dst|=1.213e+02  rel=5.661e-07 (m=89 n=2651)
    gemm_mma_test.go:174: D7/gate-up M=512 : max|delta|=6.104e-05  max|dst|=1.463e+02  rel=4.172e-07 (m=99 n=8735)
=== RUN   TestGemmMMA_vsExact/D7/down
    gemm_mma_test.go:174: D7/down M=16  : max|delta|=2.060e-04  max|dst|=2.356e+02  rel=8.745e-07 (m=10 n=3353)
    gemm_mma_test.go:174: D7/down M=64  : max|delta|=2.441e-04  max|dst|=2.665e+02  rel=9.160e-07 (m=10 n=1881)
    gemm_mma_test.go:174: D7/down M=100 : max|delta|=2.594e-04  max|dst|=2.812e+02  rel=9.224e-07 (m=19 n=2506)
    gemm_mma_test.go:174: D7/down M=512 : max|delta|=3.052e-04  max|dst|=2.758e+02  rel=1.107e-06 (m=257 n=2717)
=== RUN   TestGemmMMA_vsExact/odd-N
    gemm_mma_test.go:174: odd-N M=16  : max|delta|=1.526e-05  max|dst|=6.379e+01  rel=2.392e-07 (m=2 n=299)
    gemm_mma_test.go:174: odd-N M=64  : max|delta|=1.907e-05  max|dst|=6.812e+01  rel=2.800e-07 (m=29 n=1223)
    gemm_mma_test.go:174: odd-N M=100 : max|delta|=1.907e-05  max|dst|=8.090e+01  rel=2.358e-07 (m=6 n=428)
    gemm_mma_test.go:174: odd-N M=512 : max|delta|=2.670e-05  max|dst|=8.031e+01  rel=3.325e-07 (m=405 n=1044)
--- PASS: TestGemmMMA_vsExact (3.04s)
    --- PASS: TestGemmMMA_vsExact/S/gate-up (0.25s)
    --- PASS: TestGemmMMA_vsExact/S/down (0.34s)
    --- PASS: TestGemmMMA_vsExact/S/fused-qkv (0.10s)
    --- PASS: TestGemmMMA_vsExact/D7/gate-up (1.09s)
    --- PASS: TestGemmMMA_vsExact/D7/down (1.17s)
    --- PASS: TestGemmMMA_vsExact/odd-N (0.09s)
=== RUN   TestGemmMMA_selectorKeepsExactBelowFloor
=== RUN   TestGemmMMA_selectorKeepsExactBelowFloor/below_the_M_floor
=== RUN   TestGemmMMA_selectorKeepsExactBelowFloor/at_the_M_floor
=== RUN   TestGemmMMA_selectorKeepsExactBelowFloor/int8_bundle_is_not_served
=== RUN   TestGemmMMA_selectorKeepsExactBelowFloor/K_not_a_multiple_of_32
=== RUN   TestGemmMMA_selectorKeepsExactBelowFloor/fast_prefill_off
--- PASS: TestGemmMMA_selectorKeepsExactBelowFloor (0.00s)
    --- PASS: TestGemmMMA_selectorKeepsExactBelowFloor/below_the_M_floor (0.00s)
    --- PASS: TestGemmMMA_selectorKeepsExactBelowFloor/at_the_M_floor (0.00s)
    --- PASS: TestGemmMMA_selectorKeepsExactBelowFloor/int8_bundle_is_not_served (0.00s)
    --- PASS: TestGemmMMA_selectorKeepsExactBelowFloor/K_not_a_multiple_of_32 (0.00s)
    --- PASS: TestGemmMMA_selectorKeepsExactBelowFloor/fast_prefill_off (0.00s)
=== RUN   TestFastPrefillFloor_selectorHonoursIt
=== RUN   TestFastPrefillFloor_selectorHonoursIt/short_prompt,_below_the_floor
=== RUN   TestFastPrefillFloor_selectorHonoursIt/exactly_at_the_floor
=== RUN   TestFastPrefillFloor_selectorHonoursIt/just_below_the_floor
=== RUN   TestFastPrefillFloor_selectorHonoursIt/long_prompt,_first_512-row_CHUNK_—_the_case_M_alone_gets_wrong
=== RUN   TestFastPrefillFloor_selectorHonoursIt/long_prompt,_short_FINAL_chunk
=== RUN   TestFastPrefillFloor_selectorHonoursIt/long_prompt,_chunk_below_the_mma_row_floor
--- PASS: TestFastPrefillFloor_selectorHonoursIt (0.00s)
    --- PASS: TestFastPrefillFloor_selectorHonoursIt/short_prompt,_below_the_floor (0.00s)
    --- PASS: TestFastPrefillFloor_selectorHonoursIt/exactly_at_the_floor (0.00s)
    --- PASS: TestFastPrefillFloor_selectorHonoursIt/just_below_the_floor (0.00s)
    --- PASS: TestFastPrefillFloor_selectorHonoursIt/long_prompt,_first_512-row_CHUNK_—_the_case_M_alone_gets_wrong (0.00s)
    --- PASS: TestFastPrefillFloor_selectorHonoursIt/long_prompt,_short_FINAL_chunk (0.00s)
    --- PASS: TestFastPrefillFloor_selectorHonoursIt/long_prompt,_chunk_below_the_mma_row_floor (0.00s)
=== RUN   TestGemma3ImgPrefillResidentReal_gate
    gemma3_img_prefill_resident_real_test.go:41: heavy-checkpoint test: set GOINFER_HEAVY_TESTS=1 to opt in (loads a multi-GB model from ~/models)
--- SKIP: TestGemma3ImgPrefillResidentReal_gate (0.00s)
=== RUN   TestGemma3ResidentReal_gate
    gemma3_resident_real_test.go:34: heavy-checkpoint test: set GOINFER_HEAVY_TESTS=1 to opt in (loads a multi-GB model from ~/models)
--- SKIP: TestGemma3ResidentReal_gate (0.00s)
=== RUN   TestGemma3VisionResidentReal_gate
    gemma3_vision_resident_real_test.go:39: heavy-checkpoint test: set GOINFER_HEAVY_TESTS=1 to opt in (loads a multi-GB model from ~/models)
--- SKIP: TestGemma3VisionResidentReal_gate (0.00s)
=== RUN   TestGemma4_26B_1bBound
    gemma4_26b_bound_test.go:26: GOINFER_HEAVY_TESTS unset — real 26B micro-bench
--- SKIP: TestGemma4_26B_1bBound (0.00s)
=== RUN   TestGemma4_26B_cache_B
    gemma4_26b_cache_test.go:49: GOINFER_HEAVY_TESTS unset — real 26B decode
--- SKIP: TestGemma4_26B_cache_B (0.00s)
=== RUN   TestGemma4DenseScaled_residentParity
    gemma4_dense_scaled_test.go:80: CUDA-resident vs CPU-int4 (both W4A8), DENSE: 16/4096 bit-identical (0.391%); of the 4080 differing — ULP distance median 3904496, p99 25257528, max 33177711; max relative gap 2
    gemma4_dense_scaled_test.go:80: CUDA-resident vs CPU-int4 (both W4A8), DENSE: of 16 bit-identical, 0 are the ARGMAX (0 of 16 positions) and 16 are elsewhere — e.g. pos0/logit0=0, pos1/logit0=0, pos2/logit0=0, pos3/logit0=0
    gemma4_dense_scaled_test.go:100:   pos  0  CUDA-vs-CPUint4 0.996219 | CPUint4-vs-f32 0.937372  argmax cuda=1 cpu4=1
    gemma4_dense_scaled_test.go:100:   pos  1  CUDA-vs-CPUint4 0.989037 | CPUint4-vs-f32 0.888419  argmax cuda=7 cpu4=7
    gemma4_dense_scaled_test.go:100:   pos  2  CUDA-vs-CPUint4 0.964981 | CPUint4-vs-f32 0.708814  argmax cuda=42 cpu4=42
    gemma4_dense_scaled_test.go:100:   pos  3  CUDA-vs-CPUint4 0.965980 | CPUint4-vs-f32 0.789315  argmax cuda=100 cpu4=100
    gemma4_dense_scaled_test.go:100:   pos  4  CUDA-vs-CPUint4 0.967612 | CPUint4-vs-f32 0.763300  argmax cuda=5 cpu4=5
    gemma4_dense_scaled_test.go:100:   pos  5  CUDA-vs-CPUint4 0.911416 | CPUint4-vs-f32 0.674131  argmax cuda=200 cpu4=200
    gemma4_dense_scaled_test.go:100:   pos  6  CUDA-vs-CPUint4 0.831845 | CPUint4-vs-f32 0.461504  argmax cuda=9 cpu4=13
    gemma4_dense_scaled_test.go:100:   pos  7  CUDA-vs-CPUint4 0.886588 | CPUint4-vs-f32 0.580801  argmax cuda=88 cpu4=88
    gemma4_dense_scaled_test.go:100:   pos  8  CUDA-vs-CPUint4 0.936348 | CPUint4-vs-f32 0.753446  argmax cuda=3 cpu4=3
    gemma4_dense_scaled_test.go:100:   pos  9  CUDA-vs-CPUint4 0.922580 | CPUint4-vs-f32 0.606424  argmax cuda=71 cpu4=71
    gemma4_dense_scaled_test.go:100:   pos 10  CUDA-vs-CPUint4 0.870858 | CPUint4-vs-f32 0.595494  argmax cuda=128 cpu4=128
    gemma4_dense_scaled_test.go:100:   pos 11  CUDA-vs-CPUint4 0.874677 | CPUint4-vs-f32 0.614097  argmax cuda=9 cpu4=9
    gemma4_dense_scaled_test.go:100:   pos 12  CUDA-vs-CPUint4 0.902132 | CPUint4-vs-f32 0.476571  argmax cuda=250 cpu4=250
    gemma4_dense_scaled_test.go:100:   pos 13  CUDA-vs-CPUint4 0.867439 | CPUint4-vs-f32 0.510836  argmax cuda=17 cpu4=17
    gemma4_dense_scaled_test.go:100:   pos 14  CUDA-vs-CPUint4 0.792439 | CPUint4-vs-f32 0.431599  argmax cuda=60 cpu4=60
    gemma4_dense_scaled_test.go:100:   pos 15  CUDA-vs-CPUint4 0.821406 | CPUint4-vs-f32 0.502142  argmax cuda=200 cpu4=200
    gemma4_dense_scaled_test.go:104: scaled dense (256-local): pos0=0.996219 exact-argmax 15/16 | mean CUDA-vs-CPUint4=0.906347  CPUint4-vs-f32=0.643391 (min floor 0.4316)
--- PASS: TestGemma4DenseScaled_residentParity (1.34s)
=== RUN   TestGemma4Graphs_bitExact_tiny
[cuda] CUDA graphs requested but DECLINED: compute mode DEFAULT and no active MPS — replay is bit-exact only under EXCLUSIVE_PROCESS tenancy or MPS (docs/cuda-graphs-investigation.md §5.1)
    gemma4_graphs_test.go:75: CUDA graphs not admitted on this box (DEFAULT compute mode, no MPS), so the graphs-ON arm would run the LIVE path and this gate would compare live-vs-live and pass having asserted nothing. admitGraphs only promotes under EXCLUSIVE_PROCESS/MPS tenancy; set GOINFER_CUDA_GRAPHS_UNSAFE=1 to force capture and make this gate mean something (docs/cuda-graphs-investigation.md §5.1)
--- SKIP: TestGemma4Graphs_bitExact_tiny (0.20s)
=== RUN   TestGemma4Graphs_bitExact_tinyCache
[cuda] CUDA graphs requested but DECLINED: compute mode DEFAULT and no active MPS — replay is bit-exact only under EXCLUSIVE_PROCESS tenancy or MPS (docs/cuda-graphs-investigation.md §5.1)
    gemma4_graphs_test.go:75: CUDA graphs not admitted on this box (DEFAULT compute mode, no MPS), so the graphs-ON arm would run the LIVE path and this gate would compare live-vs-live and pass having asserted nothing. admitGraphs only promotes under EXCLUSIVE_PROCESS/MPS tenancy; set GOINFER_CUDA_GRAPHS_UNSAFE=1 to force capture and make this gate mean something (docs/cuda-graphs-investigation.md §5.1)
--- SKIP: TestGemma4Graphs_bitExact_tinyCache (0.21s)
=== RUN   TestGemma4Graphs_bitExact_tinyCacheReuse
[cuda] CUDA graphs requested but DECLINED: compute mode DEFAULT and no active MPS — replay is bit-exact only under EXCLUSIVE_PROCESS tenancy or MPS (docs/cuda-graphs-investigation.md §5.1)
    gemma4_graphs_test.go:75: CUDA graphs not admitted on this box (DEFAULT compute mode, no MPS), so the graphs-ON arm would run the LIVE path and this gate would compare live-vs-live and pass having asserted nothing. admitGraphs only promotes under EXCLUSIVE_PROCESS/MPS tenancy; set GOINFER_CUDA_GRAPHS_UNSAFE=1 to force capture and make this gate mean something (docs/cuda-graphs-investigation.md §5.1)
--- SKIP: TestGemma4Graphs_bitExact_tinyCacheReuse (0.19s)
=== RUN   TestGemma4Graphs_sameModelUnderLoad
[cuda] CUDA graphs requested but DECLINED: compute mode DEFAULT and no active MPS — replay is bit-exact only under EXCLUSIVE_PROCESS tenancy or MPS (docs/cuda-graphs-investigation.md §5.1)
    gemma4_graphs_test.go:139: CUDA graphs not admitted on this box (DEFAULT compute mode, no MPS) — this replay-vs-live test needs a captured graph, which admitGraphs only promotes under EXCLUSIVE_PROCESS/MPS tenancy; set GOINFER_CUDA_GRAPHS_UNSAFE=1 to force it (docs/cuda-graphs-investigation.md §5.1)
--- SKIP: TestGemma4Graphs_sameModelUnderLoad (0.08s)
=== RUN   TestGemma4Graphs_offVsOffControl
    gemma4_graphs_test.go:208: control: two graphs-OFF runs BIT-IDENTICAL (40 pos) — the live forward is deterministic under this load
--- PASS: TestGemma4Graphs_offVsOffControl (0.19s)
=== RUN   TestGemma4Graphs_bitExact_scaled
[cuda] CUDA graphs requested but DECLINED: compute mode DEFAULT and no active MPS — replay is bit-exact only under EXCLUSIVE_PROCESS tenancy or MPS (docs/cuda-graphs-investigation.md §5.1)
    gemma4_graphs_test.go:75: CUDA graphs not admitted on this box (DEFAULT compute mode, no MPS), so the graphs-ON arm would run the LIVE path and this gate would compare live-vs-live and pass having asserted nothing. admitGraphs only promotes under EXCLUSIVE_PROCESS/MPS tenancy; set GOINFER_CUDA_GRAPHS_UNSAFE=1 to force capture and make this gate mean something (docs/cuda-graphs-investigation.md §5.1)
--- SKIP: TestGemma4Graphs_bitExact_scaled (10.46s)
=== RUN   TestGemma4MoE_cacheExpertsBitExact_tiny
    gemma4_moe_cache_test.go:104: C′ VRAM expert cache (16 pos, ../testdata/gemma4-moe-tiny): DMA'd-into-slots == fully-resident, BIT-IDENTICAL — unmodified kernel, no moe.ptx change
--- PASS: TestGemma4MoE_cacheExpertsBitExact_tiny (0.21s)
=== RUN   TestGemma4MoE_cacheReuse_tiny
    gemma4_moe_cache_test.go:104: C′ VRAM expert cache (16 pos, ../testdata/gemma4-moe-tiny): DMA'd-into-slots == fully-resident, BIT-IDENTICAL — unmodified kernel, no moe.ptx change
--- PASS: TestGemma4MoE_cacheReuse_tiny (0.22s)
=== RUN   TestGemma4MoE_cacheExpertsBitExact_scaled
    gemma4_moe_cache_test.go:104: C′ VRAM expert cache (16 pos, ../testdata/gemma4-moe-scaled): DMA'd-into-slots == fully-resident, BIT-IDENTICAL — unmodified kernel, no moe.ptx change
--- PASS: TestGemma4MoE_cacheExpertsBitExact_scaled (10.35s)
=== RUN   TestGemma4MoE_cacheReuse_scaled
    gemma4_moe_cache_test.go:104: C′ VRAM expert cache (16 pos, ../testdata/gemma4-moe-scaled): DMA'd-into-slots == fully-resident, BIT-IDENTICAL — unmodified kernel, no moe.ptx change
--- PASS: TestGemma4MoE_cacheReuse_scaled (10.31s)
=== RUN   TestGemma4MoE_localize
    gemma4_moe_localize_test.go:77:   rn   decision 0: cosine 0.995146 maxAbs 3.3973e+00 (UNSCALED vs scaled — not gated; wgt subsumes it)
    gemma4_moe_localize_test.go:77:   rn   decision 1: cosine 0.995632 maxAbs 2.8069e+00 (UNSCALED vs scaled — not gated; wgt subsumes it)
    gemma4_moe_localize_test.go:83:   wgt  decision 0: cosine 0.999931 maxAbs 1.0209e-02
    gemma4_moe_localize_test.go:83:   wgt  decision 1: cosine 0.999576 maxAbs 1.0679e-02
    gemma4_moe_localize_test.go:83:   x1   decision 0: cosine 0.999487 maxAbs 1.0388e-01
    gemma4_moe_localize_test.go:83:   x1   decision 1: cosine 0.998969 maxAbs 1.4889e-01
    gemma4_moe_localize_test.go:83:   x2   decision 0: cosine 0.999388 maxAbs 9.4135e-02
    gemma4_moe_localize_test.go:83:   x2   decision 1: cosine 0.999437 maxAbs 1.0881e-01
--- PASS: TestGemma4MoE_localize (0.16s)
=== RUN   TestGemma4MoE_residentParity
    gemma4_moe_resident_test.go:109:   pos  0  CUDA-vs-CPUint4 0.999553 | CPUint4-vs-f32 0.958687  argmax cuda=216 cpu4=216
    gemma4_moe_resident_test.go:109:   pos  1  CUDA-vs-CPUint4 0.997345 | CPUint4-vs-f32 0.843061  argmax cuda=63 cpu4=53
    gemma4_moe_resident_test.go:109:   pos  2  CUDA-vs-CPUint4 0.970603 | CPUint4-vs-f32 0.932860  argmax cuda=200 cpu4=42
    gemma4_moe_resident_test.go:109:   pos  3  CUDA-vs-CPUint4 0.959064 | CPUint4-vs-f32 0.835814  argmax cuda=100 cpu4=100
    gemma4_moe_resident_test.go:109:   pos  4  CUDA-vs-CPUint4 0.971884 | CPUint4-vs-f32 0.868470  argmax cuda=42 cpu4=42
    gemma4_moe_resident_test.go:109:   pos  5  CUDA-vs-CPUint4 0.939852 | CPUint4-vs-f32 0.807283  argmax cuda=200 cpu4=200
    gemma4_moe_resident_test.go:109:   pos  6  CUDA-vs-CPUint4 0.982561 | CPUint4-vs-f32 0.793088  argmax cuda=84 cpu4=111
    gemma4_moe_resident_test.go:109:   pos  7  CUDA-vs-CPUint4 0.870476 | CPUint4-vs-f32 0.888191  argmax cuda=88 cpu4=88
    gemma4_moe_resident_test.go:109:   pos  8  CUDA-vs-CPUint4 0.969088 | CPUint4-vs-f32 0.795383  argmax cuda=3 cpu4=3
    gemma4_moe_resident_test.go:109:   pos  9  CUDA-vs-CPUint4 0.906913 | CPUint4-vs-f32 0.956554  argmax cuda=71 cpu4=71
    gemma4_moe_resident_test.go:109:   pos 10  CUDA-vs-CPUint4 0.980550 | CPUint4-vs-f32 0.957361  argmax cuda=231 cpu4=99
    gemma4_moe_resident_test.go:109:   pos 11  CUDA-vs-CPUint4 0.959448 | CPUint4-vs-f32 0.950940  argmax cuda=9 cpu4=161
    gemma4_moe_resident_test.go:109:   pos 12  CUDA-vs-CPUint4 0.894127 | CPUint4-vs-f32 0.789864  argmax cuda=150 cpu4=150
    gemma4_moe_resident_test.go:109:   pos 13  CUDA-vs-CPUint4 0.961720 | CPUint4-vs-f32 0.829662  argmax cuda=17 cpu4=243
    gemma4_moe_resident_test.go:109:   pos 14  CUDA-vs-CPUint4 0.977967 | CPUint4-vs-f32 0.833103  argmax cuda=219 cpu4=87
    gemma4_moe_resident_test.go:109:   pos 15  CUDA-vs-CPUint4 0.871730 | CPUint4-vs-f32 0.943767  argmax cuda=144 cpu4=104
    gemma4_moe_resident_test.go:165: routing agreement: resident idx == CPU-int4 idx at ALL 32 decisions — pure accumulation, no flip
    gemma4_moe_resident_test.go:179: gemma4 MoE resident (16 pos): pos0=0.999553 | mean CUDA-vs-CPUint4=0.950805  CPUint4-vs-f32=0.874006
--- PASS: TestGemma4MoE_residentParity (0.16s)
=== RUN   TestGemma4MoEScaled_residentParity
    gemma4_moe_scaled_parity_test.go:105: CUDA-resident vs CPU-int4 (both W4A8): 16/65536 bit-identical (0.024%); of the 65520 differing — ULP distance median 2460456, p99 22824314, max 33347093; max relative gap 2
    gemma4_moe_scaled_parity_test.go:105: CUDA-resident vs CPU-int4 (both W4A8): of 16 bit-identical, 0 are the ARGMAX (0 of 16 positions) and 16 are elsewhere — e.g. pos0/logit0=0, pos1/logit0=0, pos2/logit0=0, pos3/logit0=0
    gemma4_moe_scaled_parity_test.go:118:   pos  0  CUDA-vs-CPUint4 0.998613 | CPUint4-vs-f32 0.981819  argmax cuda=1 cpu4=1
    gemma4_moe_scaled_parity_test.go:118:   pos  1  CUDA-vs-CPUint4 0.984723 | CPUint4-vs-f32 0.928411  argmax cuda=7 cpu4=7
    gemma4_moe_scaled_parity_test.go:118:   pos  2  CUDA-vs-CPUint4 0.984853 | CPUint4-vs-f32 0.862506  argmax cuda=42 cpu4=42
    gemma4_moe_scaled_parity_test.go:118:   pos  3  CUDA-vs-CPUint4 0.982874 | CPUint4-vs-f32 0.836402  argmax cuda=100 cpu4=100
    gemma4_moe_scaled_parity_test.go:118:   pos  4  CUDA-vs-CPUint4 0.979754 | CPUint4-vs-f32 0.877264  argmax cuda=5 cpu4=5
    gemma4_moe_scaled_parity_test.go:118:   pos  5  CUDA-vs-CPUint4 0.959760 | CPUint4-vs-f32 0.831434  argmax cuda=200 cpu4=200
    gemma4_moe_scaled_parity_test.go:118:   pos  6  CUDA-vs-CPUint4 0.909734 | CPUint4-vs-f32 0.748897  argmax cuda=13 cpu4=13
    gemma4_moe_scaled_parity_test.go:118:   pos  7  CUDA-vs-CPUint4 0.944474 | CPUint4-vs-f32 0.839254  argmax cuda=88 cpu4=88
    gemma4_moe_scaled_parity_test.go:118:   pos  8  CUDA-vs-CPUint4 0.982438 | CPUint4-vs-f32 0.880444  argmax cuda=3 cpu4=3
    gemma4_moe_scaled_parity_test.go:118:   pos  9  CUDA-vs-CPUint4 0.977848 | CPUint4-vs-f32 0.829816  argmax cuda=71 cpu4=71
    gemma4_moe_scaled_parity_test.go:118:   pos 10  CUDA-vs-CPUint4 0.921006 | CPUint4-vs-f32 0.798110  argmax cuda=128 cpu4=128
    gemma4_moe_scaled_parity_test.go:118:   pos 11  CUDA-vs-CPUint4 0.968677 | CPUint4-vs-f32 0.836546  argmax cuda=9 cpu4=9
    gemma4_moe_scaled_parity_test.go:118:   pos 12  CUDA-vs-CPUint4 0.993908 | CPUint4-vs-f32 0.829494  argmax cuda=250 cpu4=250
    gemma4_moe_scaled_parity_test.go:118:   pos 13  CUDA-vs-CPUint4 0.961553 | CPUint4-vs-f32 0.851855  argmax cuda=17 cpu4=17
    gemma4_moe_scaled_parity_test.go:118:   pos 14  CUDA-vs-CPUint4 0.913838 | CPUint4-vs-f32 0.767732  argmax cuda=60 cpu4=60
    gemma4_moe_scaled_parity_test.go:118:   pos 15  CUDA-vs-CPUint4 0.963893 | CPUint4-vs-f32 0.793888  argmax cuda=200 cpu4=200
    gemma4_moe_scaled_parity_test.go:122: scaled MoE (hidden 2816, moe_inter 704, 32 experts top-8, 4 layers): pos0=0.998613 exact-argmax 16/16 | mean CUDA-vs-CPUint4=0.964247  CPUint4-vs-f32=0.843367
--- PASS: TestGemma4MoEScaled_residentParity (10.83s)
=== RUN   TestGemma4Router_residentIdxParity
    gemma4_router_parity_test.go:150: router idx parity: 16/16 decisions bit-equal (CPU f32 router vs resident gemv_f32_f32, pure f32, no activation quant) — routing retired from the resident suspect list at any expert count
--- PASS: TestGemma4Router_residentIdxParity (0.04s)
=== RUN   TestGemma4_perExpertScaleFold
    gemma4_router_parity_test.go:212: per-expert-scale fold: [0.6 0.4] * scale[[2 0]] = [1.2 0.6] (matches CPU)
--- PASS: TestGemma4_perExpertScaleFold (0.00s)
=== RUN   TestGemma4Expert_geluTanhChain
    gemma4_router_parity_test.go:340: single-expert gelu-tanh chain vs CPU: cosine=0.999997 | SiLU control=0.996271
--- PASS: TestGemma4Expert_geluTanhChain (0.03s)
=== RUN   TestGemma4_rmsnormNW_scaleVec
    gemma4_router_parity_test.go:442: rmsnorm_nw + scale_vec vs CPU: maxRelErr=0.00e+00, input preserved
--- PASS: TestGemma4_rmsnormNW_scaleVec (0.00s)
=== RUN   TestGemma4DenseTwoGeom_residentParity
    gemma4_twogeom_parity_test.go:69:   pos  0 cosine 0.982972 maxAbs 1.8835e-01  argmax cpu=183 cuda=183
    gemma4_twogeom_parity_test.go:69:   pos  1 cosine 0.982401 maxAbs 2.0214e-01  argmax cpu=7 cuda=7
    gemma4_twogeom_parity_test.go:69:   pos  2 cosine 0.993376 maxAbs 1.2050e-01  argmax cpu=42 cuda=42
    gemma4_twogeom_parity_test.go:69:   pos  3 cosine 0.994711 maxAbs 1.1565e-01  argmax cpu=107 cuda=107
    gemma4_twogeom_parity_test.go:69:   pos  4 cosine 0.992565 maxAbs 1.2988e-01  argmax cpu=5 cuda=5
    gemma4_twogeom_parity_test.go:69:   pos  5 cosine 0.992313 maxAbs 1.1435e-01  argmax cpu=179 cuda=179
    gemma4_twogeom_parity_test.go:69:   pos  6 cosine 0.977186 maxAbs 2.0571e-01  argmax cpu=13 cuda=13
    gemma4_twogeom_parity_test.go:69:   pos  7 cosine 0.992357 maxAbs 1.3362e-01  argmax cpu=67 cuda=67
    gemma4_twogeom_parity_test.go:83: two-geometry K=V resident parity: minCosine=0.977186 maxAbs=2.0571e-01 exact-argmax 8/8
--- PASS: TestGemma4DenseTwoGeom_residentParity (0.14s)
=== RUN   TestGemma4VLResident_bidirParity
    gemma4_vl_resident_parity_test.go:127: CUDA-resident vs CPU-int4 (both W4A8), bidirectional-block prefill -> decode: 6/1536 bit-identical (0.391%); of the 1530 differing — ULP distance median 5228740, p99 27039625, max 32623839; max relative gap 2
    gemma4_vl_resident_parity_test.go:127: CUDA-resident vs CPU-int4 (both W4A8), bidirectional-block prefill -> decode: of 6 bit-identical, 0 are the ARGMAX (0 of 6 positions) and 6 are elsewhere — e.g. pos0/logit0=0, pos1/logit0=0, pos2/logit0=0, pos3/logit0=0
    gemma4_vl_resident_parity_test.go:147:   decode step  0  CUDA-vs-CPUint4 0.909237 | CPUint4-vs-f32 0.704084  argmax cuda=5 cpu4=5
    gemma4_vl_resident_parity_test.go:147:   decode step  1  CUDA-vs-CPUint4 0.949077 | CPUint4-vs-f32 0.715295  argmax cuda=5 cpu4=5
    gemma4_vl_resident_parity_test.go:147:   decode step  2  CUDA-vs-CPUint4 0.794408 | CPUint4-vs-f32 0.720946  argmax cuda=5 cpu4=5
    gemma4_vl_resident_parity_test.go:147:   decode step  3  CUDA-vs-CPUint4 0.877945 | CPUint4-vs-f32 0.669294  argmax cuda=5 cpu4=5
    gemma4_vl_resident_parity_test.go:147:   decode step  4  CUDA-vs-CPUint4 0.778504 | CPUint4-vs-f32 0.603606  argmax cuda=5 cpu4=5
    gemma4_vl_resident_parity_test.go:147:   decode step  5  CUDA-vs-CPUint4 0.796632 | CPUint4-vs-f32 0.647905  argmax cuda=5 cpu4=5
    gemma4_vl_resident_parity_test.go:151: bidirectional-prefill resident bridge (256-local/512-global, K=V): pos0(decode-step-0)=0.909237 exact-argmax 6/6 | mean CUDA-vs-CPUint4=0.850967  CPUint4-vs-f32=0.676855 (min floor 0.6036)
--- PASS: TestGemma4VLResident_bidirParity (1.44s)
=== RUN   TestGemmaBOSBuild
    gemma_bos_build_test.go:22: heavy-checkpoint test: set GOINFER_HEAVY_TESTS=1 to opt in (loads a multi-GB model from ~/models)
--- SKIP: TestGemmaBOSBuild (0.00s)
=== RUN   TestGemmaOutlierTrace
    gemma_outlier_trace_test.go:59: heavy-checkpoint test: set GOINFER_HEAVY_TESTS=1 to opt in (loads a multi-GB model from ~/models)
--- SKIP: TestGemmaOutlierTrace (0.00s)
=== RUN   TestGemma3ResidentParity
    gemma_parity_test.go:20: heavy-checkpoint test: set GOINFER_HEAVY_TESTS=1 to opt in (loads a multi-GB model from ~/models)
--- SKIP: TestGemma3ResidentParity (0.00s)
=== RUN   TestDenseResidentParity
    gemma_parity_test.go:29: heavy-checkpoint test: set GOINFER_HEAVY_TESTS=1 to opt in (loads a multi-GB model from ~/models)
--- SKIP: TestDenseResidentParity (0.00s)
=== RUN   TestGemmaSublayerCUDA
    gemma_sublayer_cuda_test.go:42: heavy-checkpoint test: set GOINFER_HEAVY_TESTS=1 to opt in (loads a multi-GB model from ~/models)
--- SKIP: TestGemmaSublayerCUDA (0.00s)
=== RUN   TestGemmaContextCUDA
    gemma_sublayer_cuda_test.go:143: heavy-checkpoint test: set GOINFER_HEAVY_TESTS=1 to opt in (loads a multi-GB model from ~/models)
--- SKIP: TestGemmaContextCUDA (0.00s)
=== RUN   TestGemvW8A8Bandwidth
    gemv_bw_test.go:162: W8A8 GEMV [8960×1536] correct (cosine 1.000000 vs CPU ref):
    gemv_bw_test.go:163:   kernel 36.4 us | weight read 13.76 MB | 378 GB/s = 84% of ~448 GB/s peak
    gemv_bw_test.go:165:   (WebGPU decode sits ~37% of peak — a hand quant GEMV clearing that is the 'lane is real' signal)
--- PASS: TestGemvW8A8Bandwidth (0.06s)
=== RUN   TestGemvRN_bitIdentical
    gemv_rn_test.go:155: N=  20 K=1536: gemv_w4a8_rn == gemv_w4a8_fwd BIT-IDENTICAL (RN=2 MT=16)
    gemv_rn_test.go:155: N=  23 K=8960: gemv_w4a8_rn == gemv_w4a8_fwd BIT-IDENTICAL (RN=2 MT=16)
    gemv_rn_test.go:155: N=1536 K= 512: gemv_w4a8_rn == gemv_w4a8_fwd BIT-IDENTICAL (RN=2 MT=16)
--- PASS: TestGemvRN_bitIdentical (0.08s)
=== RUN   TestGemvRNBandwidth
    gemv_rn_test.go:165: set GOINFER_HEAVY_TESTS=1
--- SKIP: TestGemvRNBandwidth (0.00s)
=== RUN   TestGemvW8A8Batched_bitIdentical
    gemv_w8a8_batched_test.go:166: M=1: 20 elements bit-identical to gemv_w8a8_fwd
    gemv_w8a8_batched_test.go:166: M=8: 160 elements bit-identical to gemv_w8a8_fwd
    gemv_w8a8_batched_test.go:166: M=45: 900 elements bit-identical to gemv_w8a8_fwd
    gemv_w8a8_batched_test.go:166: M=100: 2000 elements bit-identical to gemv_w8a8_fwd
--- PASS: TestGemvW8A8Batched_bitIdentical (0.01s)
=== RUN   TestGeometryPortIsLive
    geometry_port_test.go:26: heavy-checkpoint test: set GOINFER_HEAVY_TESTS=1 to opt in (loads a multi-GB model from ~/models)
--- SKIP: TestGeometryPortIsLive (0.00s)
=== RUN   TestGLMResidentParity
=== RUN   TestGLMResidentParity/../testdata/glm-tiny
    glm_parity_test.go:113: GLM resident vs CPU: 12/12 exact | worst near-tie 0.000% | hard fails 0 | min cosine 0.999727
=== RUN   TestGLMResidentParity/../testdata/glm-tiny-bias
    glm_parity_test.go:113: GLM resident vs CPU: 12/12 exact | worst near-tie 0.000% | hard fails 0 | min cosine 0.999927
--- PASS: TestGLMResidentParity (0.11s)
    --- PASS: TestGLMResidentParity/../testdata/glm-tiny (0.06s)
    --- PASS: TestGLMResidentParity/../testdata/glm-tiny-bias (0.05s)
=== RUN   TestGluQuantBlockSizeInvariant
    glu_quant_blocksize_test.go:23: set GOINFER_HEAVY_TESTS=1 (loads a small model for a device context)
--- SKIP: TestGluQuantBlockSizeInvariant (0.00s)
=== RUN   TestGocudrvLayerA
    gocudrv_proof_test.go:149: Layer A OK — cgo-free JIT+launch+event-time verified on the 2070 SUPER:
    gocudrv_proof_test.go:150:   JIT cold-start (LoadModule of embedded PTX): 0.33 ms — does not wreck boot
    gocudrv_proof_test.go:151:   per-dispatch CPU cost (gocudrv channel-hop + cuLaunchKernel, async burst, best of 8×500): 5.57 us
    gocudrv_proof_test.go:152:   one dependent synced launch (record→launch→sync, idle GPU incl. wake-up): 14.46 us
    gocudrv_proof_test.go:153:   ⇒ both are launch-bound (trivial-kernel compute <1us); at ~13 dispatches/layer this per-dispatch
    gocudrv_proof_test.go:154:      tax is exactly what collapsing to ~1-3 super-kernels/layer amortizes. Real GPU decode time = Phase 2.
--- PASS: TestGocudrvLayerA (0.03s)
=== RUN   TestGptOssAct_matchesReference
    gptoss_act_test.go:83: clamp coverage: 75 elements over +limit, 74 under -limit
    gptoss_act_test.go:162: clamped-SwiGLU: scale 0.440942, max|diff| 2.177e-01 (one int8 step = 4.409e-01)
--- PASS: TestGptOssAct_matchesReference (0.00s)
=== RUN   TestRouteGptOss_matchesReference
    gptoss_act_test.go:274: route_gptoss: idx [30 31 2 9] (bias promoted expert 30/31), weights [0.8333302 0.15508647 0.005814606 0.005768763]
--- PASS: TestRouteGptOss_matchesReference (0.00s)
=== RUN   TestGptOssExpertCacheAB
    gptoss_cache_ab_test.go:105: gpt-oss expert cache A/B: 8 steps bit-identical with slots=3 (asserted) vs all-resident
--- PASS: TestGptOssExpertCacheAB (0.09s)
=== RUN   TestGptOssResidentParityCUDA
    gptoss_real20b_test.go:34: heavy-checkpoint test: set GOINFER_HEAVY_TESTS=1 (loads a 12 GB model)
--- SKIP: TestGptOssResidentParityCUDA (0.00s)
=== RUN   TestCUDA_graphReplayBound
    graph_bound_test.go:128: K=16 launches/segment
    graph_bound_test.go:129:   live chain:   184.21 µs/iter  (11.51 µs/launch)
    graph_bound_test.go:130:   graph replay: 15.09 µs/iter  (12.21× cheaper than live)
    graph_bound_test.go:131:   saved/segment: 169.11 µs
    graph_bound_test.go:138:   projection (48 layers × 3 segments = 144 replays/token): ~24.4 ms/token reclaimed
    graph_bound_test.go:141:   VERDICT: replay is 12.2× cheaper — the crossing collapse is REAL. The restructure is justified; proceed to launchToken segmentation. Projected ~24 ms/token off a ~59 ms budget ≈ 1.70× speedup.
--- PASS: TestCUDA_graphReplayBound (4.11s)
=== RUN   TestGemma4Graphs_locateDivergence
[cuda] CUDA graphs requested but DECLINED: compute mode DEFAULT and no active MPS — replay is bit-exact only under EXCLUSIVE_PROCESS tenancy or MPS (docs/cuda-graphs-investigation.md §5.1)
    graph_locate_test.go:20: CUDA graphs not admitted on this box (DEFAULT compute mode, no MPS) — locating replay divergence needs a captured graph, only promoted under EXCLUSIVE_PROCESS/MPS tenancy; set GOINFER_CUDA_GRAPHS_UNSAFE=1 to force it (docs/cuda-graphs-investigation.md §5.1)
--- SKIP: TestGemma4Graphs_locateDivergence (0.07s)
=== RUN   TestCUDA_graphLiveNoSyncOrdering
    graph_nosync_test.go:94: live<->graph NO-SYNC chains ×400 (N=20 steps, want 1048575): 0 divergent, first got=0
--- PASS: TestCUDA_graphLiveNoSyncOrdering (0.31s)
=== RUN   TestCUDA_graphSegAIsolated
    graph_segisolate_test.go:100: segA isolated ×2000 replays (qDim=64): 0 divergent replays, first maxAbsDiff=0
--- PASS: TestCUDA_graphSegAIsolated (0.19s)
=== RUN   TestCUDA_graphSharedMemHazard
    graph_sharedmem_test.go:84: elementwise(fScaleVec): 0/256 elems differ, maxAbsDiff=0 (graph vs live)
    graph_sharedmem_test.go:84: reduction(fRms): 0/64 elems differ, maxAbsDiff=0 (graph vs live)
    graph_sharedmem_test.go:130: SUMMARY: elementwise mismatches=0, reduction mismatches=0 (run under churn to expose the class)
--- PASS: TestCUDA_graphSharedMemHazard (0.05s)
=== RUN   TestGraphsSafeGate
[cuda] CUDA graphs requested but DECLINED: compute mode DEFAULT and no active MPS — replay is bit-exact only under EXCLUSIVE_PROCESS tenancy or MPS (docs/cuda-graphs-investigation.md §5.1)
    graphs_safe_test.go:45: DEFAULT box, GRAPHS=1: tenancy UNSAFE (compute mode DEFAULT and no active MPS — replay is bit-exact only under EXCLUSIVE_PROCESS tenancy or MPS (docs/cuda-graphs-investigation.md §5.1)) → graphs DECLINED (live path) ✓
[cuda] CUDA graphs FORCED (GOINFER_CUDA_GRAPHS_UNSAFE) despite: compute mode DEFAULT and no active MPS — replay is bit-exact only under EXCLUSIVE_PROCESS tenancy or MPS (docs/cuda-graphs-investigation.md §5.1) — replay may not be bit-exact under context contention
    graphs_safe_test.go:54: UNSAFE override: graphs FORCED on + startup self-test bit-exact ✓
--- PASS: TestGraphsSafeGate (0.05s)
=== RUN   TestGraphsDecodeSpeedup
    graphs_speed_test.go:23: set GOINFER_HEAVY_TESTS=1 (loads a 1.5B model)
--- SKIP: TestGraphsDecodeSpeedup (0.00s)
=== RUN   TestGraphsDecode26B
    graphs_speed_test.go:99: set GOINFER_HEAVY_TESTS=1 (loads the real 26B four times)
--- SKIP: TestGraphsDecode26B (0.00s)
=== RUN   TestGumbelDeviceAgreesWithHost
    gumbel_test.go:29: set GOINFER_HEAVY_TESTS=1 (loads a 0.5B model for the compiled gumbel kernels)
--- SKIP: TestGumbelDeviceAgreesWithHost (0.00s)
=== RUN   TestResidentHiddenCapture
    hidden_capture_test.go:28: heavy-checkpoint test: set GOINFER_HEAVY_TESTS=1 to opt in (loads a multi-GB model from ~/models)
--- SKIP: TestResidentHiddenCapture (0.00s)
=== RUN   TestHiddenLastResidentParityCUDA
    hiddenlast_resident_parity_test.go:81: HiddenLast over 24 tokens: cosine=0.99997382 maxAbs=0.0121188
    hiddenlast_resident_parity_test.go:99: HiddenLast over 8 tokens (2nd, after Reset): cosine=0.99998952 maxAbs=0.00841254
--- PASS: TestHiddenLastResidentParityCUDA (0.03s)
=== RUN   TestKernelFMALint
    kernel_fma_lint_test.go:127: all float MACs in 28 contracted kernels are explicit intrinsics ✓
--- PASS: TestKernelFMALint (0.05s)
=== RUN   TestKernelFMALint_coversEmbeddedPTX
    kernel_fma_lint_test.go:160: exempt: moe.cu — MoE PTX frozen at audited NVRTC 12.6.85 (re-pinned 2026-09-10, M-35): bare MACs, not FMA-linted
    kernel_fma_lint_test.go:166: 29 embedded PTX kernels: 28 linted, 1 exempt
--- PASS: TestKernelFMALint_coversEmbeddedPTX (0.00s)
=== RUN   TestKernelLocalMemoryCensus
    kernel_local_memory_test.go:81: device: 40 SMs x 1024 max threads/SM = 40960 resident threads
    kernel_local_memory_test.go:128: module                 kernel                        local/thr   SMs*maxT*local
    kernel_local_memory_test.go:135: gptoss_act.ptx         route_gptoss                       4608        188743680  (180.0 MiB)
    kernel_local_memory_test.go:135: moe.ptx                moe_route                          4416        180879360  (172.5 MiB)
    kernel_local_memory_test.go:135: gemv_fwd.ptx           rope_kv                              32          1310720  (1.2 MiB)
    kernel_local_memory_test.go:135: prefill_batched.ptx    rope_kv_batched                      32          1310720  (1.2 MiB)
    kernel_local_memory_test.go:135: rope_mrope_prefill.ptx rope_kv_mrope_batched                32          1310720  (1.2 MiB)
    kernel_local_memory_test.go:135: mla.ptx                mla_q_rope                           32          1310720  (1.2 MiB)
    kernel_local_memory_test.go:135: mla.ptx                mla_latent_store                     32          1310720  (1.2 MiB)
    kernel_local_memory_test.go:138: 114 entry points across 29 modules; 7 declare per-thread local memory
    kernel_local_memory_test.go:148: EXAMINED: 29 module(s) — gemv_fwd.ptx gemv_w8a8_batched.ptx prefill_batched.ptx decode_splitkv.ptx deltanet.ptx gptoss_act.ptx actgroup.ptx gemv_w4a8_rn.ptx glue.ptx argmax.ptx topk.ptx gumbel.ptx decode_fa.ptx lora.ptx attn_block.ptx attn_img_prefill.ptx rope_mrope_prefill.ptx layernorm_quant.ptx gelu_quant.ptx attn_fused.ptx attn_fused_bm.ptx attn_fused_vit.ptx gemm_w4a8_mma.ptx moe.ptx router_f32.ptx fused_qkv.ptx fused_qkv_rows.ptx fused_gu_rows.ptx mla.ptx. Derived straight from kernels.go's //go:embed list, so this line names exactly what that list currently contains.
    kernel_local_memory_test.go:161: SUM of per-kernel backing stores at full occupancy: 376176640 B (358.8 MiB) — an UPPER BOUND on the deferred cost, not a prediction: the driver may share or reuse a backing store across kernels, and nothing here shows that it allocates them all simultaneously
    kernel_local_memory_test.go:258: moe_route: local 4416 B/thread, naive form predicts 180879360 B, MEASURED 138412032 B (ratio 0.7652)
    kernel_local_memory_test.go:261:   => the naive multiplier does NOT reproduce the measurement. The occupancy factor is not SMs x maxThreadsPerSM (40 x 1024); proportionality in local-bytes is therefore UNVERIFIED, and any 'halving MOE_MAX_E halves the cost' claim must be measured by building at 256 rather than derived from this form.
--- PASS: TestKernelLocalMemoryCensus (0.05s)
=== RUN   TestCUDAKVSlots_interleavedMatchesAlone
=== RUN   TestCUDAKVSlots_interleavedMatchesAlone/llama-tiny
    kv_slots_test.go:146: A: ids per turn alone [[73 48 73 73 96 96 96 96] [96 96 96 96 96 96 96 96] [96 96 96 96 96 96 96 96]]; reused per turn alone [0 15 25], interleaved on 2 slots [0 15 25], interleaved on 1 slot [0 3 3]
    kv_slots_test.go:146: B: ids per turn alone [[191 253 73 253 73 253 73 253] [73 253 73 253 73 253 73 96] [238 96 96 96 96 96 96 96]]; reused per turn alone [0 15 25], interleaved on 2 slots [0 15 25], interleaved on 1 slot [3 3 3]
=== RUN   TestCUDAKVSlots_interleavedMatchesAlone/mistral-tiny-window
    kv_slots_test.go:146: A: ids per turn alone [[113 113 113 113 113 117 91 117] [117 91 91 93 91 93 93 93] [32 32 88 11 30 11 11 11]]; reused per turn alone [0 15 25], interleaved on 2 slots [0 15 25], interleaved on 1 slot [0 3 3]
    kv_slots_test.go:146: B: ids per turn alone [[40 40 40 123 113 40 123 125] [123 7 123 94 7 82 82 82] [82 40 40 40 40 40 40 15]]; reused per turn alone [0 15 25], interleaved on 2 slots [0 15 25], interleaved on 1 slot [3 3 3]
=== RUN   TestCUDAKVSlots_interleavedMatchesAlone/deepseek-tiny
goinfer: batched prefill declined for a 14-token prompt, falling back to the per-token path (slower TTFT; each distinct reason is reported once): cuda prefill: absent/unquantized weight at layer 0 needs the sequential path: cuda prefill: batched path declined (arch/geometry)
    kv_slots_test.go:146: A: ids per turn alone [[106 69 89 120 34 51 95 42] [120 34 51 105 45 28 79 51] [58 89 120 35 52 95 42 58]]; reused per turn alone [0 15 25], interleaved on 2 slots [0 15 25], interleaved on 1 slot [0 3 3]
    kv_slots_test.go:146: B: ids per turn alone [[81 4 40 32 82 115 17 90] [54 52 95 108 52 95 108 52] [58 88 36 38 18 90 13 106]]; reused per turn alone [0 15 25], interleaved on 2 slots [0 15 25], interleaved on 1 slot [3 3 3]
--- PASS: TestCUDAKVSlots_interleavedMatchesAlone (0.91s)
    --- PASS: TestCUDAKVSlots_interleavedMatchesAlone/llama-tiny (0.25s)
    --- PASS: TestCUDAKVSlots_interleavedMatchesAlone/mistral-tiny-window (0.20s)
    --- PASS: TestCUDAKVSlots_interleavedMatchesAlone/deepseek-tiny (0.45s)
=== RUN   TestCUDAKVSlots_graphs
[cuda] CUDA graphs FORCED (GOINFER_CUDA_GRAPHS_UNSAFE) despite: compute mode DEFAULT and no active MPS — replay is bit-exact only under EXCLUSIVE_PROCESS tenancy or MPS (docs/cuda-graphs-investigation.md §5.1) — replay may not be bit-exact under context contention
[cuda] CUDA graphs FORCED (GOINFER_CUDA_GRAPHS_UNSAFE) despite: compute mode DEFAULT and no active MPS — replay is bit-exact only under EXCLUSIVE_PROCESS tenancy or MPS (docs/cuda-graphs-investigation.md §5.1) — replay may not be bit-exact under context contention
[cuda] CUDA graphs FORCED (GOINFER_CUDA_GRAPHS_UNSAFE) despite: compute mode DEFAULT and no active MPS — replay is bit-exact only under EXCLUSIVE_PROCESS tenancy or MPS (docs/cuda-graphs-investigation.md §5.1) — replay may not be bit-exact under context contention
[cuda] CUDA graphs FORCED (GOINFER_CUDA_GRAPHS_UNSAFE) despite: compute mode DEFAULT and no active MPS — replay is bit-exact only under EXCLUSIVE_PROCESS tenancy or MPS (docs/cuda-graphs-investigation.md §5.1) — replay may not be bit-exact under context contention
    kv_slots_test.go:161: A: ids per turn alone [[113 113 113 113 113 117 91 117] [117 91 91 93 91 93 93 93] [32 32 88 11 30 11 11 11]]; reused per turn alone [0 15 25], interleaved on 2 slots [0 15 25], interleaved on 1 slot [0 3 3]
    kv_slots_test.go:161: B: ids per turn alone [[40 40 40 123 113 40 123 125] [123 7 123 94 7 82 82 82] [82 40 40 40 40 40 40 15]]; reused per turn alone [0 15 25], interleaved on 2 slots [0 15 25], interleaved on 1 slot [3 3 3]
--- PASS: TestCUDAKVSlots_graphs (0.16s)
=== RUN   TestCUDAKVSlots_recurrentKeepsOne
--- PASS: TestCUDAKVSlots_recurrentKeepsOne (0.02s)
=== RUN   TestKVSlotsFit
--- PASS: TestKVSlotsFit (0.00s)
=== RUN   TestCUDAKVSlots_clampedBuild
cuda: 2 resident KV slots of 4 requested — each costs 4 MB of KV at the resident context 4096, and free VRAM beside the weights (394 MB, less 384 MB reserved) allows 2
--- PASS: TestCUDAKVSlots_clampedBuild (0.03s)
=== RUN   TestCUDAKVSlots_pricedAgainstWhatIsLeft
cuda: 2 resident KV slots of 3 requested — each costs 4 MB of KV at the resident context 4096, and free VRAM beside the weights (394 MB, less 384 MB reserved) allows 2
    kv_slots_test.go:355: pre-KV bytes 2097152 (calibration) / 2097152 (this build), one slot 4194304 B, probe returned 413138944 B: 2 of 3 slots granted
--- PASS: TestCUDAKVSlots_pricedAgainstWhatIsLeft (0.05s)
=== RUN   TestResolveCtxCapFit_slotsShrinkTheContext
=== RUN   TestResolveCtxCapFit_slotsShrinkTheContext/interior:_4_slots_fit_at_~5000
cuda: resident context 5000, not 8192, so the 4 requested KV slots fit (--kv-sessions); an explicit --ctx keeps a longer context with fewer slots
    kv_slots_test.go:417: one slot: ctx 8192; 4 slots: ctx 5000 (target 5000); explicit 8192 with 4 slots: 8192
cuda: 2 resident KV slots of 4 requested — each costs 8 MB of KV at the resident context 8192, and free VRAM beside the weights (5697 MB, less 5677 MB reserved) allows 2
=== RUN   TestResolveCtxCapFit_slotsShrinkTheContext/not_even_the_floor_holds_4:_the_floor,_and_the_build_clamps
cuda: resident context 4096 (the floor), not 8192, for the 4 requested KV slots (--kv-sessions); the build grants as many as fit there, and an explicit --ctx keeps a longer context with fewer slots
    kv_slots_test.go:417: one slot: ctx 8192; 4 slots: ctx 4096 (target 3000); explicit 8192 with 4 slots: 8192
cuda: 2 resident KV slots of 4 requested — each costs 4 MB of KV at the resident context 4096, and free VRAM beside the weights (5697 MB, less 5685 MB reserved) allows 2
cuda: 1 resident KV slots of 4 requested — each costs 8 MB of KV at the resident context 8192, and free VRAM beside the weights (5697 MB, less 5685 MB reserved) allows 1
--- PASS: TestResolveCtxCapFit_slotsShrinkTheContext (0.01s)
    --- PASS: TestResolveCtxCapFit_slotsShrinkTheContext/interior:_4_slots_fit_at_~5000 (0.00s)
    --- PASS: TestResolveCtxCapFit_slotsShrinkTheContext/not_even_the_floor_holds_4:_the_floor,_and_the_build_clamps (0.00s)
=== RUN   TestResidentKVBytes_matchesCUDAAllocation
=== RUN   TestResidentKVBytes_matchesCUDAAllocation/llama-tiny
=== RUN   TestResidentKVBytes_matchesCUDAAllocation/phi3-tiny
    kvbytes_agreement_test.go:56: not CUDA-resident: every resident cuda projection quantizes activations to int8, and Phi-3's activation outliers are rounded to zero by the per-row int8 activation scale every int4/int8int8/int4mix path uses (queue-engineering.md H2)
=== RUN   TestResidentKVBytes_matchesCUDAAllocation/mistral-tiny-window
=== RUN   TestResidentKVBytes_matchesCUDAAllocation/gemma3-vl-tiny
=== RUN   TestResidentKVBytes_matchesCUDAAllocation/gemma4-dense-twogeom-tiny
=== RUN   TestResidentKVBytes_matchesCUDAAllocation/gemma4-moe-tiny
=== RUN   TestResidentKVBytes_matchesCUDAAllocation/qwen35-tiny
=== RUN   TestResidentKVBytes_matchesCUDAAllocation/deepseek-tiny
=== RUN   TestResidentKVBytes_matchesCUDAAllocation/qwen2.5-coder-0.5b-instruct-q4_k_m.gguf
=== RUN   TestResidentKVBytes_matchesCUDAAllocation/gemma3-1b-q4_k_m.gguf
--- PASS: TestResidentKVBytes_matchesCUDAAllocation (8.58s)
    --- PASS: TestResidentKVBytes_matchesCUDAAllocation/llama-tiny (0.02s)
    --- SKIP: TestResidentKVBytes_matchesCUDAAllocation/phi3-tiny (0.00s)
    --- PASS: TestResidentKVBytes_matchesCUDAAllocation/mistral-tiny-window (0.02s)
    --- PASS: TestResidentKVBytes_matchesCUDAAllocation/gemma3-vl-tiny (0.03s)
    --- PASS: TestResidentKVBytes_matchesCUDAAllocation/gemma4-dense-twogeom-tiny (0.07s)
    --- PASS: TestResidentKVBytes_matchesCUDAAllocation/gemma4-moe-tiny (0.07s)
    --- PASS: TestResidentKVBytes_matchesCUDAAllocation/qwen35-tiny (0.04s)
    --- PASS: TestResidentKVBytes_matchesCUDAAllocation/deepseek-tiny (0.03s)
    --- PASS: TestResidentKVBytes_matchesCUDAAllocation/qwen2.5-coder-0.5b-instruct-q4_k_m.gguf (3.64s)
    --- PASS: TestResidentKVBytes_matchesCUDAAllocation/gemma3-1b-q4_k_m.gguf (4.66s)
=== RUN   TestKVOnlyPrefill_byteIdentical_tiny
    kvonly_prefill_test.go:54: KV-only prefill == full-logits prefill: 24 tokens byte-identical
--- PASS: TestKVOnlyPrefill_byteIdentical_tiny (0.23s)
=== RUN   TestCUDA_launchCost
    launch_cost_test.go:40: dispatch count: 62 launches / 2 layers = 31/layer; static (graph-capturable) = 29/layer = 94%
    launch_cost_test.go:72: per-launch host cost through the cgo-free (purego) stack:
    launch_cost_test.go:73:   minimal 1×1 grid:   10.63 µs/launch
    launch_cost_test.go:74:   512-block grid:     11.15 µs/launch  (1.05× the minimal)
    launch_cost_test.go:75:   native cgo launch ≈ 5.0 µs for reference
    launch_cost_test.go:78:   VERDICT: FFI/LAUNCH-BOUND — per-launch is 2.1× native and ~grid-independent, so it's the purego crossing + arg packing, NOT GPU dispatch. CUDA GRAPHS are the tool (capture the ~96%-static per-layer segments, replay in one call). No gocudrv fork: cudasys already exposes StreamBeginCapture/EndCapture/GraphInstantiate/GraphLaunch. Batching cuts dispatch COUNT only (~20→13/layer; expertsDown don't share activation) — the smaller win.
--- PASS: TestCUDA_launchCost (0.51s)
=== RUN   TestLayerNormQuantBatched_matchesCPUReference
    layernorm_quant_batched_test.go:151: layernorm_quant_batched vs CPU reference: cosine=0.999991
--- PASS: TestLayerNormQuantBatched_matchesCPUReference (0.00s)
=== RUN   TestLayerNormF32Batched_matchesCPUReference
    layernorm_quant_batched_test.go:210: layernorm_f32_batched vs CPU reference: cosine=1.000000
--- PASS: TestLayerNormF32Batched_matchesCPUReference (0.00s)
=== RUN   TestLayerNormQuant
    layernorm_quant_test.go:121: layernorm_quant: cosine 0.9999884
--- PASS: TestLayerNormQuant (0.00s)
=== RUN   TestLead3_pinOrderMicrobench
    lead3_pin_order_bench_test.go:29: GOINFER_HEAVY_TESTS unset — allocates ~11 GB of pinned host memory
--- SKIP: TestLead3_pinOrderMicrobench (0.00s)
=== RUN   TestLead3_realLoadTime
    lead3_realload_time_test.go:27: GOINFER_HEAVY_TESTS unset — loads the real 26B
--- SKIP: TestLead3_realLoadTime (0.00s)
=== RUN   TestResidentCloseFreesVRAM_7B
    lifecycle7b_test.go:39: heavy-checkpoint test: set GOINFER_HEAVY_TESTS=1 to opt in (loads a multi-GB model from ~/models)
--- SKIP: TestResidentCloseFreesVRAM_7B (0.00s)
=== RUN   TestResidentCloseFreesVRAM
    lifecycle_test.go:34: heavy-checkpoint test: set GOINFER_HEAVY_TESTS=1 to opt in (loads a multi-GB model from ~/models)
--- SKIP: TestResidentCloseFreesVRAM (0.00s)
=== RUN   TestLoRAAdapterCacheCUDA
--- PASS: TestLoRAAdapterCacheCUDA (0.11s)
=== RUN   TestLoRADownGridBitIdenticalCUDA
    lora_down_grid_test.go:102: max rank 4: 256 logits bit-identical across GridX=4 and GridX=1
--- PASS: TestLoRADownGridBitIdenticalCUDA (0.06s)
=== RUN   TestLoRAResidentParityCUDA
    lora_resident_parity_test.go:93: resident-with-adapter vs CPU-with-adapter: cosine=0.999963 maxAbs=0.005082 argmax_match=true
--- PASS: TestLoRAResidentParityCUDA (0.04s)
=== RUN   TestMellumResidentParityCUDA
    mellum_real_test.go:32: heavy-checkpoint test: set GOINFER_HEAVY_TESTS=1 to opt in (loads a multi-GB model from ~/models)
--- SKIP: TestMellumResidentParityCUDA (0.00s)
=== RUN   TestMinistral3BatchedPrefillMatchesSequentialCUDA
    ministral3_batched_bitident_test.go:77: origMaxPos 8, beta 0.2: control rows [0,8) differing 0; temperature rows [8,40) differing 0
--- PASS: TestMinistral3BatchedPrefillMatchesSequentialCUDA (0.06s)
=== RUN   TestMinistral3ResidentParityCUDA
    ministral3_resident_parity_test.go:57: resident decode path: cuda-resident (int4)
    ministral3_resident_parity_test.go:99:   tok  0 (floor=0): cosine=0.999980 argmax_match=true
    ministral3_resident_parity_test.go:99:   tok  1 (floor=0): cosine=0.999960 argmax_match=true
    ministral3_resident_parity_test.go:99:   tok  2 (floor=0): cosine=0.999929 argmax_match=true
    ministral3_resident_parity_test.go:99:   tok  3 (floor=0): cosine=0.999937 argmax_match=true
    ministral3_resident_parity_test.go:99:   tok  4 (floor=0): cosine=0.999923 argmax_match=true
    ministral3_resident_parity_test.go:99:   tok  5 (floor=0): cosine=0.999924 argmax_match=true
    ministral3_resident_parity_test.go:99:   tok  6 (floor=0): cosine=0.999960 argmax_match=true
    ministral3_resident_parity_test.go:99:   tok  7 (floor=0): cosine=0.999941 argmax_match=true
    ministral3_resident_parity_test.go:99:   tok  8 (floor=1): cosine=0.999940 argmax_match=true
    ministral3_resident_parity_test.go:99:   tok  9 (floor=1): cosine=0.999973 argmax_match=true
    ministral3_resident_parity_test.go:99:   tok 10 (floor=1): cosine=0.999956 argmax_match=true
    ministral3_resident_parity_test.go:99:   tok 11 (floor=1): cosine=0.999942 argmax_match=true
    ministral3_resident_parity_test.go:99:   tok 12 (floor=1): cosine=0.999953 argmax_match=true
    ministral3_resident_parity_test.go:99:   tok 13 (floor=1): cosine=0.999940 argmax_match=true
    ministral3_resident_parity_test.go:99:   tok 14 (floor=1): cosine=0.999944 argmax_match=true
    ministral3_resident_parity_test.go:99:   tok 15 (floor=1): cosine=0.999944 argmax_match=true
    ministral3_resident_parity_test.go:99:   tok 16 (floor=2): cosine=0.999955 argmax_match=true
    ministral3_resident_parity_test.go:99:   tok 17 (floor=2): cosine=0.999948 argmax_match=true
    ministral3_resident_parity_test.go:99:   tok 18 (floor=2): cosine=0.999926 argmax_match=true
    ministral3_resident_parity_test.go:99:   tok 19 (floor=2): cosine=0.999974 argmax_match=true
    ministral3_resident_parity_test.go:99:   tok 20 (floor=2): cosine=0.999966 argmax_match=true
    ministral3_resident_parity_test.go:99:   tok 21 (floor=2): cosine=0.999977 argmax_match=true
    ministral3_resident_parity_test.go:99:   tok 22 (floor=2): cosine=0.999930 argmax_match=true
    ministral3_resident_parity_test.go:99:   tok 23 (floor=2): cosine=0.999931 argmax_match=true
    ministral3_resident_parity_test.go:99:   tok 24 (floor=3): cosine=0.999953 argmax_match=true
    ministral3_resident_parity_test.go:99:   tok 25 (floor=3): cosine=0.999963 argmax_match=true
    ministral3_resident_parity_test.go:99:   tok 26 (floor=3): cosine=0.999958 argmax_match=true
    ministral3_resident_parity_test.go:99:   tok 27 (floor=3): cosine=0.999962 argmax_match=true
    ministral3_resident_parity_test.go:99:   tok 28 (floor=3): cosine=0.999933 argmax_match=true
    ministral3_resident_parity_test.go:99:   tok 29 (floor=3): cosine=0.999949 argmax_match=true
    ministral3_resident_parity_test.go:99:   tok 30 (floor=3): cosine=0.999963 argmax_match=true
    ministral3_resident_parity_test.go:99:   tok 31 (floor=3): cosine=0.999945 argmax_match=true
    ministral3_resident_parity_test.go:101: Ministral3 resident vs CPU: 32/32 exact | worst cosine 0.999923 (tok0 0.999980, drift 0.0001)
--- PASS: TestMinistral3ResidentParityCUDA (0.06s)
=== RUN   TestMLALatentReuse_prototype
    mla_latent_reuse_prototype_test.go:170: rank-prefix vs CPU absorb reference: max|Δ| = 3.176e-08  max relΔ = 2.770e-06
    mla_latent_reuse_prototype_test.go:199: per-dim independence: rank dims bit-identical with the rope tail zeroed ✅ (waste is inert)
    mla_latent_reuse_prototype_test.go:243: wasted-dim overhead: hd=latDim(24) 5191 ns | hd=rank(16) 4890 ns | 1.062× (rope tail is 8/24 = 33.3% of the value width)
    mla_latent_reuse_prototype_test.go:247: VERDICT: attn_batched reuse HOLDS at the latent geometry — docs/completed/task-mla-cuda-residency.md's ~3-day path is the live one
--- PASS: TestMLALatentReuse_prototype (0.23s)
=== RUN   TestMLAResidentParityCUDA
    mla_resident_test.go:63: [int4] pos 0 (tok 1): cosine vs cpu = 0.99984573
    mla_resident_test.go:63: [int4] pos 1 (tok 7): cosine vs cpu = 0.99988037
    mla_resident_test.go:63: [int4] pos 2 (tok 3): cosine vs cpu = 0.99994863
    mla_resident_test.go:63: [int4] pos 3 (tok 42): cosine vs cpu = 0.99992982
    mla_resident_test.go:63: [int4] pos 4 (tok 9): cosine vs cpu = 0.99990235
    mla_resident_test.go:63: [int4] pos 5 (tok 5): cosine vs cpu = 0.99993623
    mla_resident_test.go:65: [int4] MLA resident decode, 6 positions: worst cosine 0.999846
    mla_resident_test.go:84: [int4] MLA generate: cpu=[39 61 121 19 34 87 34 87] cuda=[39 61 121 19 34 87 34 87]
--- PASS: TestMLAResidentParityCUDA (0.08s)
=== RUN   TestMLALatentStore_cuda
=== RUN   TestMLALatentStore_cuda/neox
    mla_test.go:143: interleave=false: cosine=1.00000000 maxAbs=1.192e-07
=== RUN   TestMLALatentStore_cuda/gptj
    mla_test.go:143: interleave=true: cosine=1.00000000 maxAbs=1.192e-07
--- PASS: TestMLALatentStore_cuda (0.00s)
    --- PASS: TestMLALatentStore_cuda/neox (0.00s)
    --- PASS: TestMLALatentStore_cuda/gptj (0.00s)
=== RUN   TestMLAHeadMatvec_cuda
=== RUN   TestMLAHeadMatvec_cuda/absorb_WUK
    mla_test.go:224: absorb_WUK: cosine=1.00000000 maxAbs=2.384e-07
=== RUN   TestMLAHeadMatvec_cuda/lift_WUV
    mla_test.go:224: lift_WUV: cosine=1.00000000 maxAbs=2.384e-07
--- PASS: TestMLAHeadMatvec_cuda (0.00s)
    --- PASS: TestMLAHeadMatvec_cuda/absorb_WUK (0.00s)
    --- PASS: TestMLAHeadMatvec_cuda/lift_WUV (0.00s)
=== RUN   TestMLAAttn_cuda
    mla_test.go:318: mla_attn: cosine=1.00000000 maxAbs=4.098e-08
--- PASS: TestMLAAttn_cuda (0.00s)
=== RUN   TestMoEDMAOverlapAB
    moe_dma_overlap_ab_test.go:27: GOINFER_HEAVY_TESTS unset — real 26B decode
--- SKIP: TestMoEDMAOverlapAB (0.00s)
=== RUN   TestMoEExpertMajorGemma4CUDA_bitIdentical
    moe_expert_major_gemma4_test.go:91: gemma4 expert-major bit-identical to the per-row path on all 256 logits
--- PASS: TestMoEExpertMajorGemma4CUDA_bitIdentical (0.23s)
=== RUN   TestMoEExpertMajorCUDA_bitIdentical
=== RUN   TestMoEExpertMajorCUDA_bitIdentical/../testdata/qwen3moe-tiny
    moe_expert_major_test.go:98: expert-major bit-identical to the per-row path on all 512 logits
=== RUN   TestMoEExpertMajorCUDA_bitIdentical/../testdata/qwen3moe-tiny-k3
    moe_expert_major_test.go:98: expert-major bit-identical to the per-row path on all 512 logits
--- PASS: TestMoEExpertMajorCUDA_bitIdentical (0.30s)
    --- PASS: TestMoEExpertMajorCUDA_bitIdentical/../testdata/qwen3moe-tiny (0.14s)
    --- PASS: TestMoEExpertMajorCUDA_bitIdentical/../testdata/qwen3moe-tiny-k3 (0.16s)
=== RUN   TestMoEIndexedGemv
    moe_gemv_test.go:181: all 6 experts: indexed read == same expert packed alone, bit-exact
    moe_gemv_test.go:222: wacc applies the routed weight (dst += wgt*result) and matches wgt*plain
--- PASS: TestMoEIndexedGemv (0.00s)
=== RUN   TestPackWeightStack
    moe_pack_test.go:78: 4 experts row-stacked: 256 words + 64 f16 scales; every expert byte-identical to the dense packer at offset e*64
--- PASS: TestPackWeightStack (0.00s)
=== RUN   TestPackWeightStack_rejectsRagged
--- PASS: TestPackWeightStack_rejectsRagged (0.00s)
=== RUN   TestPackWeightStack_reservesTheWholeStack
    moe_pack_test.go:136: stack 294912 bytes, allocated 589824 (2.00x)
--- PASS: TestPackWeightStack_reservesTheWholeStack (0.00s)
=== RUN   TestMoEResidentParity
    moe_parity_test.go:122: MoE resident vs CPU: 12/12 exact | worst near-tie 0.000% | hard fails 0 | min cosine 0.997829
--- PASS: TestMoEResidentParity (0.06s)
=== RUN   TestMoEPerLayerHitRate
    moe_perlayer_hitrate_test.go:31: GOINFER_HEAVY_TESTS unset — real 26B decode
--- SKIP: TestMoEPerLayerHitRate (0.00s)
=== RUN   TestMoERouteDemandThresholdChild
    moe_route_demand_test.go:55: GOINFER_A9_LEAVE_FREE unset — this is the worker half of TestMoERouteDemandThreshold
--- SKIP: TestMoERouteDemandThresholdChild (0.00s)
=== RUN   TestMoERouteDemandThreshold
    moe_route_demand_test.go:258: DRAIN-GROUP-SKIP: bisects by ballooning the device to as little as 64 MiB free, refusals included — deferred to the drain tier (GOINFER_DRAIN_GROUP=1), which runs in its own process so an exhausted device cannot reach the main tier. See A13.
--- SKIP: TestMoERouteDemandThreshold (0.00s)
=== RUN   TestMoERouteFirstLaunchReservation
    moe_route_reservation_test.go:61: CUDA_MODULE_LOADING="" (empty = driver default LAZY)
    moe_route_reservation_test.go:68:     nvidia-smi @ start                     1516240896 B (1446 MiB)
    moe_route_reservation_test.go:68:     nvidia-smi @ after CompileLibrary      1516240896 B (1446 MiB)
    moe_route_reservation_test.go:68:     nvidia-smi @ after NewComputePipeline    1516240896 B (1446 MiB)
    moe_route_reservation_test.go:95:   free at start                    5973409792 B
    moe_route_reservation_test.go:96:   free after CompileLibrary        5973409792 B   (cost 0 B)
    moe_route_reservation_test.go:97:   free after 5 NewComputePipeline 5973409792 B   (cost 0 B)
    moe_route_reservation_test.go:99:   moePTX source size 81735 B
    moe_route_reservation_test.go:102:   TOTAL moePTX device cost                  0 B  (0.0 MiB)
    moe_route_reservation_test.go:117:   => moePTX's MODULE memory is 0 B up to this point. Not yet a verdict: it is consistent with a deferred cost and with there being no cost. The launches below separate them.
    moe_route_reservation_test.go:68:     nvidia-smi @ before first launch       1516240896 B (1446 MiB)
    moe_route_reservation_test.go:68:     nvidia-smi @ after first launch        1516240896 B (1446 MiB)
    moe_route_reservation_test.go:145:   free before first moePTX launch  5973409792 B
    moe_route_reservation_test.go:146:   free after  first moePTX launch  5973409792 B   (cost 0 B)
    moe_route_reservation_test.go:68:     nvidia-smi @ before moe_route          1516240896 B (1446 MiB)
    moe_route_reservation_test.go:68:     nvidia-smi @ after moe_route           1516240896 B (1446 MiB)
    moe_route_reservation_test.go:187:   launch config nE=8 k=2
    moe_route_reservation_test.go:188:   free before first moe_route      5973409792 B
    moe_route_reservation_test.go:189:   free after  first moe_route      5973409792 B   (cost 0 B = 0.0 MiB)
    moe_route_reservation_test.go:194:   local-memory reservation predicted as 4096 B/thread x maxThreads/SM x SMs; at 1024x40 that is 167772160 B (160 MiB)
    moe_route_reservation_test.go:237: could not evaluate: moe_route's backing store was ALREADY reserved before this test ran, so this is not its first launch in the process and the reading is 0 B rather than the 138412032 B reservation. Run this test alone (-run '^TestMoERouteFirstLaunchReservation$') to measure it.
--- SKIP: TestMoERouteFirstLaunchReservation (0.11s)
=== RUN   TestMoERoute
=== RUN   TestMoERoute/mixtral/softmax-norm
    moe_route_test.go:167: idx=[2 7] wgt=[0.6506733 0.34932673]
=== RUN   TestMoERoute/qwen2_moe/softmax
    moe_route_test.go:167: idx=[22 19 2 29] wgt=[0.07389043 0.064108916 0.06258862 0.05430321]
=== RUN   TestMoERoute/glm/sigmoid-bias-norm
    moe_route_test.go:167: idx=[6 46 18 19 32 44 22 49] wgt=[0.12029684 0.13025647 0.12396059 0.14187622 0.11311261 0.122051604 0.14485322 0.10359244]
=== RUN   TestMoERoute/deepseek/sigmoid-bias-scale
    moe_route_test.go:167: idx=[6 46 18 19 32 44] wgt=[0.40016013 0.43329027 0.41234738 0.4719426 0.37626225 0.40599728]
=== RUN   TestMoERoute/deepseek/group-limited
    moe_route_test.go:167: idx=[46 18 19 32 44 22] wgt=[0.41958088 0.3993006 0.45701024 0.36435723 0.3931514 0.46659973]
=== RUN   TestMoERoute/kimi/group-limited-wide
    moe_route_test.go:167: idx=[108 113 6 14 77 117 96 104] wgt=[0.37867764 0.38624144 0.3327291 0.3244614 0.31469125 0.38944262 0.39576176 0.3049948]
=== RUN   TestMoERoute/k=1/top1
    moe_route_test.go:167: idx=[2] wgt=[0.22903056]
=== RUN   TestMoERoute/k==nE/all-experts
    moe_route_test.go:167: idx=[2 7 6 0 3 1 5 4] wgt=[0.37324026 0.20038137 0.17736723 0.13566957 0.040294804 0.038560268 0.021417808 0.01306873]
=== RUN   TestMoERoute/past-old-cap/257
    moe_route_test.go:167: idx=[124 113 2 151] wgt=[0.82375526 0.83145857 0.8415758 0.8222987]
=== RUN   TestMoERoute/kimi_k2/384-real-shape
    moe_route_test.go:167: idx=[205 236 375 124 269 370 131 241] wgt=[0.36480412 0.35694185 0.3652002 0.34785518 0.35771126 0.36278895 0.33255085 0.33914736]
=== RUN   TestMoERoute/new-cap-boundary/512
    moe_route_test.go:167: idx=[114 330 124 434 82 108 479 333] wgt=[0.32888347 0.31552422 0.30855024 0.30589932 0.31090903 0.30533674 0.32161507 0.30328205]
=== RUN   TestMoERoute/new-cap-boundary/512-grouped
    moe_route_test.go:167: idx=[114 330 124 82 108 479] wgt=[0.4348427 0.41717944 0.40795857 0.41107726 0.40370974 0.4252326]
--- PASS: TestMoERoute (0.01s)
    --- PASS: TestMoERoute/mixtral/softmax-norm (0.00s)
    --- PASS: TestMoERoute/qwen2_moe/softmax (0.00s)
    --- PASS: TestMoERoute/glm/sigmoid-bias-norm (0.00s)
    --- PASS: TestMoERoute/deepseek/sigmoid-bias-scale (0.00s)
    --- PASS: TestMoERoute/deepseek/group-limited (0.00s)
    --- PASS: TestMoERoute/kimi/group-limited-wide (0.00s)
    --- PASS: TestMoERoute/k=1/top1 (0.00s)
    --- PASS: TestMoERoute/k==nE/all-experts (0.00s)
    --- PASS: TestMoERoute/past-old-cap/257 (0.00s)
    --- PASS: TestMoERoute/kimi_k2/384-real-shape (0.00s)
    --- PASS: TestMoERoute/new-cap-boundary/512 (0.00s)
    --- PASS: TestMoERoute/new-cap-boundary/512-grouped (0.00s)
=== RUN   TestMoEStreamingDecodeProfile
    moe_streaming_decode_profile_test.go:32: GOINFER_HEAVY_TESTS unset — real 26B decode
--- SKIP: TestMoEStreamingDecodeProfile (0.00s)
=== RUN   TestMoeSwigluWiring_C15
    moe_swiglu_wiring_test.go:66: SwiGLU gate/up wiring OK: maxErr 0.00e+00; a swap would perturb the output by up to 0.403
--- PASS: TestMoeSwigluWiring_C15 (0.04s)
=== RUN   TestMropePosWindow_absoluteNotChunkRelative
--- PASS: TestMropePosWindow_absoluteNotChunkRelative (0.00s)
=== RUN   TestMropePosWindow_firstChunk
--- PASS: TestMropePosWindow_firstChunk (0.00s)
=== RUN   TestPrefillCoreCallsMropePosWindow
--- PASS: TestPrefillCoreCallsMropePosWindow (0.00s)
=== RUN   TestOlmo3ResidentSmokeCUDA
    olmo3_resident_smoke_test.go:31: resident decode path: cuda-resident (int4)
    olmo3_resident_smoke_test.go:31: Olmo 3 batched prefill succeeded with 24 tokens
--- PASS: TestOlmo3ResidentSmokeCUDA (0.07s)
=== RUN   TestOlmoHybridResidentSmokeCUDA
    olmo3_resident_smoke_test.go:35: resident decode path: cuda-resident (int4)
    olmo3_resident_smoke_test.go:35: Olmo Hybrid properly declined batched prefill: cuda prefill: Gated-DeltaNet recurrent state advances one token at a time and cannot be batched: cuda prefill: batched path declined (arch/geometry)
--- PASS: TestOlmoHybridResidentSmokeCUDA (0.06s)
=== RUN   TestOptFwd_bitIdenticalStream
    optfwd_test.go:55: heavy-checkpoint test: set GOINFER_HEAVY_TESTS=1 to opt in (loads a multi-GB model from ~/models)
--- SKIP: TestOptFwd_bitIdenticalStream (0.00s)
=== RUN   TestOptFwd_lowTempHighHitRate
    optfwd_test.go:116: heavy-checkpoint test: set GOINFER_HEAVY_TESTS=1 to opt in (loads a multi-GB model from ~/models)
--- SKIP: TestOptFwd_lowTempHighHitRate (0.00s)
=== RUN   TestOptFwd_hitRateLadder
    optfwd_test.go:157: heavy-checkpoint test: set GOINFER_HEAVY_TESTS=1 to opt in (loads a multi-GB model from ~/models)
--- SKIP: TestOptFwd_hitRateLadder (0.00s)
=== RUN   TestP20ExpertLocality
    p20_expert_locality_test.go:35: set GOINFER_HEAVY_TESTS=1 (loads a 26B model)
--- SKIP: TestP20ExpertLocality (0.00s)
=== RUN   TestPagerDeterminism
    pager_determinism_test.go:45: heavy-checkpoint test: set GOINFER_HEAVY_TESTS=1 to opt in (loads a multi-GB model from ~/models)
--- SKIP: TestPagerDeterminism (0.00s)
=== RUN   TestParityFloorControl
    parity_floor_control_test.go:26: measurement harness, no assertion — set GOINFER_HEAVY_TESTS=1 GOINFER_PARITY_FLOOR_CONTROL=1
--- SKIP: TestParityFloorControl (0.00s)
=== RUN   TestPipelineLint_boundKernelsAreLaunched
    pipeline_lint_test.go:83: pipeline lint: 77 Pipeline fields, 0 bound-and-dead, 0 launched-but-unbound
--- PASS: TestPipelineLint_boundKernelsAreLaunched (0.79s)
=== RUN   TestPrefillCancel
    prefill_cancel_test.go:70: uncancelled prefill of 512 rows: 1.126s
=== RUN   TestPrefillCancel/already-cancelled
=== RUN   TestPrefillCancel/cancelled-mid-flight
    prefill_cancel_test.go:95: cancelled at ~225ms, returned after 227ms (uncancelled: 1.126s)
--- PASS: TestPrefillCancel (6.45s)
    --- PASS: TestPrefillCancel/already-cancelled (0.00s)
    --- PASS: TestPrefillCancel/cancelled-mid-flight (0.23s)
=== RUN   TestPrefillCancel_dense
    prefill_cancel_test.go:161: uncancelled dense prefill of 512 rows at chunk 32: 89ms
    prefill_cancel_test.go:169: cancelled at ~18ms, returned after 21ms
=== RUN   TestPrefillCancel_dense/single-pass
--- PASS: TestPrefillCancel_dense (0.57s)
    --- PASS: TestPrefillCancel_dense/single-pass (0.00s)
=== RUN   TestPrefillChunked_fastKernelsOnEveryChunk
    prefill_chunk_fast_test.go:25: set GOINFER_HEAVY_TESTS=1 (loads a 1.5B model)
--- SKIP: TestPrefillChunked_fastKernelsOnEveryChunk (0.00s)
=== RUN   TestPrefillChunked_bitIdentical
    prefill_chunked_test.go:29: set GOINFER_HEAVY_TESTS=1 (loads a 1.5B model)
--- SKIP: TestPrefillChunked_bitIdentical (0.00s)
=== RUN   TestPrefillCrossover
    prefill_crossover_test.go:23: set GOINFER_HEAVY_TESTS=1 (loads a 1.5B model)
--- SKIP: TestPrefillCrossover (0.00s)
=== RUN   TestPrefillDecomp
    prefill_decomp_test.go:25: set GOINFER_HEAVY_TESTS=1 (loads a 1.5B model)
--- SKIP: TestPrefillDecomp (0.00s)
=== RUN   TestPrefillDivergenceRate
    prefill_divergence_test.go:25: set GOINFER_HEAVY_TESTS=1 (loads a 1.5B model)
--- SKIP: TestPrefillDivergenceRate (0.00s)
=== RUN   TestPrefillLast_e2e
=== RUN   TestPrefillLast_e2e/int4
    prefill_e2e_test.go:132: KV BIT-IDENTICAL across all 3 layers × 56 rows (K and V)
    prefill_e2e_test.go:145: last-token logits BIT-IDENTICAL (128)
    prefill_e2e_test.go:159: DECODE BYTE-IDENTICAL: 64 greedy tokens match ([94 115 115 115 115 115 115 115 32 32 32 32 67 67 67 39 67 39 79 88 39 79 88 79 79 79 79 79 79 79 79 79 79 79 79 79 55 55 55 22 22 22 22 22 96 49 9 89 80 96 90 96 82 82 82 82 82 82 82 28 70 70 70 70])
    prefill_e2e_test.go:160: MILESTONE-2 GATE GREEN: batched prefill ≡ sequential (KV all layers×rows + logits + 64-token decode), window engaged
=== RUN   TestPrefillLast_e2e/int8int8
    prefill_e2e_test.go:132: KV BIT-IDENTICAL across all 3 layers × 56 rows (K and V)
    prefill_e2e_test.go:145: last-token logits BIT-IDENTICAL (128)
    prefill_e2e_test.go:159: DECODE BYTE-IDENTICAL: 64 greedy tokens match ([94 115 115 115 115 115 115 115 32 32 32 32 32 67 88 88 88 66 79 88 66 79 87 87 113 100 79 117 79 117 79 49 101 117 117 117 89 13 89 13 89 13 89 75 113 75 113 75 113 113 113 54 113 54 54 93 11 11 11 11 11 11 11 51])
    prefill_e2e_test.go:160: MILESTONE-2 GATE GREEN: batched prefill ≡ sequential (KV all layers×rows + logits + 64-token decode), window engaged
--- PASS: TestPrefillLast_e2e (0.23s)
    --- PASS: TestPrefillLast_e2e/int4 (0.10s)
    --- PASS: TestPrefillLast_e2e/int8int8 (0.13s)
=== RUN   TestPrefillGateVsReferenceCUDA
    prefill_gate_ref_test.go:60: set GOINFER_HEAVY_TESTS=1 (real checkpoints; needs Phase A's reference files)
--- SKIP: TestPrefillGateVsReferenceCUDA (0.00s)
=== RUN   TestPrefillLast_gemma3
    prefill_gemma3_test.go:25: set GOINFER_HEAVY_TESTS=1 (loads Gemma-3-4B)
--- SKIP: TestPrefillLast_gemma3 (0.00s)
=== RUN   TestPrefillImageLast_declinesOverChunk
--- PASS: TestPrefillImageLast_declinesOverChunk (0.00s)
=== RUN   TestPrefillImageChunkRows_defaultAndOverride
=== RUN   TestPrefillImageChunkRows_defaultAndOverride/ignores_0
=== RUN   TestPrefillImageChunkRows_defaultAndOverride/ignores_-5
=== RUN   TestPrefillImageChunkRows_defaultAndOverride/ignores_not-a-number
=== RUN   TestPrefillImageChunkRows_defaultAndOverride/ignores_
--- PASS: TestPrefillImageChunkRows_defaultAndOverride (0.00s)
    --- PASS: TestPrefillImageChunkRows_defaultAndOverride/ignores_0 (0.00s)
    --- PASS: TestPrefillImageChunkRows_defaultAndOverride/ignores_-5 (0.00s)
    --- PASS: TestPrefillImageChunkRows_defaultAndOverride/ignores_not-a-number (0.00s)
    --- PASS: TestPrefillImageChunkRows_defaultAndOverride/ignores_ (0.00s)
=== RUN   TestPrefillImageLast_invalidRangeDeclines
=== RUN   TestPrefillImageLast_invalidRangeDeclines/negative_start
=== RUN   TestPrefillImageLast_invalidRangeDeclines/empty_range
=== RUN   TestPrefillImageLast_invalidRangeDeclines/inverted_range
=== RUN   TestPrefillImageLast_invalidRangeDeclines/past_the_prompt
--- PASS: TestPrefillImageLast_invalidRangeDeclines (0.00s)
    --- PASS: TestPrefillImageLast_invalidRangeDeclines/negative_start (0.00s)
    --- PASS: TestPrefillImageLast_invalidRangeDeclines/empty_range (0.00s)
    --- PASS: TestPrefillImageLast_invalidRangeDeclines/inverted_range (0.00s)
    --- PASS: TestPrefillImageLast_invalidRangeDeclines/past_the_prompt (0.00s)
=== RUN   TestPrefillLongPrompt
    prefill_longprompt_test.go:31: set GOINFER_HEAVY_TESTS=1 (loads a 7B model)
--- SKIP: TestPrefillLongPrompt (0.00s)
=== RUN   TestPrefillMoE_bitIdentical
=== RUN   TestPrefillMoE_bitIdentical/gemma4-moe-kv-tiny
[resident] BuildResident declined (ok=false err=resident path declined: cuda: gemma4 MoE int4 needs moeInter(16) and hidden(64) both multiples of 32) — continuing on the CPU/staged path
    prefill_moe_test.go:78: not CUDA-resident (<nil>)
=== RUN   TestPrefillMoE_bitIdentical/gemma4-moe-scaled
[moe-prefill] ../testdata/gemma4-moe-scaled: layers=4 moe=4 (r.moe=true r.gemma4Moe=true cacheExperts=false)
[moe-prefill] ../testdata/gemma4-moe-scaled: 0/4096 logits differ (max |diff| 0)
--- PASS: TestPrefillMoE_bitIdentical (5.35s)
    --- SKIP: TestPrefillMoE_bitIdentical/gemma4-moe-kv-tiny (0.00s)
    --- PASS: TestPrefillMoE_bitIdentical/gemma4-moe-scaled (5.34s)
=== RUN   TestPrefillMoE_real26B
    prefill_moe_test.go:54: set GOINFER_HEAVY_TESTS=1 (loads the 26B, ~2m11s)
--- SKIP: TestPrefillMoE_real26B (0.00s)
=== RUN   TestPrefillMRoPELast_declinesWithoutKernel
--- PASS: TestPrefillMRoPELast_declinesWithoutKernel (0.00s)
=== RUN   TestPrefillMRoPELast_declinesOnLengthMismatch
=== RUN   TestPrefillMRoPELast_declinesOnLengthMismatch/too_short
=== RUN   TestPrefillMRoPELast_declinesOnLengthMismatch/too_long
=== RUN   TestPrefillMRoPELast_declinesOnLengthMismatch/empty
--- PASS: TestPrefillMRoPELast_declinesOnLengthMismatch (0.00s)
    --- PASS: TestPrefillMRoPELast_declinesOnLengthMismatch/too_short (0.00s)
    --- PASS: TestPrefillMRoPELast_declinesOnLengthMismatch/too_long (0.00s)
    --- PASS: TestPrefillMRoPELast_declinesOnLengthMismatch/empty (0.00s)
=== RUN   TestPrefillMRoPELast_declinesOnEmptyPrompt
--- PASS: TestPrefillMRoPELast_declinesOnEmptyPrompt (0.00s)
=== RUN   TestPrefillNonUniform_bitIdentical
[nonuniform] layers=12 non-uniform-vs-L0=2 kEqV=2 (L0 hd=256 kvDim=512)
[nonuniform] 0/256 logits differ (max |diff| 0)
--- PASS: TestPrefillNonUniform_bitIdentical (0.70s)
=== RUN   TestPrefillLast_qwen3
    prefill_qwen3_test.go:24: set GOINFER_HEAVY_TESTS=1 (loads Qwen3-1.7B)
--- SKIP: TestPrefillLast_qwen3 (0.00s)
=== RUN   TestPrefillTTFT
    prefill_ttft_test.go:50: set GOINFER_HEAVY_TESTS=1 (loads a 1.5B model)
--- SKIP: TestPrefillTTFT (0.00s)
=== RUN   TestPrefillPath_int8Batched
    prefillpath_test.go:51: reason: batched (weight-stationary CUDA passes of up to 512 rows)
--- PASS: TestPrefillPath_int8Batched (0.00s)
=== RUN   TestPrefillPath_nativeDeclinesNamed
    prefillpath_test.go:66: reason: sequential — batched prefill needs int4 or int8 projections (f32 weights) — ~9× slower TTFT, 20× CPU on a 300-token prompt
--- PASS: TestPrefillPath_nativeDeclinesNamed (0.00s)
=== RUN   TestPrefillPath_int4Batched
--- PASS: TestPrefillPath_int4Batched (0.00s)
=== RUN   TestPrefillPath_matchesPrefillCore
=== RUN   TestPrefillPath_matchesPrefillCore/int4
=== RUN   TestPrefillPath_matchesPrefillCore/int8
=== RUN   TestPrefillPath_matchesPrefillCore/kernels-unavailable
=== RUN   TestPrefillPath_matchesPrefillCore/moe
=== RUN   TestPrefillPath_matchesPrefillCore/gemma4moe
=== RUN   TestPrefillPath_matchesPrefillCore/non-uniform
=== RUN   TestPrefillPath_matchesPrefillCore/k-eq-v-no-vnorm
=== RUN   TestPrefillPath_matchesPrefillCore/deltanet-with-projections
=== RUN   TestPrefillPath_matchesPrefillCore/mixed-quant-layer1
=== RUN   TestPrefillPath_matchesPrefillCore/postOnly
=== RUN   TestPrefillPath_matchesPrefillCore/qkNormWhole
=== RUN   TestPrefillPath_matchesPrefillCore/layerNorm-parallelBlock
--- PASS: TestPrefillPath_matchesPrefillCore (0.00s)
    --- PASS: TestPrefillPath_matchesPrefillCore/int4 (0.00s)
    --- PASS: TestPrefillPath_matchesPrefillCore/int8 (0.00s)
    --- PASS: TestPrefillPath_matchesPrefillCore/kernels-unavailable (0.00s)
    --- PASS: TestPrefillPath_matchesPrefillCore/moe (0.00s)
    --- PASS: TestPrefillPath_matchesPrefillCore/gemma4moe (0.00s)
    --- PASS: TestPrefillPath_matchesPrefillCore/non-uniform (0.00s)
    --- PASS: TestPrefillPath_matchesPrefillCore/k-eq-v-no-vnorm (0.00s)
    --- PASS: TestPrefillPath_matchesPrefillCore/deltanet-with-projections (0.00s)
    --- PASS: TestPrefillPath_matchesPrefillCore/mixed-quant-layer1 (0.00s)
    --- PASS: TestPrefillPath_matchesPrefillCore/postOnly (0.00s)
    --- PASS: TestPrefillPath_matchesPrefillCore/qkNormWhole (0.00s)
    --- PASS: TestPrefillPath_matchesPrefillCore/layerNorm-parallelBlock (0.00s)
=== RUN   TestPrefillPath_mixedInt4Int8Batches
--- PASS: TestPrefillPath_mixedInt4Int8Batches (0.00s)
=== RUN   TestPrefillPath_recurrentDeclines
--- PASS: TestPrefillPath_recurrentDeclines (0.00s)
=== RUN   TestPrefillPath_seamGuardsAreMoEOnly
--- PASS: TestPrefillPath_seamGuardsAreMoEOnly (0.00s)
=== RUN   TestPrefillPath_normPlacementsBatch
--- PASS: TestPrefillPath_normPlacementsBatch (0.00s)
=== RUN   TestPTX_matchesSourcesAndBindings
    ptx_consistency_test.go:92: 29 .cu/.ptx pairs, 114 kernels checked by name and signature; 85 bound kernel names resolved
--- PASS: TestPTX_matchesSourcesAndBindings (0.03s)
=== RUN   TestPTXModules_coverEveryEmbed
    ptx_modules_cover_test.go:54: 29 embedded modules, 29 in ptxModules()
--- PASS: TestPTXModules_coverEveryEmbed (0.00s)
=== RUN   TestQ4K_fusedG32ResidentBitIdentical
    q4k_fused_resident_test.go:66: 40 positions × 151936 logits bit-identical, fused vs unfused
--- PASS: TestQ4K_fusedG32ResidentBitIdentical (10.01s)
=== RUN   TestQ4K_phi3ResidentMatchesCPU
    q4k_phi3_resident_test.go:25: set GOINFER_PHI3_MINI_GGUF
--- SKIP: TestQ4K_phi3ResidentMatchesCPU (0.00s)
=== RUN   TestQuantVec_scaleIsExactMaxabs
--- PASS: TestQuantVec_scaleIsExactMaxabs (0.00s)
=== RUN   TestGluQuant_scaleIsExactMaxabs
--- PASS: TestGluQuant_scaleIsExactMaxabs (0.00s)
=== RUN   TestQuantVecBatched_scaleIsExactMaxabs
--- PASS: TestQuantVecBatched_scaleIsExactMaxabs (0.00s)
=== RUN   TestQwen25VLMRoPEPrefillResidentReal_gate
    qwen25vl_mrope_prefill_resident_real_test.go:32: heavy-checkpoint test: set GOINFER_HEAVY_TESTS=1 to opt in (loads a multi-GB model from ~/models)
--- SKIP: TestQwen25VLMRoPEPrefillResidentReal_gate (0.00s)
=== RUN   TestQwen25VLResidentReal_gate
    qwen25vl_resident_real_test.go:44: heavy-checkpoint test: set GOINFER_HEAVY_TESTS=1 to opt in (loads a multi-GB model from ~/models)
--- SKIP: TestQwen25VLResidentReal_gate (0.00s)
=== RUN   TestQwen35ResidentParityCUDA
    qwen35_resident_parity_test.go:28: qwen3.5 DeltaNet resident parity (set GOINFER_DNET_PARITY_CUDA=1)
--- SKIP: TestQwen35ResidentParityCUDA (0.00s)
=== RUN   TestQwen35ResidentDecodeRateCUDA
    qwen35_resident_speed_test.go:30: qwen3.5 resident decode rate (set GOINFER_DNET_SPEED_CUDA=1)
--- SKIP: TestQwen35ResidentDecodeRateCUDA (0.00s)
=== RUN   TestQwen36_35B_cache
    qwen35moe_35b_cache_test.go:46: GOINFER_HEAVY_TESTS unset — real 35B decode
--- SKIP: TestQwen36_35B_cache (0.00s)
=== RUN   TestR14DrafterArgmaxAB
    r14_drafter_argmax_ab_test.go:22: heavy-checkpoint test: set GOINFER_HEAVY_TESTS=1 to opt in (loads a multi-GB model from ~/models)
--- SKIP: TestR14DrafterArgmaxAB (0.00s)
=== RUN   TestR14DrafterArgmaxProfile
    r14_drafter_argmax_profile_test.go:22: heavy-checkpoint test: set GOINFER_HEAVY_TESTS=1 to opt in (loads a multi-GB model from ~/models)
--- SKIP: TestR14DrafterArgmaxProfile (0.00s)
=== RUN   TestRealForwardParity
    realforward_test.go:24: heavy-checkpoint test: set GOINFER_HEAVY_TESTS=1 to opt in (loads a multi-GB model from ~/models)
--- SKIP: TestRealForwardParity (0.00s)
=== RUN   TestCudaResidentCheckCap
--- PASS: TestCudaResidentCheckCap (0.00s)
=== RUN   TestCudaResidentCheckCap_zeroValueRefuses
--- PASS: TestCudaResidentCheckCap_zeroValueRefuses (0.00s)
=== RUN   TestResolveCtxCap
--- PASS: TestResolveCtxCap (0.00s)
=== RUN   TestResolveCtxCapFit_shortcuts
=== RUN   TestResolveCtxCapFit_shortcuts/explicit_request_bypasses_fit_entirely
=== RUN   TestResolveCtxCapFit_shortcuts/explicit_request_bypasses_fit_even_with_the_env_var_set
=== RUN   TestResolveCtxCapFit_shortcuts/GOINFER_NO_FIT_DEFAULT_restores_the_historical_default
=== RUN   TestResolveCtxCapFit_shortcuts/Options.DisableFit_(--fit=off)_restores_the_historical_default
=== RUN   TestResolveCtxCapFit_shortcuts/model_window_at_the_historical_default_has_nothing_to_gain
=== RUN   TestResolveCtxCapFit_shortcuts/model_window_below_the_historical_default_has_nothing_to_gain
=== RUN   TestResolveCtxCapFit_shortcuts/Options.MoECacheExperts_restores_the_historical_default,_same_as_DisableFit
=== RUN   TestResolveCtxCapFit_shortcuts/explicit_request_still_bypasses_fit_with_MoECacheExperts_set
--- PASS: TestResolveCtxCapFit_shortcuts (0.02s)
    --- PASS: TestResolveCtxCapFit_shortcuts/explicit_request_bypasses_fit_entirely (0.00s)
    --- PASS: TestResolveCtxCapFit_shortcuts/explicit_request_bypasses_fit_even_with_the_env_var_set (0.00s)
    --- PASS: TestResolveCtxCapFit_shortcuts/GOINFER_NO_FIT_DEFAULT_restores_the_historical_default (0.00s)
    --- PASS: TestResolveCtxCapFit_shortcuts/Options.DisableFit_(--fit=off)_restores_the_historical_default (0.00s)
    --- PASS: TestResolveCtxCapFit_shortcuts/model_window_at_the_historical_default_has_nothing_to_gain (0.00s)
    --- PASS: TestResolveCtxCapFit_shortcuts/model_window_below_the_historical_default_has_nothing_to_gain (0.00s)
    --- PASS: TestResolveCtxCapFit_shortcuts/Options.MoECacheExperts_restores_the_historical_default,_same_as_DisableFit (0.00s)
    --- PASS: TestResolveCtxCapFit_shortcuts/explicit_request_still_bypasses_fit_with_MoECacheExperts_set (0.00s)
=== RUN   TestResolveCtxCapFit_agreesWithCheckKVFits
=== RUN   TestResolveCtxCapFit_agreesWithCheckKVFits/interior_branch,_no_companion
    resident_cap_test.go:216: chosen ctx=6000 (floor 4096, forced-interior target 6000, ceiling 8192)
=== RUN   TestResolveCtxCapFit_agreesWithCheckKVFits/interior_branch,_with_a_drafter-sized_companion_K/V_rate
    resident_cap_test.go:216: chosen ctx=6000 (floor 4096, forced-interior target 6000, ceiling 8192)
--- PASS: TestResolveCtxCapFit_agreesWithCheckKVFits (0.01s)
    --- PASS: TestResolveCtxCapFit_agreesWithCheckKVFits/interior_branch,_no_companion (0.00s)
    --- PASS: TestResolveCtxCapFit_agreesWithCheckKVFits/interior_branch,_with_a_drafter-sized_companion_K/V_rate (0.00s)
=== RUN   TestKVBytesForCap
--- PASS: TestKVBytesForCap (0.00s)
=== RUN   TestFitsWeightsBudget
--- PASS: TestFitsWeightsBudget (0.00s)
=== RUN   TestReservedBudget
--- PASS: TestReservedBudget (0.00s)
=== RUN   TestCheckKVFits_realDevice_explicitRefusesWithNumbers
--- PASS: TestCheckKVFits_realDevice_explicitRefusesWithNumbers (0.00s)
=== RUN   TestCheckKVFits_realDevice_extraResidentBytesRefusesWithNumbers
--- PASS: TestCheckKVFits_realDevice_extraResidentBytesRefusesWithNumbers (0.00s)
=== RUN   TestCheckKVFits_explicitFailsHard_defaultDeclines
--- PASS: TestCheckKVFits_explicitFailsHard_defaultDeclines (0.00s)
=== RUN   TestGemma3ResidentReal_imageBlockAtomicity
    resident_reuse_vl_parity_test.go:59: heavy-checkpoint test: set GOINFER_HEAVY_TESTS=1 to opt in (loads a multi-GB model from ~/models)
--- SKIP: TestGemma3ResidentReal_imageBlockAtomicity (0.00s)
=== RUN   TestResidentSpecServe
    resident_spec_serve_test.go:25: set GOINFER_HEAVY_TESTS=1 (loads a 1.5B model)
--- SKIP: TestResidentSpecServe (0.00s)
=== RUN   TestResidentLaunchVRAMProbe
    resident_vram_probe_test.go:34: GOINFER_HEAVY_TESTS unset — loads the real 26B (~5 min, 11.4 GB pinned host)
--- SKIP: TestResidentLaunchVRAMProbe (0.00s)
=== RUN   TestResidentSlotConsumption
    resident_vram_probe_test.go:124: set GOINFER_MOE_SCALED_FIXTURE
--- SKIP: TestResidentSlotConsumption (0.00s)
=== RUN   TestRmsnormBatched_bitIdentical
    rmsnorm_batched_test.go:98: H=1536: rmsnorm_quant == rmsnorm_quant_batched BIT-IDENTICAL
    rmsnorm_batched_test.go:98: H=8960: rmsnorm_quant == rmsnorm_quant_batched BIT-IDENTICAL
--- PASS: TestRmsnormBatched_bitIdentical (0.00s)
=== RUN   TestRopeKVMRoPEBatched_degenerateMatchesScalarKernel
    rope_kv_mrope_batched_test.go:66: heavy-checkpoint test: set GOINFER_HEAVY_TESTS=1 to opt in (loads a multi-GB model from ~/models)
--- SKIP: TestRopeKVMRoPEBatched_degenerateMatchesScalarKernel (0.00s)
=== RUN   TestRopeKVMRoPEBatched_matchesCPUReference
    rope_kv_mrope_batched_test.go:204: heavy-checkpoint test: set GOINFER_HEAVY_TESTS=1 to opt in (loads a multi-GB model from ~/models)
--- SKIP: TestRopeKVMRoPEBatched_matchesCPUReference (0.00s)
=== RUN   TestRopeMscale
    rope_mscale_test.go:144: scale=1 (no-op, the path every non-YaRN family takes): max|diff| = 8.941e-08
    rope_mscale_test.go:148: scale=0.85: max|diff| = 5.960e-08
--- PASS: TestRopeMscale (0.00s)
=== RUN   TestRopePartial
=== RUN   TestRopePartial/full-rotary/unchanged
    rope_partial_test.go:216: nH=4 nKV=2 hd=16 rotaryDim=16 (rhalf=8, tail=0/head): q rotated, full head cached
=== RUN   TestRopePartial/glm/half-rotary
    rope_partial_test.go:216: nH=4 nKV=2 hd=16 rotaryDim=8 (rhalf=4, tail=8/head): q rotated, full head cached
=== RUN   TestRopePartial/phi/quarter-rotary
    rope_partial_test.go:216: nH=8 nKV=2 hd=32 rotaryDim=8 (rhalf=4, tail=24/head): q rotated, full head cached
=== RUN   TestRopePartial/partial/pos0
    rope_partial_test.go:216: nH=2 nKV=1 hd=8 rotaryDim=4 (rhalf=2, tail=4/head): q rotated, full head cached
=== RUN   TestRopePartial/odd-ish/6-of-16
    rope_partial_test.go:216: nH=4 nKV=4 hd=16 rotaryDim=6 (rhalf=3, tail=10/head): q rotated, full head cached
--- PASS: TestRopePartial (0.00s)
    --- PASS: TestRopePartial/full-rotary/unchanged (0.00s)
    --- PASS: TestRopePartial/glm/half-rotary (0.00s)
    --- PASS: TestRopePartial/phi/quarter-rotary (0.00s)
    --- PASS: TestRopePartial/partial/pos0 (0.00s)
    --- PASS: TestRopePartial/odd-ish/6-of-16 (0.00s)
=== RUN   TestRouteGptOssGrowsPoolPastMoERoute
    route_gptoss_reservation_test.go:61:   moe_route (the old warm-up)                  cost           0 B (0.0 MiB)
    route_gptoss_reservation_test.go:81: could not evaluate: the local-memory pool was already reserved before this test ran, so moe_route's first launch read 0 B. Run it alone (-run '^TestRouteGptOssGrowsPoolPastMoERoute$').
--- SKIP: TestRouteGptOssGrowsPoolPastMoERoute (0.00s)
=== RUN   TestSampledDecodeLadder
    sampled_decode_ladder_test.go:33: heavy-checkpoint measurement: set GOINFER_HEAVY_TESTS=1
--- SKIP: TestSampledDecodeLadder (0.00s)
=== RUN   TestSampledGumbelStreamIdentity
    sampled_gumbel_identity_test.go:28: heavy-checkpoint measurement: set GOINFER_HEAVY_TESTS=1
--- SKIP: TestSampledGumbelStreamIdentity (0.00s)
=== RUN   TestSampledTopKStreamIdentity
    sampled_topk_identity_test.go:30: heavy-checkpoint measurement: set GOINFER_HEAVY_TESTS=1
--- SKIP: TestSampledTopKStreamIdentity (0.00s)
=== RUN   TestGemvShapeSweep
=== RUN   TestGemvShapeSweep/qwen2.5-0.5B/attn-qkv
    shape_sweep_test.go:253: N=896 K=896 Kwords=112 (Kwords%32=16): worst deviation 1.45e-08 of magnitude (bar 1e-05)
=== RUN   TestGemvShapeSweep/qwen2.5-0.5B/ffn-up
    shape_sweep_test.go:253: N=4864 K=896 Kwords=112 (Kwords%32=16): worst deviation 1.67e-08 of magnitude (bar 1e-05)
=== RUN   TestGemvShapeSweep/qwen2.5-0.5B/ffn-down
    shape_sweep_test.go:253: N=896 K=4864 Kwords=608 (Kwords%32=0): worst deviation 6.74e-09 of magnitude (bar 1e-05)
=== RUN   TestGemvShapeSweep/qwen2.5-1.5B/attn-qkv
    shape_sweep_test.go:253: N=1536 K=1536 Kwords=192 (Kwords%32=0): worst deviation 1.49e-08 of magnitude (bar 1e-05)
=== RUN   TestGemvShapeSweep/qwen2.5-1.5B/ffn-up
    shape_sweep_test.go:253: N=8960 K=1536 Kwords=192 (Kwords%32=0): worst deviation 1.41e-08 of magnitude (bar 1e-05)
=== RUN   TestGemvShapeSweep/qwen2.5-1.5B/ffn-down
    shape_sweep_test.go:253: N=1536 K=8960 Kwords=1120 (Kwords%32=0): worst deviation 5.14e-09 of magnitude (bar 1e-05)
=== RUN   TestGemvShapeSweep/qwen3-1.7B/attn
    shape_sweep_test.go:253: N=2048 K=2048 Kwords=256 (Kwords%32=0): worst deviation 1.03e-08 of magnitude (bar 1e-05)
=== RUN   TestGemvShapeSweep/gemma3-4B/attn-q
    shape_sweep_test.go:253: N=2560 K=2560 Kwords=320 (Kwords%32=0): worst deviation 9.64e-09 of magnitude (bar 1e-05)
=== RUN   TestGemvShapeSweep/gemma3-4B/ffn-up
    shape_sweep_test.go:253: N=10240 K=2560 Kwords=320 (Kwords%32=0): worst deviation 1.19e-08 of magnitude (bar 1e-05)
=== RUN   TestGemvShapeSweep/gemma3-4B/ffn-down
    shape_sweep_test.go:253: N=2560 K=10240 Kwords=1280 (Kwords%32=0): worst deviation 7.02e-09 of magnitude (bar 1e-05)
=== RUN   TestGemvShapeSweep/phi3-mini/attn
    shape_sweep_test.go:253: N=3072 K=3072 Kwords=384 (Kwords%32=0): worst deviation 8.70e-09 of magnitude (bar 1e-05)
=== RUN   TestGemvShapeSweep/tail/K=1120
    shape_sweep_test.go:253: N=512 K=1120 Kwords=140 (Kwords%32=12): worst deviation 1.65e-08 of magnitude (bar 1e-05)
=== RUN   TestGemvShapeSweep/tail/K=288
    shape_sweep_test.go:253: N=64 K=288 Kwords=36 (Kwords%32=4): worst deviation 1.10e-08 of magnitude (bar 1e-05)
=== RUN   TestGemvShapeSweep/tail/K=160
    shape_sweep_test.go:253: N=32 K=160 Kwords=20 (Kwords%32=20): worst deviation 1.56e-08 of magnitude (bar 1e-05)
=== RUN   TestGemvShapeSweep/tail/K=2336
    shape_sweep_test.go:253: N=128 K=2336 Kwords=292 (Kwords%32=4): worst deviation 6.54e-09 of magnitude (bar 1e-05)
=== RUN   TestGemvShapeSweep/single-row/N=1
    shape_sweep_test.go:253: N=1 K=896 Kwords=112 (Kwords%32=16): worst deviation 5.77e-09 of magnitude (bar 1e-05)
=== RUN   TestGemvShapeSweep/odd-N/N=7
    shape_sweep_test.go:253: N=7 K=1536 Kwords=192 (Kwords%32=0): worst deviation 3.60e-09 of magnitude (bar 1e-05)
=== RUN   TestGemvShapeSweep/odd-N/N=9
    shape_sweep_test.go:253: N=9 K=896 Kwords=112 (Kwords%32=16): worst deviation 1.18e-08 of magnitude (bar 1e-05)
--- PASS: TestGemvShapeSweep (0.88s)
    --- PASS: TestGemvShapeSweep/qwen2.5-0.5B/attn-qkv (0.01s)
    --- PASS: TestGemvShapeSweep/qwen2.5-0.5B/ffn-up (0.05s)
    --- PASS: TestGemvShapeSweep/qwen2.5-0.5B/ffn-down (0.04s)
    --- PASS: TestGemvShapeSweep/qwen2.5-1.5B/attn-qkv (0.03s)
    --- PASS: TestGemvShapeSweep/qwen2.5-1.5B/ffn-up (0.12s)
    --- PASS: TestGemvShapeSweep/qwen2.5-1.5B/ffn-down (0.08s)
    --- PASS: TestGemvShapeSweep/qwen3-1.7B/attn (0.03s)
    --- PASS: TestGemvShapeSweep/gemma3-4B/attn-q (0.06s)
    --- PASS: TestGemvShapeSweep/gemma3-4B/ffn-up (0.17s)
    --- PASS: TestGemvShapeSweep/gemma3-4B/ffn-down (0.18s)
    --- PASS: TestGemvShapeSweep/phi3-mini/attn (0.09s)
    --- PASS: TestGemvShapeSweep/tail/K=1120 (0.01s)
    --- PASS: TestGemvShapeSweep/tail/K=288 (0.00s)
    --- PASS: TestGemvShapeSweep/tail/K=160 (0.00s)
    --- PASS: TestGemvShapeSweep/tail/K=2336 (0.00s)
    --- PASS: TestGemvShapeSweep/single-row/N=1 (0.00s)
    --- PASS: TestGemvShapeSweep/odd-N/N=7 (0.00s)
    --- PASS: TestGemvShapeSweep/odd-N/N=9 (0.00s)
=== RUN   TestGemvShapeSweep_coversTheOOBGeometry
    shape_sweep_test.go:283: sweep covers 6 ragged-tail geometries: [K=896(Kwords=112) K=896(Kwords=112) K=1120(Kwords=140) K=288(Kwords=36) K=160(Kwords=20) K=2336(Kwords=292)]
--- PASS: TestGemvShapeSweep_coversTheOOBGeometry (0.00s)
=== RUN   TestAttnShmemLimit_matchesDevice
    shmem_limit_test.go:56: device MAX_SHARED_MEMORY_PER_BLOCK = 49152 B (48 KB); guard is 49152 B => nWin <= 12160 keys
--- PASS: TestAttnShmemLimit_matchesDevice (0.00s)
=== RUN   TestCheckPrefillShmem_declinesPastTheLimit
--- PASS: TestCheckPrefillShmem_declinesPastTheLimit (0.00s)
=== RUN   TestCheckPrefillShmem_slidingWindowClampsPerLayer
--- PASS: TestCheckPrefillShmem_slidingWindowClampsPerLayer (0.00s)
=== RUN   TestCheckDrafterShmem_declinesPastTheLimit
--- PASS: TestCheckDrafterShmem_declinesPastTheLimit (0.00s)
=== RUN   TestPrefillCoreAndDraftBlockCallTheShmemGuards
=== RUN   TestPrefillCoreAndDraftBlockCallTheShmemGuards/prefillCore/checkPrefillShmem
=== RUN   TestPrefillCoreAndDraftBlockCallTheShmemGuards/DraftBlock/checkDrafterShmem
--- PASS: TestPrefillCoreAndDraftBlockCallTheShmemGuards (0.00s)
    --- PASS: TestPrefillCoreAndDraftBlockCallTheShmemGuards/prefillCore/checkPrefillShmem (0.00s)
    --- PASS: TestPrefillCoreAndDraftBlockCallTheShmemGuards/DraftBlock/checkDrafterShmem (0.00s)
=== RUN   TestSlotAllocation_matchesGranularityForm
    slot_granularity_test.go:90:   buffer size      1982464 B  x4
    slot_granularity_test.go:90:   buffer size      3964928 B  x4
    slot_granularity_test.go:90:   buffer size     15859712 B  x4
    slot_granularity_test.go:90:   buffer size     31719424 B  x4
    slot_granularity_test.go:134: slots=16, 4 MoE layers, 16 allocations
    slot_granularity_test.go:135:   free before allocSlots    5564465152 B
    slot_granularity_test.go:136:   free after  allocSlots    5337972736 B
    slot_granularity_test.go:137:   actual consumed            226492416 B
    slot_granularity_test.go:138:   raw sum of requests        214106112 B  (what the cap arithmetic assumes)
    slot_granularity_test.go:139:   granularity-rounded        226492416 B  (sum of ceil(size/2097152)*2097152)
    slot_granularity_test.go:140:   shortfall of the raw sum    12386304 B
--- PASS: TestSlotAllocation_matchesGranularityForm (5.07s)
=== RUN   TestSlotCapArithmetic
=== RUN   TestSlotCapArithmetic/26B:_128_requested,_3.8GB_free
=== RUN   TestSlotCapArithmetic/ample_free:_no_cap
=== RUN   TestSlotCapArithmetic/below_topK:_declines
=== RUN   TestSlotCapArithmetic/exactly_topK_fits
=== RUN   TestSlotCapArithmetic/one_byte_below_topK:_declines
--- PASS: TestSlotCapArithmetic (0.00s)
    --- PASS: TestSlotCapArithmetic/26B:_128_requested,_3.8GB_free (0.00s)
    --- PASS: TestSlotCapArithmetic/ample_free:_no_cap (0.00s)
    --- PASS: TestSlotCapArithmetic/below_topK:_declines (0.00s)
    --- PASS: TestSlotCapArithmetic/exactly_topK_fits (0.00s)
    --- PASS: TestSlotCapArithmetic/one_byte_below_topK:_declines (0.00s)
=== RUN   TestSlotCapArithmetic_search
--- PASS: TestSlotCapArithmetic_search (0.00s)
=== RUN   TestSlotCapArithmetic_mutation
--- PASS: TestSlotCapArithmetic_mutation (0.00s)
=== RUN   TestSmolLM3ResidentSmokeCUDA
    smollm3_resident_smoke_test.go:51: resident decode path: cuda-resident (int4)
--- PASS: TestSmolLM3ResidentSmokeCUDA (0.06s)
=== RUN   TestApplySoftcap_bitIdentical
--- PASS: TestApplySoftcap_bitIdentical (0.12s)
=== RUN   TestApplySoftcap_disabled
--- PASS: TestApplySoftcap_disabled (0.00s)
=== RUN   TestApplySoftcap_mutation
    softcap_test.go:126: mutation check: dividing in float64 differs in 37577/262145 elements; a dropped tail is detectable
--- PASS: TestApplySoftcap_mutation (0.03s)
=== RUN   TestSpecDecodeCurve
    spec_curve_test.go:25: set GOINFER_HEAVY_TESTS=1 (loads a 1.5B model)
--- SKIP: TestSpecDecodeCurve (0.00s)
=== RUN   TestSpecNonCopyLane
    spec_noncopy_lane_test.go:30: set GOINFER_HEAVY_TESTS=1
--- SKIP: TestSpecNonCopyLane (0.00s)
=== RUN   TestSpecPagerInteraction
    spec_pager_interaction_test.go:170: heavy-checkpoint test: set GOINFER_HEAVY_TESTS=1 to opt in (loads a multi-GB model from ~/models)
--- SKIP: TestSpecPagerInteraction (0.00s)
=== RUN   TestSpecResidentPrefillRegression
    spec_prefill_regression_test.go:42: set GOINFER_HEAVY_TESTS=1 GOINFER_SPEC_PREFILL_REGRESSION=1
--- SKIP: TestSpecResidentPrefillRegression (0.00s)
=== RUN   TestSpecVerifyCeiling
    spec_verify_ceiling_test.go:26: set GOINFER_HEAVY_TESTS=1 (loads a 1.5B model)
--- SKIP: TestSpecVerifyCeiling (0.00s)
=== RUN   TestDecodeVerifyDivergence_keyedOnTheSpike
--- PASS: TestDecodeVerifyDivergence_keyedOnTheSpike (0.00s)
=== RUN   TestSpecDecode
    specdecode_test.go:24: set GOINFER_HEAVY_TESTS=1 (loads a 1.5B model)
--- SKIP: TestSpecDecode (0.00s)
=== RUN   TestSplitKV_bitIdentical
    splitkv_bitident_test.go:25: set GOINFER_HEAVY_TESTS=1 (loads a 1.5B model)
--- SKIP: TestSplitKV_bitIdentical (0.00s)
=== RUN   TestSplitKV_bitIdentical_gemma3
    splitkv_bitident_test.go:127: set GOINFER_HEAVY_TESTS=1 (loads Gemma-3-4B)
--- SKIP: TestSplitKV_bitIdentical_gemma3 (0.00s)
=== RUN   TestSplitKVCrossover
    splitkv_crossover_test.go:31: set GOINFER_HEAVY_TESTS=1 (loads a 1.5B model)
--- SKIP: TestSplitKVCrossover (0.00s)
=== RUN   TestSplitKVGate_measuredGeometries
--- PASS: TestSplitKVGate_measuredGeometries (0.00s)
=== RUN   TestSplitKVGate_neverClassIsUnreachable
--- PASS: TestSplitKVGate_neverClassIsUnreachable (0.00s)
=== RUN   TestSplitKVGate_conservativeDefault
--- PASS: TestSplitKVGate_conservativeDefault (0.00s)
=== RUN   TestThetaAB
    theta_ab_test.go:36: set GOINFER_HEAVY_TESTS=1 GOINFER_THETA_AB=1
--- SKIP: TestThetaAB (0.00s)
=== RUN   TestThetaProbe_CUDA
    theta_probe_test.go:41: set GOINFER_HEAVY_TESTS=1 GOINFER_THETA_PROBE=1
--- SKIP: TestThetaProbe_CUDA (0.00s)
=== RUN   TestTopKSelect_matchesReference
    topk_test.go:26: set GOINFER_HEAVY_TESTS=1 (loads a 0.5B model for the compiled topk kernel)
--- SKIP: TestTopKSelect_matchesReference (0.00s)
=== RUN   TestRecordUpload_capturesFirstError
--- PASS: TestRecordUpload_capturesFirstError (0.00s)
=== RUN   TestUploadKV_matchesSequentialForward
    uploadkv_parity_test.go:44: set GOINFER_HEAVY_TESTS=1
--- SKIP: TestUploadKV_matchesSequentialForward (0.00s)
=== RUN   TestVisionEncoder_forwardPatchesReleasesDeviceScratch
    vision_encoder_leak_test.go:25: heavy-checkpoint test: set GOINFER_HEAVY_TESTS=1 to opt in (loads a multi-GB model from ~/models)
--- SKIP: TestVisionEncoder_forwardPatchesReleasesDeviceScratch (0.00s)
=== RUN   TestVisionTowerTiming
    vision_tower_timing_test.go:31: heavy-checkpoint test: set GOINFER_HEAVY_TESTS=1 to opt in (loads a multi-GB model from ~/models)
--- SKIP: TestVisionTowerTiming (0.00s)
=== RUN   TestQKNorm_widths
=== RUN   TestQKNorm_widths/hd128
    vnorm_test.go:127: hd=128: maxRelErr Q=1.25e-07 K=1.19e-07 V=0.00e+00
=== RUN   TestQKNorm_widths/hd256
    vnorm_test.go:127: hd=256: maxRelErr Q=1.62e-07 K=1.53e-07 V=0.00e+00
=== RUN   TestQKNorm_widths/hd512
    vnorm_test.go:127: hd=512: maxRelErr Q=1.45e-07 K=1.19e-07 V=0.00e+00
--- PASS: TestQKNorm_widths (0.00s)
    --- PASS: TestQKNorm_widths/hd128 (0.00s)
    --- PASS: TestQKNorm_widths/hd256 (0.00s)
    --- PASS: TestQKNorm_widths/hd512 (0.00s)
=== RUN   TestVNorm_scaleless
    vnorm_test.go:213: scale-less v_norm vs CPU rmsNormNoWeight: maxRelErr=0.00e+00 (a 2x would read ~1.0)
--- PASS: TestVNorm_scaleless (0.00s)
=== RUN   TestVsumMechanism
    vsum_mechanism_test.go:35: set GOINFER_HEAVY_TESTS=1 (real checkpoint; needs Phase A's reference files)
--- SKIP: TestVsumMechanism (0.00s)
=== RUN   TestVsumSplitFidelity
    vsum_split_fidelity_test.go:35: heavy-checkpoint test: set GOINFER_HEAVY_TESTS=1 to opt in (loads a multi-GB model from ~/models)
--- SKIP: TestVsumSplitFidelity (0.00s)
=== RUN   TestVsumSplitGateVsReference
    vsum_split_gate_test.go:74: set GOINFER_HEAVY_TESTS=1 (real checkpoints; needs Phase A's reference files)
--- SKIP: TestVsumSplitGateVsReference (0.00s)
=== RUN   TestSlidingWindowLongContext
    window_longctx_test.go:130: window=16 engaged over 40 tail positions (of 56): 40/40 exact | worst near-tie 0.000% | min cosine 0.999847 | hard fails 0
    window_longctx_test.go:133: WINDOW GATE GREEN: CUDA's sliding window matches the CPU with the window actually engaged, on a real Mistral checkpoint
--- PASS: TestSlidingWindowLongContext (0.09s)
=== RUN   TestSlidingWindowAttention
    window_test.go:109: windowed(40 keys, W=12) vs full(last 12 keys): maxAbs=0
    window_test.go:126: window=0 and window>=nKeys are both exactly full-causal ✓
--- PASS: TestSlidingWindowAttention (0.00s)
PASS
ok  	github.com/townsendmerino/goinfer/cuda	116.462s
