T 1790277172.558
Pages free:                                   181428.
Pages wired down:                             226962.
File-backed pages:                            163148.
Anonymous pages:                              250593.
Pages stored in compressor:                   468905.
Pages occupied by compressor:                 186726.
Pageins:                                     3733050.
T 1790277172.624
Pages free:                                   180656.
Pages wired down:                             226965.
File-backed pages:                            163244.
Anonymous pages:                              251407.
Pages stored in compressor:                   468836.
Pages occupied by compressor:                 186699.
Pageins:                                     3733102.
T 1790277172.691
Pages free:                                   182690.
Pages wired down:                             226966.
File-backed pages:                            163447.
Anonymous pages:                              249169.
Pages stored in compressor:                   468792.
Pages occupied by compressor:                 186687.
Pageins:                                     3733137.
T 1790277172.758
Pages free:                                   181812.
Pages wired down:                             226952.
File-backed pages:                            163781.
Anonymous pages:                              249827.
Pages stored in compressor:                   468593.
Pages occupied by compressor:                 186627.
Pageins:                                     3733209.
T 1790277172.825
Pages free:                                   181122.
Pages wired down:                             226980.
File-backed pages:                            164246.
Anonymous pages:                              249939.
Pages stored in compressor:                   468581.
Pages occupied by compressor:                 186623.
Pageins:                                     3733273.
T 1790277172.887
Pages free:                                   180466.
Pages wired down:                             229129.
File-backed pages:                            164534.
Anonymous pages:                              248158.
Pages stored in compressor:                   468576.
Pages occupied by compressor:                 186622.
Pageins:                                     3733560.
T 1790277172.957
Pages free:                                   158479.
Pages wired down:                             232608.
File-backed pages:                            175360.
Anonymous pages:                              255866.
Pages stored in compressor:                   468574.
Pages occupied by compressor:                 186622.
Pageins:                                     3744278.
T 1790277173.025
Pages free:                                   139510.
Pages wired down:                             232622.
File-backed pages:                            185260.
Anonymous pages:                              264936.
Pages stored in compressor:                   468574.
Pages occupied by compressor:                 186622.
Pageins:                                     3754045.
T 1790277173.094
Pages free:                                   119636.
Pages wired down:                             232625.
File-backed pages:                            195416.
Anonymous pages:                              274597.
Pages stored in compressor:                   468564.
Pages occupied by compressor:                 186615.
Pageins:                                     3764215.
T 1790277173.161
Pages free:                                   100156.
Pages wired down:                             232606.
File-backed pages:                            205145.
Anonymous pages:                              284497.
Pages stored in compressor:                   468446.
Pages occupied by compressor:                 186588.
Pageins:                                     3773900.
T 1790277173.230
Pages free:                                    78382.
Pages wired down:                             232613.
File-backed pages:                            215582.
Anonymous pages:                              295685.
Pages stored in compressor:                   468373.
Pages occupied by compressor:                 186562.
Pageins:                                     3784417.
T 1790277173.297
Pages free:                                    60142.
Pages wired down:                             232614.
File-backed pages:                            224984.
Anonymous pages:                              304588.
Pages stored in compressor:                   468369.
Pages occupied by compressor:                 186562.
Pageins:                                     3793851.
T 1790277173.367
Pages free:                                    41610.
Pages wired down:                             232609.
File-backed pages:                            233753.
Anonymous pages:                              314477.
Pages stored in compressor:                   468345.
Pages occupied by compressor:                 186551.
Pageins:                                     3802639.
T 1790277173.435
Pages free:                                    25438.
Pages wired down:                             232595.
File-backed pages:                            241628.
Anonymous pages:                              322730.
Pages stored in compressor:                   468336.
Pages occupied by compressor:                 186549.
Pageins:                                     3810533.
T 1790277173.499
Pages free:                                     7892.
Pages wired down:                             232600.
File-backed pages:                            250540.
Anonymous pages:                              331352.
Pages stored in compressor:                   468269.
Pages occupied by compressor:                 186523.
Pageins:                                     3819448.
T 1790277173.570
Pages free:                                     3461.
Pages wired down:                             232614.
File-backed pages:                            254810.
Anonymous pages:                              331355.
Pages stored in compressor:                   469049.
Pages occupied by compressor:                 186778.
Pageins:                                     3828014.
T 1790277173.636
Pages free:                                     3020.
Pages wired down:                             232622.
File-backed pages:                            261219.
Anonymous pages:                              322446.
Pages stored in compressor:                   475758.
Pages occupied by compressor:                 189736.
Pageins:                                     3834439.
T 1790277173.716
Pages free:                                     3649.
Pages wired down:                             232652.
File-backed pages:                            265746.
Anonymous pages:                              308737.
Pages stored in compressor:                   494242.
Pages occupied by compressor:                 198099.
Pageins:                                     3839017.
T 1790277173.786
Pages free:                                     3565.
Pages wired down:                             232686.
File-backed pages:                            268306.
Anonymous pages:                              304001.
Pages stored in compressor:                   504772.
Pages occupied by compressor:                 200265.
Pageins:                                     3846464.
T 1790277173.852
Pages free:                                     3598.
Pages wired down:                             232724.
File-backed pages:                            270701.
Anonymous pages:                              299516.
Pages stored in compressor:                   515795.
Pages occupied by compressor:                 202315.
Pageins:                                     3855935.
T 1790277173.942
Pages free:                                     3586.
Pages wired down:                             232737.
File-backed pages:                            273722.
Anonymous pages:                              294407.
Pages stored in compressor:                   527099.
Pages occupied by compressor:                 204508.
Pageins:                                     3863195.
T 1790277174.008
Pages free:                                   139446.
Pages wired down:                             231502.
File-backed pages:                            275901.
Anonymous pages:                              162186.
Pages stored in compressor:                   530618.
Pages occupied by compressor:                 200004.
Pageins:                                     3865255.
T 1790277174.076
Pages free:                                   138991.
Pages wired down:                             231495.
File-backed pages:                            276445.
Anonymous pages:                              161960.
Pages stored in compressor:                   530415.
Pages occupied by compressor:                 199971.
Pageins:                                     3865570.
T 1790277174.141
Pages free:                                   138122.
Pages wired down:                             231499.
File-backed pages:                            277136.
Anonymous pages:                              162258.
Pages stored in compressor:                   530153.
Pages occupied by compressor:                 199897.
Pageins:                                     3866069.
T 1790277174.210
Pages free:                                   136938.
Pages wired down:                             231506.
File-backed pages:                            277632.
Anonymous pages:                              163151.
Pages stored in compressor:                   529779.
Pages occupied by compressor:                 199786.
Pageins:                                     3866482.
T 1790277174.281
Pages free:                                   136034.
Pages wired down:                             231531.
File-backed pages:                            278269.
Anonymous pages:                              163540.
Pages stored in compressor:                   529622.
Pages occupied by compressor:                 199753.
Pageins:                                     3866962.
T 1790277174.351
Pages free:                                   134560.
Pages wired down:                             231532.
File-backed pages:                            279326.
Anonymous pages:                              163749.
Pages stored in compressor:                   529578.
Pages occupied by compressor:                 199745.
Pageins:                                     3867712.
T 1790277174.422
Pages free:                                   133417.
Pages wired down:                             231523.
File-backed pages:                            280502.
Anonymous pages:                              163756.
Pages stored in compressor:                   529541.
Pages occupied by compressor:                 199737.
Pageins:                                     3868563.
T 1790277174.493
Pages free:                                   132118.
Pages wired down:                             227152.
File-backed pages:                            281669.
Anonymous pages:                              168297.
Pages stored in compressor:                   529478.
Pages occupied by compressor:                 199725.
Pageins:                                     3869340.
T 1790277174.562
Pages free:                                   130091.
Pages wired down:                             227211.
File-backed pages:                            282466.
Anonymous pages:                              169645.
Pages stored in compressor:                   529144.
Pages occupied by compressor:                 199609.
Pageins:                                     3869855.
T 1790277174.631
Pages free:                                   128208.
Pages wired down:                             227265.
File-backed pages:                            283257.
Anonymous pages:                              170634.
Pages stored in compressor:                   529072.
Pages occupied by compressor:                 199590.
Pageins:                                     3870343.
T 1790277174.698
Pages free:                                   126987.
Pages wired down:                             227218.
File-backed pages:                            283488.
Anonymous pages:                              172118.
Pages stored in compressor:                   527113.
Pages occupied by compressor:                 199099.
Pageins:                                     3870442.
T 1790277174.764
Pages free:                                   126051.
Pages wired down:                             227214.
File-backed pages:                            284252.
Anonymous pages:                              172311.
Pages stored in compressor:                   527060.
Pages occupied by compressor:                 199085.
Pageins:                                     3870964.
T 1790277174.833
Pages free:                                   125483.
Pages wired down:                             227201.
File-backed pages:                            284924.
Anonymous pages:                              172277.
Pages stored in compressor:                   527035.
Pages occupied by compressor:                 199081.
Pageins:                                     3871397.
T 1790277174.904
Pages free:                                   124627.
Pages wired down:                             231583.
File-backed pages:                            285753.
Anonymous pages:                              167907.
Pages stored in compressor:                   527027.
Pages occupied by compressor:                 199077.
Pageins:                                     3871967.
T 1790277174.974
Pages free:                                   123918.
Pages wired down:                             231584.
File-backed pages:                            286325.
Anonymous pages:                              168268.
Pages stored in compressor:                   526752.
Pages occupied by compressor:                 199009.
Pageins:                                     3872286.
T 1790277175.041
Pages free:                                   122836.
Pages wired down:                             231573.
File-backed pages:                            286787.
Anonymous pages:                              168785.
Pages stored in compressor:                   526275.
Pages occupied by compressor:                 198950.
Pageins:                                     3872506.
T 1790277175.107
Pages free:                                   122021.
Pages wired down:                             231573.
File-backed pages:                            287406.
Anonymous pages:                              168981.
Pages stored in compressor:                   526237.
Pages occupied by compressor:                 198939.
Pageins:                                     3872812.
T 1790277175.173
Pages free:                                   121271.
Pages wired down:                             231578.
File-backed pages:                            288045.
Anonymous pages:                              169080.
Pages stored in compressor:                   526185.
Pages occupied by compressor:                 198923.
Pageins:                                     3873232.
T 1790277175.242
Pages free:                                   120600.
Pages wired down:                             231579.
File-backed pages:                            288739.
Anonymous pages:                              169087.
Pages stored in compressor:                   526147.
Pages occupied by compressor:                 198908.
Pageins:                                     3873713.
T 1790277175.311
Pages free:                                   119975.
Pages wired down:                             231585.
File-backed pages:                            289388.
Anonymous pages:                              169172.
Pages stored in compressor:                   526063.
Pages occupied by compressor:                 198904.
Pageins:                                     3874129.
T 1790277175.381
Pages free:                                   119925.
Pages wired down:                             231578.
File-backed pages:                            289805.
Anonymous pages:                              168772.
Pages stored in compressor:                   526040.
Pages occupied by compressor:                 198898.
Pageins:                                     3874429.
T 1790277175.449
Pages free:                                   119120.
Pages wired down:                             231589.
File-backed pages:                            290308.
Anonymous pages:                              169109.
Pages stored in compressor:                   525986.
Pages occupied by compressor:                 198889.
Pageins:                                     3874788.
T 1790277175.517
Pages free:                                   118342.
Pages wired down:                             231601.
File-backed pages:                            290622.
Anonymous pages:                              169452.
Pages stored in compressor:                   525981.
Pages occupied by compressor:                 198885.
Pageins:                                     3874815.
T 1790277175.586
Pages free:                                   118006.
Pages wired down:                             231578.
File-backed pages:                            290860.
Anonymous pages:                              169653.
Pages stored in compressor:                   525344.
Pages occupied by compressor:                 198874.
Pageins:                                     3874853.
T 1790277175.653
Pages free:                                   117537.
Pages wired down:                             231592.
File-backed pages:                            291113.
Anonymous pages:                              169841.
Pages stored in compressor:                   525275.
Pages occupied by compressor:                 198853.
Pageins:                                     3874985.
T 1790277175.722
Pages free:                                   117243.
Pages wired down:                             231590.
File-backed pages:                            291818.
Anonymous pages:                              169550.
Pages stored in compressor:                   524999.
Pages occupied by compressor:                 198732.
Pageins:                                     3875452.
T 1790277175.790
Pages free:                                   116072.
Pages wired down:                             231596.
File-backed pages:                            292515.
Anonymous pages:                              170080.
Pages stored in compressor:                   524844.
Pages occupied by compressor:                 198683.
Pageins:                                     3875939.
T 1790277175.858
Pages free:                                   113789.
Pages wired down:                             232706.
File-backed pages:                            293533.
Anonymous pages:                              170219.
Pages stored in compressor:                   524785.
Pages occupied by compressor:                 198672.
Pageins:                                     3876616.
T 1790277175.925
Pages free:                                   113384.
Pages wired down:                             232690.
File-backed pages:                            293768.
Anonymous pages:                              170431.
Pages stored in compressor:                   524713.
Pages occupied by compressor:                 198642.
Pageins:                                     3876756.
T 1790277175.993
Pages free:                                   113701.
Pages wired down:                             231589.
File-backed pages:                            294006.
Anonymous pages:                              171108.
Pages stored in compressor:                   524496.
Pages occupied by compressor:                 198593.
Pageins:                                     3876939.
T 1790277176.061
Pages free:                                   113507.
Pages wired down:                             232825.
File-backed pages:                            294442.
Anonymous pages:                              169620.
Pages stored in compressor:                   524413.
Pages occupied by compressor:                 198582.
Pageins:                                     3877242.
T 1790277176.124
Pages free:                                   111641.
Pages wired down:                             232826.
File-backed pages:                            295191.
Anonymous pages:                              170898.
Pages stored in compressor:                   523807.
Pages occupied by compressor:                 198451.
Pageins:                                     3877750.
T 1790277176.193
Pages free:                                   110703.
Pages wired down:                             232823.
File-backed pages:                            295542.
Anonymous pages:                              171583.
Pages stored in compressor:                   523273.
Pages occupied by compressor:                 198330.
Pageins:                                     3877992.
T 1790277176.261
Pages free:                                   109982.
Pages wired down:                             232822.
File-backed pages:                            296493.
Anonymous pages:                              171318.
Pages stored in compressor:                   523174.
Pages occupied by compressor:                 198300.
Pageins:                                     3878539.
T 1790277176.329
Pages free:                                    93101.
Pages wired down:                             232824.
File-backed pages:                            297594.
Anonymous pages:                              187115.
Pages stored in compressor:                   523108.
Pages occupied by compressor:                 198274.
Pageins:                                     3879253.
T 1790277176.399
Pages free:                                    55353.
Pages wired down:                             232819.
File-backed pages:                            298610.
Anonymous pages:                              223911.
Pages stored in compressor:                   523039.
Pages occupied by compressor:                 198248.
Pageins:                                     3879892.
T 1790277176.465
Pages free:                                    19102.
Pages wired down:                             228419.
File-backed pages:                            299762.
Anonymous pages:                              263532.
Pages stored in compressor:                   523037.
Pages occupied by compressor:                 198247.
Pageins:                                     3880603.
T 1790277176.534
Pages free:                                     3906.
Pages wired down:                             228433.
File-backed pages:                            281611.
Anonymous pages:                              296681.
Pages stored in compressor:                   523031.
Pages occupied by compressor:                 198246.
Pageins:                                     3881017.
T 1790277176.600
Pages free:                                   131551.
Pages wired down:                             228427.
File-backed pages:                            276752.
Anonymous pages:                              171285.
Pages stored in compressor:                   528509.
Pages occupied by compressor:                 200892.
Pageins:                                     3881108.
T 1790277176.667
Pages free:                                    95228.
Pages wired down:                             228465.
File-backed pages:                            276754.
Anonymous pages:                              207672.
Pages stored in compressor:                   528344.
Pages occupied by compressor:                 200808.
Pageins:                                     3881131.
T 1790277176.735
Pages free:                                    57597.
Pages wired down:                             228526.
File-backed pages:                            276760.
Anonymous pages:                              245231.
Pages stored in compressor:                   528258.
Pages occupied by compressor:                 200764.
Pageins:                                     3881156.
T 1790277176.798
Pages free:                                    23610.
Pages wired down:                             228430.
File-backed pages:                            276929.
Anonymous pages:                              279251.
Pages stored in compressor:                   528233.
Pages occupied by compressor:                 200756.
Pageins:                                     3881288.
T 1790277176.865
Pages free:                                   130120.
Pages wired down:                             232817.
File-backed pages:                            276967.
Anonymous pages:                              168091.
Pages stored in compressor:                   529001.
Pages occupied by compressor:                 200987.
Pageins:                                     3881399.
T 1790277176.932
Pages free:                                    92276.
Pages wired down:                             232814.
File-backed pages:                            277121.
Anonymous pages:                              205687.
Pages stored in compressor:                   528990.
Pages occupied by compressor:                 200985.
Pageins:                                     3881517.
T 1790277176.999
Pages free:                                    55377.
Pages wired down:                             232813.
File-backed pages:                            277236.
Anonymous pages:                              242477.
Pages stored in compressor:                   528980.
Pages occupied by compressor:                 200983.
Pageins:                                     3881616.
T 1790277177.066
Pages free:                                    16008.
Pages wired down:                             232811.
File-backed pages:                            277403.
Anonymous pages:                              281796.
Pages stored in compressor:                   528969.
Pages occupied by compressor:                 200981.
Pageins:                                     3881749.
T 1790277177.130
Pages free:                                   125155.
Pages wired down:                             232805.
File-backed pages:                            277259.
Anonymous pages:                              172601.
Pages stored in compressor:                   529588.
Pages occupied by compressor:                 201154.
Pageins:                                     3881816.
T 1790277177.193
Pages free:                                    89533.
Pages wired down:                             232805.
File-backed pages:                            277386.
Anonymous pages:                              208099.
Pages stored in compressor:                   529477.
Pages occupied by compressor:                 201121.
Pageins:                                     3881915.
T 1790277177.256
Pages free:                                    56547.
Pages wired down:                             232777.
File-backed pages:                            277507.
Anonymous pages:                              241113.
Pages stored in compressor:                   529457.
Pages occupied by compressor:                 201120.
Pageins:                                     3882009.
T 1790277177.324
Pages free:                                    11703.
Pages wired down:                             232780.
File-backed pages:                            277650.
Anonymous pages:                              286132.
Pages stored in compressor:                   528455.
Pages occupied by compressor:                 200700.
Pageins:                                     3882119.
T 1790277177.409
Pages free:                                   135250.
Pages wired down:                             232779.
File-backed pages:                            277713.
Anonymous pages:                              161954.
Pages stored in compressor:                   530558.
Pages occupied by compressor:                 201340.
Pageins:                                     3882199.
T 1790277177.475
Pages free:                                   133581.
Pages wired down:                             233882.
File-backed pages:                            277849.
Anonymous pages:                              162341.
Pages stored in compressor:                   530522.
Pages occupied by compressor:                 201332.
Pageins:                                     3882314.
T 1790277177.540
Pages free:                                   133060.
Pages wired down:                             233881.
File-backed pages:                            278067.
Anonymous pages:                              162579.
Pages stored in compressor:                   530457.
Pages occupied by compressor:                 201314.
Pageins:                                     3882475.
T 1790277177.606
Pages free:                                   132951.
Pages wired down:                             233880.
File-backed pages:                            278261.
Anonymous pages:                              162627.
Pages stored in compressor:                   530446.
Pages occupied by compressor:                 201311.
Pageins:                                     3882636.
T 1790277177.674
Pages free:                                   132669.
Pages wired down:                             233893.
File-backed pages:                            278336.
Anonymous pages:                              162840.
Pages stored in compressor:                   530381.
Pages occupied by compressor:                 201295.
Pageins:                                     3882707.
T 1790277177.737
Pages free:                                   133366.
Pages wired down:                             232788.
File-backed pages:                            278464.
Anonymous pages:                              163086.
Pages stored in compressor:                   530177.
Pages occupied by compressor:                 201176.
Pageins:                                     3882802.
T 1790277177.804
Pages free:                                   133358.
Pages wired down:                             232790.
File-backed pages:                            278615.
Anonymous pages:                              163265.
Pages stored in compressor:                   529819.
Pages occupied by compressor:                 200895.
Pageins:                                     3882912.
T 1790277177.872
Pages free:                                   133224.
Pages wired down:                             232791.
File-backed pages:                            278793.
Anonymous pages:                              163257.
Pages stored in compressor:                   529816.
Pages occupied by compressor:                 200893.
Pageins:                                     3883049.
T 1790277177.939
Pages free:                                   133568.
Pages wired down:                             232797.
File-backed pages:                            278988.
Anonymous pages:                              163309.
Pages stored in compressor:                   529182.
Pages occupied by compressor:                 200267.
Pageins:                                     3883196.
T 1790277178.007
Pages free:                                   131618.
Pages wired down:                             232784.
File-backed pages:                            279155.
Anonymous pages:                              166685.
Pages stored in compressor:                   525738.
Pages occupied by compressor:                 198655.
Pageins:                                     3883322.
T 1790277178.073
Pages free:                                   131300.
Pages wired down:                             232788.
File-backed pages:                            279224.
Anonymous pages:                              167029.
Pages stored in compressor:                   525576.
Pages occupied by compressor:                 198588.
Pageins:                                     3883388.
T 1790277178.140
Pages free:                                   131240.
Pages wired down:                             232800.
File-backed pages:                            279234.
Anonymous pages:                              167168.
Pages stored in compressor:                   525390.
Pages occupied by compressor:                 198481.
Pageins:                                     3883411.
T 1790277178.208
Pages free:                                   131684.
Pages wired down:                             232797.
File-backed pages:                            279234.
Anonymous pages:                              167219.
Pages stored in compressor:                   524957.
Pages occupied by compressor:                 198050.
Pageins:                                     3883432.
T 1790277178.277
Pages free:                                   131330.
Pages wired down:                             232801.
File-backed pages:                            279366.
Anonymous pages:                              167632.
Pages stored in compressor:                   524567.
Pages occupied by compressor:                 197866.
Pageins:                                     3883540.
T 1790277178.344
Pages free:                                   130879.
Pages wired down:                             232799.
File-backed pages:                            279887.
Anonymous pages:                              167582.
Pages stored in compressor:                   524531.
Pages occupied by compressor:                 197842.
Pageins:                                     3883907.
T 1790277178.411
Pages free:                                   117513.
Pages wired down:                             232801.
File-backed pages:                            280339.
Anonymous pages:                              180677.
Pages stored in compressor:                   524294.
Pages occupied by compressor:                 197718.
Pageins:                                     3884229.
T 1790277178.479
Pages free:                                    82013.
Pages wired down:                             232786.
File-backed pages:                            280853.
Anonymous pages:                              215641.
Pages stored in compressor:                   524165.
Pages occupied by compressor:                 197692.
Pageins:                                     3884578.
T 1790277178.546
Pages free:                                    44368.
Pages wired down:                             232790.
File-backed pages:                            281322.
Anonymous pages:                              252718.
Pages stored in compressor:                   524156.
Pages occupied by compressor:                 197690.
Pageins:                                     3884902.
T 1790277178.613
Pages free:                                     5704.
Pages wired down:                             232801.
File-backed pages:                            281761.
Anonymous pages:                              290985.
Pages stored in compressor:                   524149.
Pages occupied by compressor:                 197690.
Pageins:                                     3885213.
T 1790277178.682
Pages free:                                   124743.
Pages wired down:                             232787.
File-backed pages:                            281736.
Anonymous pages:                              167560.
Pages stored in compressor:                   532248.
Pages occupied by compressor:                 202178.
Pageins:                                     3885523.
T 1790277178.750
Pages free:                                    87271.
Pages wired down:                             232779.
File-backed pages:                            282345.
Anonymous pages:                              204360.
Pages stored in compressor:                   532245.
Pages occupied by compressor:                 202178.
Pageins:                                     3885896.
T 1790277178.815
Pages free:                                    50535.
Pages wired down:                             232881.
File-backed pages:                            282967.
Anonymous pages:                              240433.
Pages stored in compressor:                   532207.
Pages occupied by compressor:                 202154.
Pageins:                                     3886321.
T 1790277178.904
Pages free:                                     3961.
Pages wired down:                             232835.
File-backed pages:                            281924.
Anonymous pages:                              288043.
Pages stored in compressor:                   532200.
Pages occupied by compressor:                 202153.
Pageins:                                     3886625.
T 1790277178.974
Pages free:                                   112074.
Pages wired down:                             232797.
File-backed pages:                            280754.
Anonymous pages:                              180758.
Pages stored in compressor:                   533304.
Pages occupied by compressor:                 202561.
Pageins:                                     3887212.
T 1790277179.042
Pages free:                                    73981.
Pages wired down:                             232797.
File-backed pages:                            281307.
Anonymous pages:                              218314.
Pages stored in compressor:                   533300.
Pages occupied by compressor:                 202560.
Pageins:                                     3887581.
T 1790277179.111
Pages free:                                    34715.
Pages wired down:                             232805.
File-backed pages:                            281593.
Anonymous pages:                              257212.
Pages stored in compressor:                   533298.
Pages occupied by compressor:                 202560.
Pageins:                                     3887758.
T 1790277179.177
Pages free:                                    13065.
Pages wired down:                             232788.
File-backed pages:                            280291.
Anonymous pages:                              280119.
Pages stored in compressor:                   533233.
Pages occupied by compressor:                 202542.
Pageins:                                     3887953.
T 1790277179.243
Pages free:                                   107903.
Pages wired down:                             232785.
File-backed pages:                            280724.
Anonymous pages:                              185084.
Pages stored in compressor:                   533079.
Pages occupied by compressor:                 202503.
Pageins:                                     3888227.
T 1790277179.305
Pages free:                                    72532.
Pages wired down:                             232778.
File-backed pages:                            281242.
Anonymous pages:                              219977.
Pages stored in compressor:                   532867.
Pages occupied by compressor:                 202425.
Pageins:                                     3888585.
T 1790277179.373
Pages free:                                    34273.
Pages wired down:                             232782.
File-backed pages:                            281837.
Anonymous pages:                              257613.
Pages stored in compressor:                   532867.
Pages occupied by compressor:                 202425.
Pageins:                                     3889025.
T 1790277179.440
Pages free:                                    44321.
Pages wired down:                             232779.
File-backed pages:                            278407.
Anonymous pages:                              250970.
Pages stored in compressor:                   532781.
Pages occupied by compressor:                 202409.
Pageins:                                     3889268.
T 1790277179.508
Pages free:                                   134253.
Pages wired down:                             232800.
File-backed pages:                            279058.
Anonymous pages:                              160609.
Pages stored in compressor:                   532375.
Pages occupied by compressor:                 202261.
Pageins:                                     3889407.
T 1790277179.576
Pages free:                                   133499.
Pages wired down:                             232794.
File-backed pages:                            279566.
Anonymous pages:                              160849.
Pages stored in compressor:                   532338.
Pages occupied by compressor:                 202257.
Pageins:                                     3889621.
T 1790277179.640
Pages free:                                   132958.
Pages wired down:                             232802.
File-backed pages:                            279998.
Anonymous pages:                              160897.
Pages stored in compressor:                   532331.
Pages occupied by compressor:                 202254.
Pageins:                                     3889754.
T 1790277179.708
Pages free:                                   132713.
Pages wired down:                             232802.
File-backed pages:                            280287.
Anonymous pages:                              160962.
Pages stored in compressor:                   532307.
Pages occupied by compressor:                 202251.
Pageins:                                     3889780.
T 1790277179.774
Pages free:                                   133401.
Pages wired down:                             232804.
File-backed pages:                            279925.
Anonymous pages:                              160534.
Pages stored in compressor:                   532230.
Pages occupied by compressor:                 202230.
Pageins:                                     3889821.
T 1790277179.838
Pages free:                                   132809.
Pages wired down:                             232800.
File-backed pages:                            279993.
Anonymous pages:                              161346.
Pages stored in compressor:                   531676.
Pages occupied by compressor:                 202080.
Pageins:                                     3889891.
T 1790277179.906
Pages free:                                   132761.
Pages wired down:                             232817.
File-backed pages:                            280001.
Anonymous pages:                              161465.
Pages stored in compressor:                   531625.
Pages occupied by compressor:                 202068.
Pageins:                                     3889915.
T 1790277179.974
Pages free:                                   133110.
Pages wired down:                             232765.
File-backed pages:                            280005.
Anonymous pages:                              161031.
Pages stored in compressor:                   531585.
Pages occupied by compressor:                 202049.
Pageins:                                     3889937.
T 1790277180.042
Pages free:                                   132297.
Pages wired down:                             233299.
File-backed pages:                            280004.
Anonymous pages:                              161555.
Pages stored in compressor:                   530936.
Pages occupied by compressor:                 201837.
Pageins:                                     3889959.
T 1790277180.106
Pages free:                                   131920.
Pages wired down:                             233292.
File-backed pages:                            280009.
Anonymous pages:                              162053.
Pages stored in compressor:                   530564.
Pages occupied by compressor:                 201747.
Pageins:                                     3889981.
T 1790277180.169
Pages free:                                   131315.
Pages wired down:                             233300.
File-backed pages:                            280012.
Anonymous pages:                              162684.
Pages stored in compressor:                   530069.
Pages occupied by compressor:                 201588.
Pageins:                                     3889999.
T 1790277180.238
Pages free:                                   142584.
Pages wired down:                             201828.
File-backed pages:                            295102.
Anonymous pages:                              167880.
Pages stored in compressor:                   528990.
Pages occupied by compressor:                 201553.
Pageins:                                     3890023.
T 1790277180.305
Pages free:                                   142641.
Pages wired down:                             201827.
File-backed pages:                            295101.
Anonymous pages:                              167856.
Pages stored in compressor:                   528988.
Pages occupied by compressor:                 201551.
Pageins:                                     3890043.
T 1790277180.371
Pages free:                                   142643.
Pages wired down:                             201809.
File-backed pages:                            295100.
Anonymous pages:                              167864.
Pages stored in compressor:                   528988.
Pages occupied by compressor:                 201551.
Pageins:                                     3890064.
T 1790277180.439
Pages free:                                   142015.
Pages wired down:                             201849.
File-backed pages:                            295174.
Anonymous pages:                              168364.
Pages stored in compressor:                   528730.
Pages occupied by compressor:                 201476.
Pageins:                                     3890133.
T 1790277180.507
Pages free:                                   112862.
Pages wired down:                             201830.
File-backed pages:                            295239.
Anonymous pages:                              197641.
Pages stored in compressor:                   528653.
Pages occupied by compressor:                 201440.
Pageins:                                     3890155.
T 1790277180.576
Pages free:                                    76216.
Pages wired down:                             201832.
File-backed pages:                            295291.
Anonymous pages:                              234196.
Pages stored in compressor:                   528647.
Pages occupied by compressor:                 201437.
Pageins:                                     3890228.
T 1790277180.642
Pages free:                                    39771.
Pages wired down:                             201835.
File-backed pages:                            295289.
Anonymous pages:                              270608.
Pages stored in compressor:                   528646.
Pages occupied by compressor:                 201437.
Pageins:                                     3890245.
T 1790277180.710
Pages free:                                   142111.
Pages wired down:                             201838.
File-backed pages:                            295290.
Anonymous pages:                              168300.
Pages stored in compressor:                   528644.
Pages occupied by compressor:                 201436.
Pageins:                                     3890267.
T 1790277180.777
Pages free:                                   105363.
Pages wired down:                             201835.
File-backed pages:                            295290.
Anonymous pages:                              205113.
Pages stored in compressor:                   528619.
Pages occupied by compressor:                 201427.
Pageins:                                     3890289.
T 1790277180.843
Pages free:                                    67634.
Pages wired down:                             202928.
File-backed pages:                            295290.
Anonymous pages:                              241734.
Pages stored in compressor:                   528617.
Pages occupied by compressor:                 201427.
Pageins:                                     3890311.
T 1790277180.911
Pages free:                                    29241.
Pages wired down:                             202976.
File-backed pages:                            295295.
Anonymous pages:                              280030.
Pages stored in compressor:                   528617.
Pages occupied by compressor:                 201427.
Pageins:                                     3890337.
T 1790277180.976
Pages free:                                   133422.
Pages wired down:                             203018.
File-backed pages:                            295294.
Anonymous pages:                              175787.
Pages stored in compressor:                   528614.
Pages occupied by compressor:                 201426.
Pageins:                                     3890358.
T 1790277181.039
Pages free:                                    99894.
Pages wired down:                             201829.
File-backed pages:                            295306.
Anonymous pages:                              210567.
Pages stored in compressor:                   528614.
Pages occupied by compressor:                 201426.
Pageins:                                     3890375.
T 1790277181.108
Pages free:                                    60376.
Pages wired down:                             201839.
File-backed pages:                            295407.
Anonymous pages:                              249915.
Pages stored in compressor:                   528593.
Pages occupied by compressor:                 201416.
Pageins:                                     3890453.
T 1790277181.173
Pages free:                                    21830.
Pages wired down:                             201845.
File-backed pages:                            295414.
Anonymous pages:                              288526.
Pages stored in compressor:                   528559.
Pages occupied by compressor:                 201405.
Pageins:                                     3890471.
T 1790277181.240
Pages free:                                   125984.
Pages wired down:                             201828.
File-backed pages:                            295410.
Anonymous pages:                              184437.
Pages stored in compressor:                   528520.
Pages occupied by compressor:                 201399.
Pageins:                                     3890492.
T 1790277181.307
Pages free:                                    88013.
Pages wired down:                             201833.
File-backed pages:                            295408.
Anonymous pages:                              222416.
Pages stored in compressor:                   528469.
Pages occupied by compressor:                 201346.
Pageins:                                     3890514.
T 1790277181.374
Pages free:                                    48410.
Pages wired down:                             201839.
File-backed pages:                            295408.
Anonymous pages:                              261936.
Pages stored in compressor:                   528463.
Pages occupied by compressor:                 201343.
Pageins:                                     3890534.
T 1790277181.442
Pages free:                                    42423.
Pages wired down:                             201834.
File-backed pages:                            295408.
Anonymous pages:                              267870.
Pages stored in compressor:                   528463.
Pages occupied by compressor:                 201343.
Pageins:                                     3890555.
T 1790277181.506
Pages free:                                   141963.
Pages wired down:                             197598.
File-backed pages:                            295416.
Anonymous pages:                              172732.
Pages stored in compressor:                   528440.
Pages occupied by compressor:                 201336.
Pageins:                                     3890577.
T 1790277181.573
Pages free:                                   141919.
Pages wired down:                             197611.
File-backed pages:                            295409.
Anonymous pages:                              172762.
Pages stored in compressor:                   528387.
Pages occupied by compressor:                 201331.
Pageins:                                     3890599.
T 1790277181.641
Pages free:                                   142146.
Pages wired down:                             177931.
File-backed pages:                            295421.
Anonymous pages:                              192147.
Pages stored in compressor:                   528341.
Pages occupied by compressor:                 201311.
Pageins:                                     3890626.
T 1790277181.705
Pages free:                                   156657.
Pages wired down:                             114937.
File-backed pages:                            353939.
Anonymous pages:                              182123.
Pages stored in compressor:                   528300.
Pages occupied by compressor:                 201309.
Pageins:                                     3890648.
T 1790277181.769
Pages free:                                   156552.
Pages wired down:                             114942.
File-backed pages:                            354054.
Anonymous pages:                              182128.
Pages stored in compressor:                   528285.
Pages occupied by compressor:                 201305.
Pageins:                                     3890723.
T 1790277181.837
Pages free:                                   156579.
Pages wired down:                             114921.
File-backed pages:                            354053.
Anonymous pages:                              182115.
Pages stored in compressor:                   528240.
Pages occupied by compressor:                 201293.
Pageins:                                     3890746.
T 1790277181.902
Pages free:                                   156466.
Pages wired down:                             119137.
File-backed pages:                            354053.
Anonymous pages:                              178040.
Pages stored in compressor:                   528235.
Pages occupied by compressor:                 201293.
Pageins:                                     3890764.
T 1790277181.969
Pages free:                                   156377.
Pages wired down:                             119161.
File-backed pages:                            354058.
Anonymous pages:                              178075.
Pages stored in compressor:                   528235.
Pages occupied by compressor:                 201293.
Pageins:                                     3890785.
T 1790277182.034
Pages free:                                   156063.
Pages wired down:                             119162.
File-backed pages:                            354062.
Anonymous pages:                              178339.
Pages stored in compressor:                   528227.
Pages occupied by compressor:                 201290.
Pageins:                                     3890806.
T 1790277182.101
Pages free:                                   156207.
Pages wired down:                             119160.
File-backed pages:                            354058.
Anonymous pages:                              178306.
Pages stored in compressor:                   528204.
Pages occupied by compressor:                 201284.
Pageins:                                     3890828.
T 1790277182.168
Pages free:                                   156248.
Pages wired down:                             119147.
File-backed pages:                            354055.
Anonymous pages:                              178197.
Pages stored in compressor:                   528182.
Pages occupied by compressor:                 201277.
Pageins:                                     3890852.
T 1790277182.235
Pages free:                                   156022.
Pages wired down:                             118630.
File-backed pages:                            354054.
Anonymous pages:                              178832.
Pages stored in compressor:                   528178.
Pages occupied by compressor:                 201277.
Pageins:                                     3890869.
T 1790277182.300
Pages free:                                   156229.
Pages wired down:                             118605.
File-backed pages:                            354056.
Anonymous pages:                              178853.
Pages stored in compressor:                   528172.
Pages occupied by compressor:                 201276.
Pageins:                                     3890894.
T 1790277182.365
Pages free:                                   156476.
Pages wired down:                             118613.
File-backed pages:                            354115.
Anonymous pages:                              178600.
Pages stored in compressor:                   528169.
Pages occupied by compressor:                 201275.
Pageins:                                     3890913.
T 1790277182.432
Pages free:                                   156447.
Pages wired down:                             118610.
File-backed pages:                            354170.
Anonymous pages:                              178545.
Pages stored in compressor:                   528164.
Pages occupied by compressor:                 201275.
Pageins:                                     3890989.
T 1790277182.499
Pages free:                                   156272.
Pages wired down:                             118621.
File-backed pages:                            354171.
Anonymous pages:                              178637.
Pages stored in compressor:                   528164.
Pages occupied by compressor:                 201275.
Pageins:                                     3891010.
T 1790277182.568
Pages free:                                   156209.
Pages wired down:                             118620.
File-backed pages:                            354171.
Anonymous pages:                              178630.
Pages stored in compressor:                   528163.
Pages occupied by compressor:                 201275.
Pageins:                                     3891030.
T 1790277182.637
Pages free:                                   156159.
Pages wired down:                             118615.
File-backed pages:                            354173.
Anonymous pages:                              178760.
Pages stored in compressor:                   528162.
Pages occupied by compressor:                 201274.
Pageins:                                     3891055.
T 1790277182.703
Pages free:                                   155922.
Pages wired down:                             118628.
File-backed pages:                            354176.
Anonymous pages:                              178931.
Pages stored in compressor:                   528156.
Pages occupied by compressor:                 201274.
Pageins:                                     3891073.
T 1790277182.773
Pages free:                                   155909.
Pages wired down:                             118626.
File-backed pages:                            354172.
Anonymous pages:                              178953.
Pages stored in compressor:                   528082.
Pages occupied by compressor:                 201254.
Pageins:                                     3891094.
T 1790277182.842
Pages free:                                   156081.
Pages wired down:                             118616.
File-backed pages:                            354171.
Anonymous pages:                              178809.
Pages stored in compressor:                   528064.
Pages occupied by compressor:                 201252.
Pageins:                                     3891118.
T 1790277182.910
Pages free:                                   156106.
Pages wired down:                             118624.
File-backed pages:                            354172.
Anonymous pages:                              178827.
Pages stored in compressor:                   528064.
Pages occupied by compressor:                 201252.
Pageins:                                     3891138.
T 1790277182.981
Pages free:                                   156229.
Pages wired down:                             118613.
File-backed pages:                            354178.
Anonymous pages:                              178759.
Pages stored in compressor:                   527997.
Pages occupied by compressor:                 201227.
Pageins:                                     3891159.
T 1790277183.049
Pages free:                                   154610.
Pages wired down:                             118720.
File-backed pages:                            354244.
Anonymous pages:                              180153.
Pages stored in compressor:                   527993.
Pages occupied by compressor:                 201227.
Pageins:                                     3891179.
T 1790277183.116
Pages free:                                   154663.
Pages wired down:                             118701.
File-backed pages:                            354302.
Anonymous pages:                              180049.
Pages stored in compressor:                   527992.
Pages occupied by compressor:                 201227.
Pageins:                                     3891258.
T 1790277183.184
Pages free:                                   155365.
Pages wired down:                             118619.
File-backed pages:                            354306.
Anonymous pages:                              180037.
Pages stored in compressor:                   526773.
Pages occupied by compressor:                 200629.
Pageins:                                     3891280.
T 1790277183.254
Pages free:                                   155584.
Pages wired down:                             118630.
File-backed pages:                            354302.
Anonymous pages:                              179877.
Pages stored in compressor:                   526758.
Pages occupied by compressor:                 200629.
Pageins:                                     3891303.
T 1790277183.324
Pages free:                                   155516.
Pages wired down:                             118639.
File-backed pages:                            354302.
Anonymous pages:                              179926.
Pages stored in compressor:                   526750.
Pages occupied by compressor:                 200628.
Pageins:                                     3891322.
T 1790277183.393
Pages free:                                   155446.
Pages wired down:                             118632.
File-backed pages:                            354302.
Anonymous pages:                              180086.
Pages stored in compressor:                   526733.
Pages occupied by compressor:                 200622.
Pageins:                                     3891344.
T 1790277183.462
Pages free:                                   154308.
Pages wired down:                             119731.
File-backed pages:                            354302.
Anonymous pages:                              180101.
Pages stored in compressor:                   526733.
Pages occupied by compressor:                 200622.
Pageins:                                     3891366.
T 1790277183.529
Pages free:                                   154030.
Pages wired down:                             118500.
File-backed pages:                            354318.
Anonymous pages:                              181449.
Pages stored in compressor:                   526732.
Pages occupied by compressor:                 200622.
Pageins:                                     3891393.
T 1790277183.600
Pages free:                                   154037.
Pages wired down:                             118501.
File-backed pages:                            354316.
Anonymous pages:                              181417.
Pages stored in compressor:                   526726.
Pages occupied by compressor:                 200621.
Pageins:                                     3891417.
T 1790277183.670
Pages free:                                   154410.
Pages wired down:                             118508.
File-backed pages:                            354314.
Anonymous pages:                              181163.
Pages stored in compressor:                   526710.
Pages occupied by compressor:                 200615.
Pageins:                                     3891435.
T 1790277183.742
Pages free:                                   155713.
Pages wired down:                             117403.
File-backed pages:                            354089.
Anonymous pages:                              181121.
Pages stored in compressor:                   526698.
Pages occupied by compressor:                 200610.
Pageins:                                     3891457.
T 1790277183.811
Pages free:                                   155576.
Pages wired down:                             117398.
File-backed pages:                            354143.
Anonymous pages:                              181245.
Pages stored in compressor:                   526696.
Pages occupied by compressor:                 200609.
Pageins:                                     3891526.
T 1790277183.882
Pages free:                                   155679.
Pages wired down:                             117404.
File-backed pages:                            354140.
Anonymous pages:                              181094.
Pages stored in compressor:                   526696.
Pages occupied by compressor:                 200609.
Pageins:                                     3891547.
T 1790277183.954
Pages free:                                   155487.
Pages wired down:                             117415.
File-backed pages:                            354141.
Anonymous pages:                              181262.
Pages stored in compressor:                   526678.
Pages occupied by compressor:                 200605.
Pageins:                                     3891569.
T 1790277184.027
Pages free:                                   155470.
Pages wired down:                             117407.
File-backed pages:                            354141.
Anonymous pages:                              181315.
Pages stored in compressor:                   526677.
Pages occupied by compressor:                 200605.
Pageins:                                     3891589.
T 1790277184.099
Pages free:                                   155421.
Pages wired down:                             117406.
File-backed pages:                            354143.
Anonymous pages:                              181393.
Pages stored in compressor:                   526670.
Pages occupied by compressor:                 200604.
Pageins:                                     3891610.
T 1790277184.168
Pages free:                                   155457.
Pages wired down:                             117401.
File-backed pages:                            354143.
Anonymous pages:                              181426.
Pages stored in compressor:                   526670.
Pages occupied by compressor:                 200604.
Pageins:                                     3891631.
T 1790277184.240
Pages free:                                   155359.
Pages wired down:                             117401.
File-backed pages:                            354143.
Anonymous pages:                              181380.
Pages stored in compressor:                   526661.
Pages occupied by compressor:                 200600.
Pageins:                                     3891652.
T 1790277184.312
Pages free:                                   155413.
Pages wired down:                             117397.
File-backed pages:                            354151.
Anonymous pages:                              181435.
Pages stored in compressor:                   526618.
Pages occupied by compressor:                 200585.
Pageins:                                     3891681.
T 1790277184.383
Pages free:                                   155400.
Pages wired down:                             117404.
File-backed pages:                            354249.
Anonymous pages:                              181316.
Pages stored in compressor:                   526615.
Pages occupied by compressor:                 200585.
Pageins:                                     3891745.
T 1790277184.453
Pages free:                                   155581.
Pages wired down:                             117387.
File-backed pages:                            354248.
Anonymous pages:                              181212.
Pages stored in compressor:                   526614.
Pages occupied by compressor:                 200585.
Pageins:                                     3891765.
T 1790277184.523
Pages free:                                   155353.
Pages wired down:                             117401.
File-backed pages:                            354249.
Anonymous pages:                              181344.
Pages stored in compressor:                   526605.
Pages occupied by compressor:                 200583.
Pageins:                                     3891787.
T 1790277184.593
Pages free:                                   155484.
Pages wired down:                             117385.
File-backed pages:                            354249.
Anonymous pages:                              181222.
Pages stored in compressor:                   526599.
Pages occupied by compressor:                 200581.
Pageins:                                     3891809.
T 1790277184.663
Pages free:                                   155214.
Pages wired down:                             117395.
File-backed pages:                            354251.
Anonymous pages:                              181503.
Pages stored in compressor:                   526599.
Pages occupied by compressor:                 200581.
Pageins:                                     3891829.
T 1790277184.734
Pages free:                                   155265.
Pages wired down:                             117409.
File-backed pages:                            354251.
Anonymous pages:                              181504.
Pages stored in compressor:                   526599.
Pages occupied by compressor:                 200581.
Pageins:                                     3891849.
T 1790277184.801
Pages free:                                   155124.
Pages wired down:                             117403.
File-backed pages:                            354257.
Anonymous pages:                              181589.
Pages stored in compressor:                   526584.
Pages occupied by compressor:                 200579.
Pageins:                                     3891868.
T 1790277184.868
Pages free:                                   155289.
Pages wired down:                             117402.
File-backed pages:                            354257.
Anonymous pages:                              181475.
Pages stored in compressor:                   526584.
Pages occupied by compressor:                 200579.
Pageins:                                     3891889.
T 1790277184.936
Pages free:                                   155321.
Pages wired down:                             117401.
File-backed pages:                            354302.
Anonymous pages:                              181357.
Pages stored in compressor:                   526584.
Pages occupied by compressor:                 200579.
Pageins:                                     3891910.
T 1790277185.004
Pages free:                                   155375.
Pages wired down:                             114260.
File-backed pages:                            354339.
Anonymous pages:                              184445.
Pages stored in compressor:                   526580.
Pages occupied by compressor:                 200577.
Pageins:                                     3891975.
T 1790277185.068
Pages free:                                   155409.
Pages wired down:                             114249.
File-backed pages:                            354341.
Anonymous pages:                              184385.
Pages stored in compressor:                   526580.
Pages occupied by compressor:                 200577.
Pageins:                                     3891999.
T 1790277185.135
Pages free:                                   155238.
Pages wired down:                             114258.
File-backed pages:                            354341.
Anonymous pages:                              184561.
Pages stored in compressor:                   526410.
Pages occupied by compressor:                 200535.
Pageins:                                     3892021.
T 1790277185.202
Pages free:                                   153835.
Pages wired down:                             114326.
File-backed pages:                            354341.
Anonymous pages:                              185943.
Pages stored in compressor:                   526407.
Pages occupied by compressor:                 200534.
Pageins:                                     3892042.
T 1790277185.266
Pages free:                                   154584.
Pages wired down:                             114278.
File-backed pages:                            354341.
Anonymous pages:                              185274.
Pages stored in compressor:                   526390.
Pages occupied by compressor:                 200526.
Pageins:                                     3892063.
T 1790277185.332
Pages free:                                   155269.
Pages wired down:                             114238.
File-backed pages:                            354341.
Anonymous pages:                              184615.
Pages stored in compressor:                   526388.
Pages occupied by compressor:                 200525.
Pageins:                                     3892083.
T 1790277185.399
Pages free:                                   155161.
Pages wired down:                             118633.
File-backed pages:                            354350.
Anonymous pages:                              180311.
Pages stored in compressor:                   526327.
Pages occupied by compressor:                 200507.
Pageins:                                     3892113.
T 1790277185.465
Pages free:                                   155253.
Pages wired down:                             118636.
File-backed pages:                            354350.
Anonymous pages:                              180302.
Pages stored in compressor:                   526327.
Pages occupied by compressor:                 200507.
Pageins:                                     3892133.
T 1790277185.532
Pages free:                                   155258.
Pages wired down:                             118627.
File-backed pages:                            354397.
Anonymous pages:                              180192.
Pages stored in compressor:                   526325.
Pages occupied by compressor:                 200507.
Pageins:                                     3892154.
T 1790277185.598
Pages free:                                   155286.
Pages wired down:                             118634.
File-backed pages:                            354447.
Anonymous pages:                              180109.
Pages stored in compressor:                   526322.
Pages occupied by compressor:                 200507.
Pageins:                                     3892223.
T 1790277185.664
Pages free:                                   154819.
Pages wired down:                             118623.
File-backed pages:                            354468.
Anonymous pages:                              180594.
Pages stored in compressor:                   525927.
Pages occupied by compressor:                 200366.
Pageins:                                     3892249.
T 1790277185.731
Pages free:                                   154418.
Pages wired down:                             118642.
File-backed pages:                            354647.
Anonymous pages:                              180994.
Pages stored in compressor:                   525768.
Pages occupied by compressor:                 200292.
Pageins:                                     3892278.
T 1790277185.800
Pages free:                                   153292.
Pages wired down:                             118553.
File-backed pages:                            354727.
Anonymous pages:                              182163.
Pages stored in compressor:                   525284.
Pages occupied by compressor:                 200128.
Pageins:                                     3892312.
T 1790277185.865
Pages free:                                   152161.
Pages wired down:                             118571.
File-backed pages:                            354909.
Anonymous pages:                              183159.
Pages stored in compressor:                   525169.
Pages occupied by compressor:                 200085.
Pageins:                                     3892344.
T 1790277185.933
Pages free:                                   152036.
Pages wired down:                             118548.
File-backed pages:                            354939.
Anonymous pages:                              183349.
Pages stored in compressor:                   525050.
Pages occupied by compressor:                 200041.
Pageins:                                     3892368.
T 1790277186.000
Pages free:                                   151707.
Pages wired down:                             118554.
File-backed pages:                            355060.
Anonymous pages:                              183592.
Pages stored in compressor:                   524854.
Pages occupied by compressor:                 199979.
Pageins:                                     3892475.
T 1790277186.064
Pages free:                                   151775.
Pages wired down:                             118538.
File-backed pages:                            355059.
Anonymous pages:                              183593.
Pages stored in compressor:                   524852.
Pages occupied by compressor:                 199978.
Pageins:                                     3892494.
T 1790277186.126
Pages free:                                   151664.
Pages wired down:                             118579.
File-backed pages:                            355060.
Anonymous pages:                              183713.
Pages stored in compressor:                   524833.
Pages occupied by compressor:                 199976.
Pageins:                                     3892514.
T 1790277186.194
Pages free:                                   151717.
Pages wired down:                             118577.
File-backed pages:                            355059.
Anonymous pages:                              183629.
Pages stored in compressor:                   524827.
Pages occupied by compressor:                 199973.
Pageins:                                     3892536.
T 1790277186.261
Pages free:                                   151787.
Pages wired down:                             118591.
File-backed pages:                            355117.
Anonymous pages:                              183511.
Pages stored in compressor:                   524818.
Pages occupied by compressor:                 199969.
Pageins:                                     3892554.
T 1790277186.327
Pages free:                                   151738.
Pages wired down:                             118580.
File-backed pages:                            355179.
Anonymous pages:                              183504.
Pages stored in compressor:                   524814.
Pages occupied by compressor:                 199967.
Pageins:                                     3892627.
T 1790277186.395
Pages free:                                   151751.
Pages wired down:                             118590.
File-backed pages:                            355179.
Anonymous pages:                              183511.
Pages stored in compressor:                   524813.
Pages occupied by compressor:                 199967.
Pageins:                                     3892649.
T 1790277186.463
Pages free:                                   151816.
Pages wired down:                             118578.
File-backed pages:                            355179.
Anonymous pages:                              183454.
Pages stored in compressor:                   524811.
Pages occupied by compressor:                 199967.
Pageins:                                     3892671.
T 1790277186.530
Pages free:                                   151738.
Pages wired down:                             118579.
File-backed pages:                            355179.
Anonymous pages:                              183456.
Pages stored in compressor:                   524811.
Pages occupied by compressor:                 199967.
Pageins:                                     3892692.
T 1790277186.598
Pages free:                                   151461.
Pages wired down:                             118594.
File-backed pages:                            355178.
Anonymous pages:                              183746.
Pages stored in compressor:                   524810.
Pages occupied by compressor:                 199967.
Pageins:                                     3892711.
T 1790277186.664
Pages free:                                   151666.
Pages wired down:                             118579.
File-backed pages:                            355180.
Anonymous pages:                              183683.
Pages stored in compressor:                   524810.
Pages occupied by compressor:                 199967.
Pageins:                                     3892732.
T 1790277186.731
Pages free:                                   151602.
Pages wired down:                             118581.
File-backed pages:                            355180.
Anonymous pages:                              183635.
Pages stored in compressor:                   524809.
Pages occupied by compressor:                 199967.
Pageins:                                     3892753.
T 1790277186.799
Pages free:                                   151583.
Pages wired down:                             118577.
File-backed pages:                            355180.
Anonymous pages:                              183680.
Pages stored in compressor:                   524809.
Pages occupied by compressor:                 199967.
Pageins:                                     3892776.
                                                                                                                                                                                                                                                                                                                                                                                                                                                                                                                                                                                                                                                                                                                                                                                                                                                                                                                                                                                                                                                                                                                                                                                                                                                                                                                                                                                                                                                                                                                                                                                                                                                                                                                                                                                                                                                                                                                                                                                                                                                                                                                                                                                                                                                                                                                                                                                                                                                                                                                                                                                                                                                                                                                                                                                                                                                                                                                                                                                                                                                                                                                                                                                                                                                                                                                                                                                                                                                                                                                                                                                                                                                                                                                                                                                                                                                                                                                                                                                                                                                                                                                                                                                                                                                                                                                                                                                                                                                                                                                                                                                                                                                                                                                                                                                                                                                                                                                                                                                                                                                                                                                                                                                                                                                                                                                                                                                                                                                                                                                                                                                                                                                                                                                                                                                                                                                                                                                                                                                                                                                                                                                                                                                                                                                                                                                                                                                                                                                                                                                                                                                                                                                                                                                                                                                                                                                                                                                                                                                                                                                                                                                                                                                                                                                                                                                                                                                                                                                                                                                                                                                                                                                                                                                                                                                                                                                                                                                                                                                                                                                                                                                                                                                                                                                                                                                                                                                                                                                                                                                                                                                                                                                                                                                                                                                                                                                                                                                                                                                                                                                                                                                                                                                                                                                                                                                                                                                                                                                                                                                                                                                                                                                                                                                                                                                                                                                                                                                                                                                                                                                                                                                                                                                                                                                                                                                                                                                                                                                                                                                                                                                                                                                                                                                                                                                                                                                                                                                                                                                                                                                                                                                                                                                                                                                                                                                                                                                                                                                                                                                                                                                                                                                                                                                                                                                                                                                                                                                                                                                                                                                                                                                                                                                                                                                                                                                                                                                                                                                                                                                                                                                                                                                                                                                                                                                                                                                                                                                                                                                                                                                                                                                                                                                                                                                                                                                                                                                                                                                                                                                                                                                                                                                                                                                                                                                                                                                                                                                                                                                                                                                                                                                                                                                                                                                                                                                                                                                                                                                                                                                                                                                                                                                                                                                                                                                                                                                                                                                                                                                                                                                                                                                                                                                                                                                                                                                                                                                                                                                                                                                                                                                                                                                                                                                                                                                                                                                                                                                                                                                                                                                                                                                                                                                                                                                                                                                                                                                                                                                                                                                                                                                                                                                                                                                                                                                                                                                                                                                                                                                                                                                                                                                                                                                                                                                                                                                                                                                                                                                                                                                                                                                                                                                                                                                                                                                                                                                                                                                                                                                                                                                                                                                                                                                                                                                                                                                                                                                                                                                                                                                                                                                                                                                                                                                                                                                                                                                                                                                                                                                                                                                                                                                                                                                                                                                                                                                                                                                                                                                                                                                                                                                                                                                                                                                                                                                                                                                                                                                                                                                                                                                                                                                                                                                                                                                                                                                                                                                                                                                                                                                                                                                                                                                                                                                                                                                                                                                                                                                                                                                                                                                                                                                                                                                                                                                                                                                                                                                                                                                                                                                                                                                                                                                                                                                                                                                                                                                                                                                                                                                                                                                                                                                                                                                                                                                                                                                                                                                                                                                                                                                                                                                                                                                                                                                                                                                                                                                                                                                                                                                                                                                                                                                                                                                                                                                                                                                                                                                                                                                                                                                                                                                                                                                                                                                                                                                                                                                                                                                                                                                                                                                                                                                                                                                                                                                                                                                                                                                                                                                                                                                                                                                                                                                                                                                                                                                                                                                                                                                                                                                                                                                                                                                                                                                                                                                                                                                                                                                                                                                                                                                                                                                                                                                                                                                                                                                                                                                                                                                                                                                                                                                                                                                                                                                                                                                                                                                                                                                                                                                                                                                                                                                                                                                                                                                                                                                                                                                                                                                                                                                                                                                                                                                                                                                                                                                                                                                                                                                                                                                                                                                                                                                                                                                                                                                                                                                                                                                                                                                                                                                                                                                                                                                                                                                                                                                                                                                                                                                                                                                                                                                                                                                                                                                                                                                                                                                                                                                                                                                                                                                                                                                                                                                                                                                                                                                                                                                                                                                                                                                                                                                                                                                                                                                                                                                                                                                                                                                                                                                                                                                                                                                                                                                                                                                                                                                                                                                                                                                                                                                                                                                                                                                                                                                                                                                                                                                                                                                                                                                                                                                                                                                                                                                                                                                                                                                                                                                                                                                                                                                                                                                                                                                                                                                                                                                                                                                                                                                                                                                                                                                                                                                                                                                                                                                                                                                                                                                                                                                                                                                                                                                                                                                                                                                                                                                                                                                                                                                                                                                                                                                                                                                                                                                                                                                                                                                                                                                                                                                                                                                                                                                                                                                                                                                                                                                                                                                                                                                                                                                                                                                                                                                                                                                                                                                                                                                                                                                                                                                                                                                                                                                                                                                                                                                                                                                                                                                                                                                                                                                                                                                                                                                                                                                                                                                                                                                                                                                                                                                                                                                                                                                                                                                                                                                                                                                                                                                                                                                                                                                                                                                                                                                                                                                                                                                                                                                                                                                                                                                                                                                                                                                                                                                                                                                                                                                                                                                                                                                                                                                                                                                                                                                                                                                                                                                                                                                                                                                                                                                                                                                                                                                                                                                                                                                                                                                                                                                                                                                                                                                                                                                                                                                                                                                                                                                                                                                                                                                                                                                                                                                                                                                                                                                                                                                                                                                                                                                                                                                                                                                                                                                                                                                                                                                                                                                                                                                                                                                                                                                                                                                                                                                                                                                                                                                                                                                                                                                                                                                                                                                                                                                                                                                                                                                                                                                                                                                                                                                                                                                                                                                                                                                                                                                                                                                                                                                                                                                                                                                                                                                                                                                                                                                                                                                                                                                                                                                                                                                                                                                                                                                                                                                                                                                                                                                                                                                                                                                                                                                                                                                                                                                                                                                                                                                                                                                                                                                                                                                                                                                                                                                                                                                                                                                                                                                                                                                                                                                                                                                                                                                                                                                                                                                                                                                                                                                                                                                                                                                                                                                                                                                                                                                                                                                                                                                                                                                                                                                                                                                                                                                                                                                                                                                                                                                                                                                                                                                                                                                                                                                                                                                                                                                                                                                                                                                                                                                                                                                                                                                                                                                                                                                                                                                                                                                                                                                                                                                                                                                                                                                                                                                                                                                                                                                                                                                                                                                                                                                                                                                                                                                                                                                                                                                                                                                                                                                                                                                                                                                                                                                                                                                                                                                                                                                                                                                                                                                                                                                                                                                                                                                                                                                                                                                                                                                                                                                                                                                                                                                                                                                                                                                                                                                                                                                                                                                                                                                                                                                                                                                                                                                                                                                                                                                                                                                                                                                                                                                                                                                                                                                                                                                                                                                                                                                                                                                                                                                                                                                                                                                                                                                                                                                                                                                                                                                                                                                                                                                                                                                                                                                                                                                                                                                                                                                                                                                                                                                                                                                                                                                                                                                                                                                                                                                                                                                                                                                                                                                                                                                                                                                                                                                                                                                                                                                                                                                                                                                                                                                                                                                                                                                                                                                                                                                                                                                                                                                                                                                                                                                                                                                                                                                                                                                                                                                                                                                                                                                                                                                                                                                                                                                                                                                                                                                                                                                                                                                                                                                                                                                                                                                                                                                                                                                                                                                                                                                                                                                                                                                                                                                                                                                                                                                                                                                                                                                                                                                                                                                                                                                                                                                                                                                                                                                                                                                                                                                                                                                                                                                                                                                                                                                                                                                                                                                                                                                                                                                                                                                                                                                                                                                                                                                                                                                                                                                                                                                                                                                                                                                                                                                                                                                                                                                                                                                                                                                                                                                                                                                                                                                                                                                                                                                                                                                                                                                                                                                                                                                                                                                                                                                                                                                                                                                                                                                                                                                                                                                                                                                                                                                                                                                                                                                                                                                                                                                                                                                                                                                                                                                                                                                                                                                                                                                                                                                                                                                                                                                                                                                                                                                                                                                                                                                                                                                                                                                                                                                                                                                                                                                                                                                                                                                                                                                                                                                                                                                                                                                                                                                                                                                                                                                                                                                                                                                                                                                                                                                                                                                                                                                                                                                                                                                                                                                                                                                                                                                                                                                                                                                                                                                                                                                                                                                                                                                                                                                                                                                                                                                                                                                                                                                                                                                                                                                                                                                                                                                                                                                                                                                                                                                                                                                                                                                                                                                                                                                                                                                                                                                                                                                                                                                                                                                                                                                                                                                                                                                                                                                                                                                                                                                                                                                                                                                                                                                                                                                                                                                                                                                                                                                                                                                                                                                                                                                                                                                                                                                                                                                                                                                                                                                                                                                                                                                                                                                                                                                                                                                                                                                                                                                                                                                                                                                                                                                                                                                                                                                                                                                                                                                                                                                                                                                                                                                                                                                                                                                                                                                                                                                                                                                                                                                                                                                                                                                                                                                                                                                                                                                                                                                                                                                                                                                                                                                                                                                                                                                                                                                                                                                                                                                                                                                                                                                                                                                                                                                                                                                                                                                                                                                                                                                                                                                                                                                                                                                                                                                                                                                                                                                                                                                                                                                                                                                                                                                                                                                                                                                                                                                                                                                                                                                                                                                                                                                                                                                                                                                                                                                                                                                                                                                                                                                                                                                                                                                                                                                                                                                                                                                                                                                                                                                                                                                                                                                                                                                                                                                                                                                                                                                                                                                                                                                                                                                                                                                                                                                                                                                                                                                                                                                                                                                                                                                                                                                                                                                                                                                                                                                                                                                                                                                                                                                                                                                                                                                                                                                                                                                                                                                                                                                                                                                                                                                                                                                                                                                                                                                                                                                                                                                                                                                                                                                                                                                                                                                                                                                                                                                                                                                                                                                                                                                                                                                                                                                                                                                                                                                                                                                                                                                                                                                                                                                                                                                                                                                                                                                                                                                                                                                                                                                                                                                                                                                                                                                                                                                                                                                                                                                                                                                                                                                                                                                                                                                                                                                                                                                                                                                                                                                                                                                                                                                                                                                                                                                                                                                                                                                                                                                                                                                                                                                                                                                                                                                                                                                                                                                                                                                                                                                                                                                                                                                                                                                                                                                                                                                                                                                                                                                                                                                                                                                                                                                                                                                                                                                                                                                                                                                                                                                                                                                                                                                                                                                                                                                                                                                                                                                                                                                                                                                                                                                                                                                                                                                                                                                                                                                                                                                                                                                                                                                                                                                                                                                                                                                                                                                                                                                                                                                                                                                                                                                                                                                                                                                                                                                                                                                                                                                                                                                                                                                                                                                                                                                                                                                                                                                                                                                                                                                                                                                                                                                                                                                                                                                                                                                                                                                                                                                                                                                                                                                                                                                                                                                                                                                                                                                                                                                                                                                                                                                                                                                                                                                                                                                                                                                                                                                                                                                                                                                                                                                                                                                                                                                                                                                                                                                                                                                                                                                                                                                                                                                                                                                                                                                                                                                                                                                                                                                                                                                                                                                                                                                                                                                                                                                                                                                                                                                                                                                                                                                                                                                                                                                                                                                                                                                                                                                                                                                                                                                                                                                                                                                                                                                                                                                                                                                                                                                                                                                                                                                                                                                                                                                                                                                                                                                                                                                                                                                                                                                                                                                                                                                                                                                                                                                                                                                                                                                                                                                                                                                                                                                                                                                                                                                                                                                                                                                                                                                                                                                                                                                                                                                                                                                                                                                                                                                                                                                                                                                                                                                                                                                                                                                                                                                                                                                                                                                                                                                                                                                                                                                                                                                                                                                                                                                                                                                                                                                                                                                                                                                                                                                                                                                                                                                                                                                                                                                                                                                                                                                                                                                                                                                                                                                                                                                                                                                                                                                                                                                                                                                                                                                                                                                                                                                                                                                                                                                                                                                                                                                                                                                                                                                                                                                                                                                                                                                                                                                                                                                                                                                                                                                                                                                                                                                                                                                                                                                                                                                                                                                                                                                                                                                                                                                                                                                                                                                                                                                                                                                                                                                                                                                                                                                                                                                                                                                                                                                                                                                                                                                                                                                                                                                                                                                                                                                                                                                                                                                                                                                                                                                                                                                                                                                                                                                                                                                                                                                                                                                                                                                                                                                                                                                                                                                                                                                                                                                                                                                                                                                                                                                                                                                                                                                                                                                                                                                                                                                                                                                                                                                                                                                                                                                                                                                                                                                                                                                                                                                                                                                                                                                                                                                                                                                                                                                                                                                                                                                                                                                                                                                                                                                                                                                                                                                                                                                                                                                                                                                                                                                                                                                                                                                                                                                                                                                                                                                                                                                                                                                                                                                                                                                                                                                                                                                                                                                                                                                                                                                                                                                                                                                                                                                                                                                                                                                                                                                                                                                                                                                                                                                                                                                                                                                                                                                                                                                                                                                                                                                                                                                                                                                                                                                                                                                                                                                                                                                                                                                                                                                                                                                                                                                                                                                                                                                                                                                                                                                                                                                                                                                                                                                                                                                                                                                                                                                                                                                                                                                                                                                                                                                                                                                                                                                                                                                                                                                                                                                                                                                                                                                                                                                                                                                                                                                                                                                                                                                                                                                                                                                                                                                                                                                                                                                                                                                                                                                                                                                                                                                                                                                                                                                                                                                                                                                                                                                                                                                                                                                                                                                                                                                                                                                                                                                                                                                                                                                                                                                                                                                                                                                                                                                                                                                                                                                                                                                                                                                                                                                                                                                                                                                                                                                                                                                                                                                                                                                                                                                                                                                                                                                                                                                                                                                                                                                                                                                                                                                                                                                                                                                                                                                                                                                                                                                                                                                                                                                                                                                                                                                                                                                                                                                                                                                                                                                                                                                                                                                                                                                                                                                                                                                                                                                                                                                                                                                                                                                                                                                                                                                                                                                                                                                                                                                                                                                                                                                                                                                                                                                                                                                                                                                                                                                                                                                                                                                                                                                                                                                                                                                                                                                                                                                                                                                                                                                                                                                                                                                                                                                                                                                                                                                                                                                                                                                                                                                                                                                                                                                                                                                                                                                                                                                                                                                                                                                                                                                                                                                                                                                                                                                                                                                                                                                                                                                                                                                                                                                                                                                                                                                                                                                                                                                                                                                                                                                                                                                                                                                                                                                                                                                                                                                                                                                                                                                                                                                                                                                                                                                                                                                                                                                                                                                                                                                                                                                                                                                                                                                                                                                                                                                                                                                                                                                                                                                                                                                                                                                                                                                                                                                                                                                                                                                                                                                                                                                                                                                                                                                                                                                                                                                                                                                                                                                                                                                                                                                                                                                                                                                                                                                                                                                                                                                                                                                                                                                                                                                                                                                                                                                                                                                                                                                                                                                                                                                                                                                                                                                                                                                                                                                                                                                                                                                                                                                                                                                                                                                                                                                                                                                                                                                                                                                                                                                                                                                                                                                                                                                                                                                                                                                                                                                                                                                                                                                                                                                                                                                                                                                                                                                                                                                                                                                                                                                                                                                                                                                                                                                                                                                                                                                                                                                                                                                                                                                                                                                                                                                                                                                                                                                                                                                                                                                                                                                                                                                                                                                                                                                                                                                                                                                                                                                                                                                                                                                                                                                                                                                                                                                                                                                                                                                                                                                                                                                                                                                                                                                                                                                                                                                                                                                                                                                                                                                                                                                                                                                                                                                                                                                                                                                                                                                                                                                                                                                                                                                                                                                                                                                                                                                                                                                                                                                                                                                                                                                                                                                                                                                                                                                                                                                                                                                                                                                                                                                                                                                                                                                                                                                                                                                                                                                                                                                                                                                                                                                                                                                                                                                                                                                                                                                                                                                                                                                                                                                                                                                                                                                                                                                                                                                                                                                                                                                                                                                                                                                                                                                                                                                                                                                                                                                                                                                                                                                                                                                                                                                                                                                                                                                                                                                                                                                                                                                                                                                                                                                                                                                                                                                                                                                                                                                                                                                                                                                                                                                                                                                                                                                                                                                                                                                                                                                                                                                                                                                                                                                                                                                                                                                                                                                                                                                                                                                                                                                                                                                                                                                                                                                                                                                                                                                                                                                                                                                                                                                                                                                                                                                                                                                                                                                                                                                                                                                                                                                                                                                                                                                                                                                                                                                                                                                                                                                                                                                                                                                                                                                                                                                                                                                                                                                                                                                                                                                                                                                                                                                                                                                                                                                                                                                                                                                                                                                                                                                                                                                                                                                                                                                                                                                                                                                                                                                                                                                                                                                                                                                                                                                                                                                                                                                                                                                                                                                                                                                                                                                                                                                                                                                                                                                                                                                                                                                                                                                                                                                                                                                                                                                                                                                                                                                                                                                                                                                                                                                                                                                                                                                                                                                                                                                                                                                                                                                                                                                                                                                                                                                                                                                                                                                                                                                                                                                                                                                                                                                                                                                                                                                                                                                                                                                                                                                                                                                                                                                                                                                                                                                                                                                                                                                                                                                                                                                                                                                                                                                                                                                                                                                                                                                                                                                                                                                                                                                                                                                                                                                                                                                                                                                                                                                                                                                                                                                                                                                                                                                                                                                                                                                                                                                                                                                                                                                                                                                                                                                                                                                                                                                                                                                                                                                                                                                                                                                                                                                                                                                                                                                                                                                                                                                                                                                                                                                                                                                                                                                                                                                                                                                                                                                                                                                                                                                                                                                                                                                                                                                                                                                                                                                                                                                                                                                                                                                                                                                                                                                                                                                                                                                                                                                                                                                                                                                                                                                                                                                                                                                                                                                                                                                                                                                                                                                                                                                                                                                                                                                                                                                                                                                                                                                                                                                                                                                                                                                                                                                                                                                                                                                                                                                                                                                                                                                                                                                                                                                                                                                                                                                                                                                                                                                                                                                                                                                                                                                                                                                                                                                                                                                                                                                                                                                                                                                                                                                                                                                                                                                                                                                                                                                                                                                                                                                                                                                                                                                                                                                                                                                                                                                                                                                                                                                                                                                                                                                                                                                                                                                                                                                                                                                                                                                                                                                                                                                                                                                                                                                                                                                                                                                                                                                                                                                                                                                                                                                                                                                                                                                                                                                                                                                                                                                                                                                                                                                                                                                                                                                                                                                                                                                                                                                                                                                                                                                                                                                                                                                                                                                                                                                                                                                                                                                                                                                                                                                                                                                                                                                                                                                                                                                                                                                                                                                                                                                                                                                                                                                                                                                                                                                                                                                                                                                                                                                                                                                                                                                                                                                                                                                                                                                                                                                                                                                                                                                                                                                                                                                                                                                                                                                                                                                                                                                                                                                                                                                                                                                                                                                                                                                                                                                                                                                                                                                                                                                                                                                                                                                                                                                                                                                                                                                                                                                                                                                                                                                                                                                                                                                                                                                                                                                                                                                                                                                                                                                                                                                                                                                                                                                                                                                                                                                                                                                                                                                                                                                                                                                                                                                                                                                                                                                                                                                                                                                                                                                                                                                                                                                                                                                                                                                                                                                                                                                                                                                                                                                                                                                                                                                                                                                                                                                                                                                                                                                                                                                                                                                                                                                                                                                                                                                                                                                                                                                                                                                                                                                                                                                                                                                                                                                                                                                                                                                                                                                                                                                                                                                                                                                                                                                                                                                                                                                                                                                                                                                                                                                                                                                                                                                                                                                                                                                                                                                                                                                                                                                                                                                                                                                                                                                                                                                                                                                                                                                                                                                                                                                                                                                                                                                                                                                                                                                                                                                                                                                                                                                                                                                                                                                                                                                                                                                                                                                                                                                                                                                                                                                                                                                                                                                                                                                                                                                                                                                                                                                                                                                                                                                                                                                                                                                                                                                                                                                                                                                                                                                                                                                                                                                                                                                                                                                                                                                                                                                                                                                                                                                                                                                                                                                                                                                                                                                                                                                                                                                                                                                                                                                                                                                                                                                                                                                                                                                                                                                                                                                                                                                                                                                                                                                                                                                                                                                                                                                                                                                                                                                                                                                                                                                                                                                                                                                                                                                                                                                                                                                                                                                                                                                                                                                                                                                                                                                                                                                                                                                                                                                                                                                                                                                                                                                                                                                                                                                                                                                                                                                                                                                                                                                                                                                                                                                                                                                                                                                                                                                                                                                                                                                                                                                                                                                                                                                                                                                                                                                                                                                                                                                                                                                                                                                                                                                                                                                                                                                                                                                                                                                                                                                                                                                                                                                                                                                                                                                                                                                                                                                                                                                                                                                                                                                                                                                                                                                                                                                                                                                                                                                                                                                                                                                                                                                                                                                                                                                                                                                                                                                                                                                                                                                                                                                                                                                                                                                                                                                                                                                                                                                                                                                                                                                                                                                                                                                                                                                                                                                                                                                                                                                                                                                                                                                                                                                                                                                                                                                                                                                                                                                                                                                                                                                                                                                                                                                                                                                                                                                                                                                                                                                                                                                                                                                                                                                                                                                                                                                                                                                                                                                                                                                                                                                                                                                                                                                                                                                                                                                                                                                                                                                                                                                                                                                                                                                                                                                                                                                                                                                                                                                                                                                                                                                                                                                                                                                                                                                                                                                                                                                                                                                                                                                                                                                                                                                                                                                                                                                                                                                                                                                                                                                                                                                                                                                                                                                                                                                                                                                                                                                                                                                                                                                                                                                                                                                                                                                                                                                                                                                                                                                                                                                                                                                                                                                                                                                                                                                                                                                                                                                                                                                                                                                                                                                                                                                                                                                                                                                                                                                                                                                                                                                                                                                                                                                                                                                                                                                                                                                                                                                                                                                                                                                                                                                                                                                                                                                                                                                                                                                                                                                                                                                                                                                                                                                                                                                                                                                                                                                                                                                                                                                                                                                                                                                                                                                                                                                                                                                                                                                                                                                                                                                                                                                                                                                                                                                                                                                                                                                                                                                                                                                                                                                                                                                                                                                                                                                                                                                                                                                                                                                                                                                                                                                                                                                                                                                                                                                                                                                                                                                                                                                                                                                                                                                                                                                                                                                                                                                                                                                                                                                                                                                                                                                                                                                                                                                                                                                                                                                                                                                                                                                                                                                                                                                                                                                                                                                                                                                                                                                                                                                                                                                                                                                                                                                                                                                                                                                                                                                                                                                                                                                                                                                                                                                                                                                                                                                                                                                                                                                                                                                                                                                                                                                                                                                                                                                                                                                                                                                                                                                                                                                                                                                                                                                                                                                                                                                                                                                                                                                                                                                                                                                                                                                                                                                                                                                                                                                                                                                                                                                                                                                                                                                                                                                                                                                                                                                                                                                                                                                                                                                                                                                                                                                                                                                                                                                                                                                                                                                                                                                                                                                                                                                                                                                                                                                                                                                                                                                                                                                                                                                                                                                                                                                                                                                                                                                                                                                                                                                                                                                                                                                                                                                                                                                                                                                                                                                                                                                                                                                                                                                                                                                                                                                                                                                                                                                                                                                                                                                                                                                                                                                                                                                                                                                                                                                                                                                                                                                                                                                                                                                                                                                                                                                                                                                                                                                                                                                                                                                                                                                                                                                                                                                                                                                                                                                                                                                                                                                                                                                                                                                                                                                                                                                                                                                                                                                                                                                                                                                                                                                                                                                                                                                                                                                                                                                                                                                                                                                                                                                                                                                                                                                                                                                                                                                                                                                                                                                                                                                                                                                                                                                                                                                                                                                                                                         T 1790277172.562
Pages free:                                   181643.
Pages wired down:                             226952.
File-backed pages:                            163146.
Anonymous pages:                              250480.
Pages stored in compressor:                   468898.
Pages occupied by compressor:                 186725.
Pageins:                                     3733055.
T 1790277172.629
Pages free:                                   180931.
Pages wired down:                             226954.
File-backed pages:                            163237.
Anonymous pages:                              251175.
Pages stored in compressor:                   468835.
Pages occupied by compressor:                 186698.
Pageins:                                     3733107.
T 1790277172.693
Pages free:                                   182699.
Pages wired down:                             226955.
File-backed pages:                            163447.
Anonymous pages:                              249141.
Pages stored in compressor:                   468790.
Pages occupied by compressor:                 186686.
Pageins:                                     3733147.
T 1790277172.761
Pages free:                                   181890.
Pages wired down:                             226955.
File-backed pages:                            163828.
Anonymous pages:                              249755.
Pages stored in compressor:                   468581.
Pages occupied by compressor:                 186623.
Pageins:                                     3733214.
T 1790277172.830
Pages free:                                   181195.
Pages wired down:                             226974.
File-backed pages:                            164270.
Anonymous pages:                              249861.
Pages stored in compressor:                   468580.
Pages occupied by compressor:                 186623.
Pageins:                                     3733277.
T 1790277172.895
Pages free:                                   177960.
Pages wired down:                             232598.
File-backed pages:                            165752.
Anonymous pages:                              245909.
Pages stored in compressor:                   468575.
Pages occupied by compressor:                 186622.
Pageins:                                     3734789.
T 1790277172.964
Pages free:                                   156625.
Pages wired down:                             232606.
File-backed pages:                            176273.
Anonymous pages:                              256775.
Pages stored in compressor:                   468574.
Pages occupied by compressor:                 186622.
Pageins:                                     3745200.
T 1790277173.031
Pages free:                                   138541.
Pages wired down:                             232616.
File-backed pages:                            186087.
Anonymous pages:                              265154.
Pages stored in compressor:                   468574.
Pages occupied by compressor:                 186622.
Pageins:                                     3754820.
T 1790277173.099
Pages free:                                   118377.
Pages wired down:                             232620.
File-backed pages:                            196111.
Anonymous pages:                              275158.
Pages stored in compressor:                   468564.
Pages occupied by compressor:                 186615.
Pageins:                                     3764858.
T 1790277173.166
Pages free:                                    98879.
Pages wired down:                             232599.
File-backed pages:                            205779.
Anonymous pages:                              285083.
Pages stored in compressor:                   468392.
Pages occupied by compressor:                 186569.
Pageins:                                     3774609.
T 1790277173.233
Pages free:                                    78102.
Pages wired down:                             232605.
File-backed pages:                            215957.
Anonymous pages:                              295782.
Pages stored in compressor:                   468373.
Pages occupied by compressor:                 186562.
Pageins:                                     3784806.
T 1790277173.297
Pages free:                                    60465.
Pages wired down:                             232621.
File-backed pages:                            224791.
Anonymous pages:                              304384.
Pages stored in compressor:                   468369.
Pages occupied by compressor:                 186562.
Pageins:                                     3793655.
T 1790277173.365
Pages free:                                    41882.
Pages wired down:                             232626.
File-backed pages:                            233558.
Anonymous pages:                              314368.
Pages stored in compressor:                   468345.
Pages occupied by compressor:                 186551.
Pageins:                                     3802444.
T 1790277173.433
Pages free:                                    25769.
Pages wired down:                             232619.
File-backed pages:                            241371.
Anonymous pages:                              322538.
Pages stored in compressor:                   468336.
Pages occupied by compressor:                 186549.
Pageins:                                     3810273.
T 1790277173.498
Pages free:                                     8137.
Pages wired down:                             232602.
File-backed pages:                            250473.
Anonymous pages:                              331221.
Pages stored in compressor:                   468269.
Pages occupied by compressor:                 186523.
Pageins:                                     3819382.
T 1790277173.570
Pages free:                                     3417.
Pages wired down:                             232618.
File-backed pages:                            254809.
Anonymous pages:                              331368.
Pages stored in compressor:                   469049.
Pages occupied by compressor:                 186778.
Pageins:                                     3828013.
T 1790277173.636
Pages free:                                     2930.
Pages wired down:                             232619.
File-backed pages:                            261220.
Anonymous pages:                              322495.
Pages stored in compressor:                   475759.
Pages occupied by compressor:                 189736.
Pageins:                                     3834504.
T 1790277173.715
Pages free:                                     3765.
Pages wired down:                             232658.
File-backed pages:                            265684.
Anonymous pages:                              308677.
Pages stored in compressor:                   494242.
Pages occupied by compressor:                 198099.
Pageins:                                     3839016.
T 1790277173.786
Pages free:                                     3695.
Pages wired down:                             232686.
File-backed pages:                            268258.
Anonymous pages:                              303924.
Pages stored in compressor:                   505050.
Pages occupied by compressor:                 200373.
Pageins:                                     3846533.
T 1790277173.851
Pages free:                                     3530.
Pages wired down:                             232727.
File-backed pages:                            270735.
Anonymous pages:                              299558.
Pages stored in compressor:                   515696.
Pages occupied by compressor:                 202287.
Pageins:                                     3855934.
T 1790277173.942
Pages free:                                     3571.
Pages wired down:                             232739.
File-backed pages:                            273719.
Anonymous pages:                              294399.
Pages stored in compressor:                   527099.
Pages occupied by compressor:                 204508.
Pageins:                                     3863194.
T 1790277174.011
Pages free:                                   139487.
Pages wired down:                             231499.
File-backed pages:                            275914.
Anonymous pages:                              162010.
Pages stored in compressor:                   530618.
Pages occupied by compressor:                 200004.
Pageins:                                     3865267.
T 1790277174.079
Pages free:                                   139184.
Pages wired down:                             231490.
File-backed pages:                            276444.
Anonymous pages:                              161776.
Pages stored in compressor:                   530414.
Pages occupied by compressor:                 199971.
Pageins:                                     3865576.
T 1790277174.147
Pages free:                                   138171.
Pages wired down:                             231489.
File-backed pages:                            277217.
Anonymous pages:                              162175.
Pages stored in compressor:                   530153.
Pages occupied by compressor:                 199897.
Pageins:                                     3866128.
T 1790277174.212
Pages free:                                   136928.
Pages wired down:                             231487.
File-backed pages:                            277649.
Anonymous pages:                              163125.
Pages stored in compressor:                   529779.
Pages occupied by compressor:                 199786.
Pageins:                                     3866496.
T 1790277174.281
Pages free:                                   135877.
Pages wired down:                             231512.
File-backed pages:                            278276.
Anonymous pages:                              163524.
Pages stored in compressor:                   529622.
Pages occupied by compressor:                 199753.
Pageins:                                     3866971.
T 1790277174.352
Pages free:                                   134766.
Pages wired down:                             231518.
File-backed pages:                            279326.
Anonymous pages:                              163671.
Pages stored in compressor:                   529575.
Pages occupied by compressor:                 199744.
Pageins:                                     3867714.
T 1790277174.422
Pages free:                                   133456.
Pages wired down:                             231533.
File-backed pages:                            280492.
Anonymous pages:                              163806.
Pages stored in compressor:                   529541.
Pages occupied by compressor:                 199737.
Pageins:                                     3868547.
T 1790277174.493
Pages free:                                   132125.
Pages wired down:                             227155.
File-backed pages:                            281669.
Anonymous pages:                              168301.
Pages stored in compressor:                   529478.
Pages occupied by compressor:                 199725.
Pageins:                                     3869340.
T 1790277174.558
Pages free:                                   130293.
Pages wired down:                             227218.
File-backed pages:                            282410.
Anonymous pages:                              169433.
Pages stored in compressor:                   529174.
Pages occupied by compressor:                 199619.
Pageins:                                     3869818.
T 1790277174.629
Pages free:                                   128020.
Pages wired down:                             227290.
File-backed pages:                            283257.
Anonymous pages:                              170819.
Pages stored in compressor:                   529072.
Pages occupied by compressor:                 199590.
Pageins:                                     3870339.
T 1790277174.698
Pages free:                                   126991.
Pages wired down:                             227219.
File-backed pages:                            283489.
Anonymous pages:                              172122.
Pages stored in compressor:                   527113.
Pages occupied by compressor:                 199099.
Pageins:                                     3870443.
T 1790277174.766
Pages free:                                   126312.
Pages wired down:                             227190.
File-backed pages:                            284265.
Anonymous pages:                              172085.
Pages stored in compressor:                   527060.
Pages occupied by compressor:                 199085.
Pageins:                                     3870977.
T 1790277174.832
Pages free:                                   125547.
Pages wired down:                             227214.
File-backed pages:                            284918.
Anonymous pages:                              172236.
Pages stored in compressor:                   527046.
Pages occupied by compressor:                 199084.
Pageins:                                     3871393.
T 1790277174.903
Pages free:                                   124542.
Pages wired down:                             231604.
File-backed pages:                            285744.
Anonymous pages:                              167938.
Pages stored in compressor:                   527027.
Pages occupied by compressor:                 199077.
Pageins:                                     3871962.
T 1790277174.974
Pages free:                                   123858.
Pages wired down:                             231585.
File-backed pages:                            286326.
Anonymous pages:                              168280.
Pages stored in compressor:                   526752.
Pages occupied by compressor:                 199009.
Pageins:                                     3872287.
T 1790277175.044
Pages free:                                   123203.
Pages wired down:                             231566.
File-backed pages:                            286795.
Anonymous pages:                              168549.
Pages stored in compressor:                   526271.
Pages occupied by compressor:                 198950.
Pageins:                                     3872518.
T 1790277175.112
Pages free:                                   122216.
Pages wired down:                             231570.
File-backed pages:                            287439.
Anonymous pages:                              168845.
Pages stored in compressor:                   526223.
Pages occupied by compressor:                 198933.
Pageins:                                     3872837.
T 1790277175.179
Pages free:                                   121364.
Pages wired down:                             231571.
File-backed pages:                            288111.
Anonymous pages:                              169000.
Pages stored in compressor:                   526185.
Pages occupied by compressor:                 198923.
Pageins:                                     3873277.
T 1790277175.248
Pages free:                                   120716.
Pages wired down:                             231571.
File-backed pages:                            288788.
Anonymous pages:                              169028.
Pages stored in compressor:                   526147.
Pages occupied by compressor:                 198908.
Pageins:                                     3873750.
T 1790277175.317
Pages free:                                   119857.
Pages wired down:                             231568.
File-backed pages:                            289415.
Anonymous pages:                              169045.
Pages stored in compressor:                   526062.
Pages occupied by compressor:                 198904.
Pageins:                                     3874144.
T 1790277175.387
Pages free:                                   119962.
Pages wired down:                             231585.
File-backed pages:                            289818.
Anonymous pages:                              168767.
Pages stored in compressor:                   526032.
Pages occupied by compressor:                 198897.
Pageins:                                     3874447.
T 1790277175.455
Pages free:                                   119108.
Pages wired down:                             231585.
File-backed pages:                            290334.
Anonymous pages:                              169121.
Pages stored in compressor:                   525984.
Pages occupied by compressor:                 198888.
Pageins:                                     3874795.
T 1790277175.523
Pages free:                                   118317.
Pages wired down:                             231588.
File-backed pages:                            290651.
Anonymous pages:                              169459.
Pages stored in compressor:                   525981.
Pages occupied by compressor:                 198885.
Pageins:                                     3874822.
T 1790277175.591
Pages free:                                   117917.
Pages wired down:                             231581.
File-backed pages:                            290876.
Anonymous pages:                              169670.
Pages stored in compressor:                   525342.
Pages occupied by compressor:                 198873.
Pageins:                                     3874857.
T 1790277175.659
Pages free:                                   117559.
Pages wired down:                             231587.
File-backed pages:                            291186.
Anonymous pages:                              169779.
Pages stored in compressor:                   525275.
Pages occupied by compressor:                 198853.
Pageins:                                     3875040.
T 1790277175.724
Pages free:                                   117295.
Pages wired down:                             231573.
File-backed pages:                            291845.
Anonymous pages:                              169547.
Pages stored in compressor:                   524999.
Pages occupied by compressor:                 198732.
Pageins:                                     3875472.
T 1790277175.791
Pages free:                                   116150.
Pages wired down:                             231586.
File-backed pages:                            292517.
Anonymous pages:                              170091.
Pages stored in compressor:                   524844.
Pages occupied by compressor:                 198683.
Pageins:                                     3875942.
T 1790277175.860
Pages free:                                   113854.
Pages wired down:                             232680.
File-backed pages:                            293549.
Anonymous pages:                              170117.
Pages stored in compressor:                   524785.
Pages occupied by compressor:                 198672.
Pageins:                                     3876628.
T 1790277175.928
Pages free:                                   113749.
Pages wired down:                             232676.
File-backed pages:                            293800.
Anonymous pages:                              170157.
Pages stored in compressor:                   524713.
Pages occupied by compressor:                 198642.
Pageins:                                     3876782.
T 1790277175.997
Pages free:                                   113842.
Pages wired down:                             231589.
File-backed pages:                            294020.
Anonymous pages:                              170996.
Pages stored in compressor:                   524490.
Pages occupied by compressor:                 198592.
Pageins:                                     3876952.
T 1790277176.065
Pages free:                                   113621.
Pages wired down:                             232815.
File-backed pages:                            294470.
Anonymous pages:                              169501.
Pages stored in compressor:                   524413.
Pages occupied by compressor:                 198582.
Pageins:                                     3877273.
T 1790277176.130
Pages free:                                   111647.
Pages wired down:                             232815.
File-backed pages:                            295236.
Anonymous pages:                              170827.
Pages stored in compressor:                   523807.
Pages occupied by compressor:                 198451.
Pageins:                                     3877792.
T 1790277176.198
Pages free:                                   110671.
Pages wired down:                             232812.
File-backed pages:                            295564.
Anonymous pages:                              171512.
Pages stored in compressor:                   523269.
Pages occupied by compressor:                 198327.
Pageins:                                     3878015.
T 1790277176.265
Pages free:                                   109989.
Pages wired down:                             232818.
File-backed pages:                            296577.
Anonymous pages:                              171316.
Pages stored in compressor:                   523165.
Pages occupied by compressor:                 198296.
Pageins:                                     3878604.
T 1790277176.330
Pages free:                                    92970.
Pages wired down:                             232801.
File-backed pages:                            297600.
Anonymous pages:                              187265.
Pages stored in compressor:                   523108.
Pages occupied by compressor:                 198274.
Pageins:                                     3879265.
T 1790277176.399
Pages free:                                    55401.
Pages wired down:                             232823.
File-backed pages:                            298609.
Anonymous pages:                              223814.
Pages stored in compressor:                   523039.
Pages occupied by compressor:                 198248.
Pageins:                                     3879891.
T 1790277176.467
Pages free:                                    18169.
Pages wired down:                             228424.
File-backed pages:                            299783.
Anonymous pages:                              264333.
Pages stored in compressor:                   523037.
Pages occupied by compressor:                 198247.
Pageins:                                     3880624.
T 1790277176.534
Pages free:                                     3743.
Pages wired down:                             228433.
File-backed pages:                            281583.
Anonymous pages:                              296983.
Pages stored in compressor:                   523031.
Pages occupied by compressor:                 198246.
Pageins:                                     3881022.
T 1790277176.605
Pages free:                                   129370.
Pages wired down:                             228419.
File-backed pages:                            276746.
Anonymous pages:                              173521.
Pages stored in compressor:                   528499.
Pages occupied by compressor:                 200890.
Pageins:                                     3881113.
T 1790277176.674
Pages free:                                    91599.
Pages wired down:                             228464.
File-backed pages:                            276752.
Anonymous pages:                              211318.
Pages stored in compressor:                   528340.
Pages occupied by compressor:                 200807.
Pageins:                                     3881141.
T 1790277176.741
Pages free:                                    54727.
Pages wired down:                             228518.
File-backed pages:                            276760.
Anonymous pages:                              248193.
Pages stored in compressor:                   528258.
Pages occupied by compressor:                 200764.
Pageins:                                     3881164.
T 1790277176.806
Pages free:                                    19426.
Pages wired down:                             228431.
File-backed pages:                            276942.
Anonymous pages:                              283368.
Pages stored in compressor:                   528233.
Pages occupied by compressor:                 200756.
Pageins:                                     3881304.
T 1790277176.870
Pages free:                                   127683.
Pages wired down:                             232803.
File-backed pages:                            276976.
Anonymous pages:                              170464.
Pages stored in compressor:                   529001.
Pages occupied by compressor:                 200987.
Pageins:                                     3881411.
T 1790277176.938
Pages free:                                    89505.
Pages wired down:                             232809.
File-backed pages:                            277134.
Anonymous pages:                              208577.
Pages stored in compressor:                   528990.
Pages occupied by compressor:                 200985.
Pageins:                                     3881533.
T 1790277177.005
Pages free:                                    52441.
Pages wired down:                             232804.
File-backed pages:                            277249.
Anonymous pages:                              245470.
Pages stored in compressor:                   528979.
Pages occupied by compressor:                 200983.
Pageins:                                     3881634.
T 1790277177.072
Pages free:                                    13391.
Pages wired down:                             232803.
File-backed pages:                            277404.
Anonymous pages:                              284436.
Pages stored in compressor:                   528962.
Pages occupied by compressor:                 200980.
Pageins:                                     3881755.
T 1790277177.134
Pages free:                                   123210.
Pages wired down:                             232797.
File-backed pages:                            277260.
Anonymous pages:                              174525.
Pages stored in compressor:                   529588.
Pages occupied by compressor:                 201154.
Pageins:                                     3881827.
T 1790277177.199
Pages free:                                    86933.
Pages wired down:                             232775.
File-backed pages:                            277396.
Anonymous pages:                              210627.
Pages stored in compressor:                   529462.
Pages occupied by compressor:                 201120.
Pageins:                                     3881936.
T 1790277177.266
Pages free:                                    51591.
Pages wired down:                             232777.
File-backed pages:                            277532.
Anonymous pages:                              245999.
Pages stored in compressor:                   529457.
Pages occupied by compressor:                 201120.
Pageins:                                     3882035.
T 1790277177.356
Pages free:                                     5412.
Pages wired down:                             232779.
File-backed pages:                            277651.
Anonymous pages:                              292474.
Pages stored in compressor:                   528249.
Pages occupied by compressor:                 200627.
Pageins:                                     3882132.
T 1790277177.418
Pages free:                                   135118.
Pages wired down:                             232790.
File-backed pages:                            277715.
Anonymous pages:                              162024.
Pages stored in compressor:                   530558.
Pages occupied by compressor:                 201340.
Pageins:                                     3882210.
T 1790277177.482
Pages free:                                   133414.
Pages wired down:                             233892.
File-backed pages:                            277862.
Anonymous pages:                              162408.
Pages stored in compressor:                   530522.
Pages occupied by compressor:                 201332.
Pageins:                                     3882329.
T 1790277177.549
Pages free:                                   133008.
Pages wired down:                             233881.
File-backed pages:                            278095.
Anonymous pages:                              162620.
Pages stored in compressor:                   530457.
Pages occupied by compressor:                 201314.
Pageins:                                     3882506.
T 1790277177.614
Pages free:                                   132665.
Pages wired down:                             233894.
File-backed pages:                            278283.
Anonymous pages:                              162719.
Pages stored in compressor:                   530446.
Pages occupied by compressor:                 201311.
Pageins:                                     3882659.
T 1790277177.680
Pages free:                                   132592.
Pages wired down:                             233897.
File-backed pages:                            278358.
Anonymous pages:                              162886.
Pages stored in compressor:                   530372.
Pages occupied by compressor:                 201285.
Pageins:                                     3882727.
T 1790277177.748
Pages free:                                   133429.
Pages wired down:                             232793.
File-backed pages:                            278472.
Anonymous pages:                              163088.
Pages stored in compressor:                   530161.
Pages occupied by compressor:                 201162.
Pageins:                                     3882813.
T 1790277177.816
Pages free:                                   133257.
Pages wired down:                             232801.
File-backed pages:                            278657.
Anonymous pages:                              163325.
Pages stored in compressor:                   529819.
Pages occupied by compressor:                 200895.
Pageins:                                     3882950.
T 1790277177.881
Pages free:                                   133142.
Pages wired down:                             232806.
File-backed pages:                            278827.
Anonymous pages:                              163324.
Pages stored in compressor:                   529816.
Pages occupied by compressor:                 200893.
Pageins:                                     3883085.
T 1790277177.948
Pages free:                                   133658.
Pages wired down:                             232788.
File-backed pages:                            279010.
Anonymous pages:                              163255.
Pages stored in compressor:                   529182.
Pages occupied by compressor:                 200267.
Pageins:                                     3883222.
T 1790277178.014
Pages free:                                   131611.
Pages wired down:                             232787.
File-backed pages:                            279171.
Anonymous pages:                              166828.
Pages stored in compressor:                   525642.
Pages occupied by compressor:                 198611.
Pageins:                                     3883346.
T 1790277178.081
Pages free:                                   131356.
Pages wired down:                             232791.
File-backed pages:                            279222.
Anonymous pages:                              166936.
Pages stored in compressor:                   525576.
Pages occupied by compressor:                 198588.
Pageins:                                     3883398.
T 1790277178.148
Pages free:                                   131238.
Pages wired down:                             232791.
File-backed pages:                            279235.
Anonymous pages:                              167161.
Pages stored in compressor:                   525389.
Pages occupied by compressor:                 198480.
Pageins:                                     3883419.
T 1790277178.214
Pages free:                                   131663.
Pages wired down:                             232791.
File-backed pages:                            279251.
Anonymous pages:                              167197.
Pages stored in compressor:                   524948.
Pages occupied by compressor:                 198050.
Pageins:                                     3883451.
T 1790277178.280
Pages free:                                   131427.
Pages wired down:                             232787.
File-backed pages:                            279362.
Anonymous pages:                              167499.
Pages stored in compressor:                   524567.
Pages occupied by compressor:                 197866.
Pageins:                                     3883550.
T 1790277178.345
Pages free:                                   130916.
Pages wired down:                             232779.
File-backed pages:                            279887.
Anonymous pages:                              167568.
Pages stored in compressor:                   524515.
Pages occupied by compressor:                 197829.
Pageins:                                     3883911.
T 1790277178.413
Pages free:                                   117133.
Pages wired down:                             232784.
File-backed pages:                            280344.
Anonymous pages:                              181083.
Pages stored in compressor:                   524294.
Pages occupied by compressor:                 197718.
Pageins:                                     3884233.
T 1790277178.480
Pages free:                                    81558.
Pages wired down:                             232794.
File-backed pages:                            280867.
Anonymous pages:                              216063.
Pages stored in compressor:                   524165.
Pages occupied by compressor:                 197692.
Pageins:                                     3884587.
T 1790277178.547
Pages free:                                    44041.
Pages wired down:                             232783.
File-backed pages:                            281325.
Anonymous pages:                              253130.
Pages stored in compressor:                   524156.
Pages occupied by compressor:                 197690.
Pageins:                                     3884906.
T 1790277178.613
Pages free:                                     5775.
Pages wired down:                             232806.
File-backed pages:                            281758.
Anonymous pages:                              290871.
Pages stored in compressor:                   524149.
Pages occupied by compressor:                 197690.
Pageins:                                     3885208.
T 1790277178.681
Pages free:                                   125400.
Pages wired down:                             232788.
File-backed pages:                            281719.
Anonymous pages:                              166942.
Pages stored in compressor:                   532248.
Pages occupied by compressor:                 202178.
Pageins:                                     3885509.
T 1790277178.749
Pages free:                                    87536.
Pages wired down:                             232798.
File-backed pages:                            282340.
Anonymous pages:                              203981.
Pages stored in compressor:                   532245.
Pages occupied by compressor:                 202178.
Pageins:                                     3885894.
T 1790277178.816
Pages free:                                    50139.
Pages wired down:                             232875.
File-backed pages:                            282966.
Anonymous pages:                              240898.
Pages stored in compressor:                   532207.
Pages occupied by compressor:                 202154.
Pageins:                                     3886326.
T 1790277178.905
Pages free:                                     3803.
Pages wired down:                             232824.
File-backed pages:                            281539.
Anonymous pages:                              288543.
Pages stored in compressor:                   532200.
Pages occupied by compressor:                 202153.
Pageins:                                     3886633.
T 1790277178.974
Pages free:                                   112182.
Pages wired down:                             232799.
File-backed pages:                            280754.
Anonymous pages:                              180627.
Pages stored in compressor:                   533304.
Pages occupied by compressor:                 202561.
Pageins:                                     3887205.
T 1790277179.042
Pages free:                                    73901.
Pages wired down:                             232796.
File-backed pages:                            281307.
Anonymous pages:                              218431.
Pages stored in compressor:                   533300.
Pages occupied by compressor:                 202560.
Pageins:                                     3887582.
T 1790277179.111
Pages free:                                    34742.
Pages wired down:                             232807.
File-backed pages:                            281594.
Anonymous pages:                              257246.
Pages stored in compressor:                   533298.
Pages occupied by compressor:                 202560.
Pageins:                                     3887759.
T 1790277179.179
Pages free:                                    39663.
Pages wired down:                             232793.
File-backed pages:                            280286.
Anonymous pages:                              253523.
Pages stored in compressor:                   533225.
Pages occupied by compressor:                 202538.
Pageins:                                     3887958.
T 1790277179.248
Pages free:                                   105194.
Pages wired down:                             232785.
File-backed pages:                            280732.
Anonymous pages:                              187799.
Pages stored in compressor:                   533071.
Pages occupied by compressor:                 202500.
Pageins:                                     3888237.
T 1790277179.315
Pages free:                                    67043.
Pages wired down:                             232780.
File-backed pages:                            281325.
Anonymous pages:                              225497.
Pages stored in compressor:                   532867.
Pages occupied by compressor:                 202425.
Pageins:                                     3888656.
T 1790277179.380
Pages free:                                    30965.
Pages wired down:                             232768.
File-backed pages:                            281910.
Anonymous pages:                              260916.
Pages stored in compressor:                   532867.
Pages occupied by compressor:                 202425.
Pageins:                                     3889077.
T 1790277179.448
Pages free:                                   104928.
Pages wired down:                             232780.
File-backed pages:                            278517.
Anonymous pages:                              190189.
Pages stored in compressor:                   532779.
Pages occupied by compressor:                 202409.
Pageins:                                     3889331.
T 1790277179.515
Pages free:                                   134281.
Pages wired down:                             232795.
File-backed pages:                            279126.
Anonymous pages:                              160620.
Pages stored in compressor:                   532372.
Pages occupied by compressor:                 202260.
Pageins:                                     3889428.
T 1790277179.582
Pages free:                                   133411.
Pages wired down:                             232797.
File-backed pages:                            279603.
Anonymous pages:                              160882.
Pages stored in compressor:                   532338.
Pages occupied by compressor:                 202257.
Pageins:                                     3889636.
T 1790277179.647
Pages free:                                   132967.
Pages wired down:                             232797.
File-backed pages:                            280040.
Anonymous pages:                              160914.
Pages stored in compressor:                   532327.
Pages occupied by compressor:                 202253.
Pageins:                                     3889764.
T 1790277179.714
Pages free:                                   132567.
Pages wired down:                             232801.
File-backed pages:                            280321.
Anonymous pages:                              161025.
Pages stored in compressor:                   532302.
Pages occupied by compressor:                 202251.
Pageins:                                     3889789.
T 1790277179.779
Pages free:                                   133387.
Pages wired down:                             232800.
File-backed pages:                            279923.
Anonymous pages:                              160646.
Pages stored in compressor:                   532230.
Pages occupied by compressor:                 202230.
Pageins:                                     3889826.
T 1790277179.846
Pages free:                                   132584.
Pages wired down:                             232803.
File-backed pages:                            280003.
Anonymous pages:                              161441.
Pages stored in compressor:                   531627.
Pages occupied by compressor:                 202069.
Pageins:                                     3889900.
T 1790277179.908
Pages free:                                   132708.
Pages wired down:                             232795.
File-backed pages:                            280001.
Anonymous pages:                              161378.
Pages stored in compressor:                   531625.
Pages occupied by compressor:                 202068.
Pageins:                                     3889919.
T 1790277179.975
Pages free:                                   133210.
Pages wired down:                             232741.
File-backed pages:                            280004.
Anonymous pages:                              160969.
Pages stored in compressor:                   531585.
Pages occupied by compressor:                 202049.
Pageins:                                     3889940.
T 1790277180.042
Pages free:                                   132298.
Pages wired down:                             233300.
File-backed pages:                            280005.
Anonymous pages:                              161570.
Pages stored in compressor:                   530936.
Pages occupied by compressor:                 201837.
Pageins:                                     3889959.
T 1790277180.105
Pages free:                                   131969.
Pages wired down:                             233297.
File-backed pages:                            280007.
Anonymous pages:                              161991.
Pages stored in compressor:                   530564.
Pages occupied by compressor:                 201747.
Pageins:                                     3889978.
T 1790277180.170
Pages free:                                   131338.
Pages wired down:                             233291.
File-backed pages:                            280014.
Anonymous pages:                              162710.
Pages stored in compressor:                   530069.
Pages occupied by compressor:                 201588.
Pageins:                                     3890001.
T 1790277180.238
Pages free:                                   142599.
Pages wired down:                             201822.
File-backed pages:                            295103.
Anonymous pages:                              167889.
Pages stored in compressor:                   528990.
Pages occupied by compressor:                 201553.
Pageins:                                     3890024.
T 1790277180.306
Pages free:                                   142641.
Pages wired down:                             201816.
File-backed pages:                            295101.
Anonymous pages:                              167869.
Pages stored in compressor:                   528988.
Pages occupied by compressor:                 201551.
Pageins:                                     3890045.
T 1790277180.370
Pages free:                                   142455.
Pages wired down:                             201820.
File-backed pages:                            295104.
Anonymous pages:                              168010.
Pages stored in compressor:                   528988.
Pages occupied by compressor:                 201551.
Pageins:                                     3890063.
T 1790277180.438
Pages free:                                   142122.
Pages wired down:                             201854.
File-backed pages:                            295173.
Anonymous pages:                              168350.
Pages stored in compressor:                   528743.
Pages occupied by compressor:                 201478.
Pageins:                                     3890123.
T 1790277180.507
Pages free:                                   113353.
Pages wired down:                             201835.
File-backed pages:                            295238.
Anonymous pages:                              196987.
Pages stored in compressor:                   528653.
Pages occupied by compressor:                 201440.
Pageins:                                     3890152.
T 1790277180.575
Pages free:                                    77730.
Pages wired down:                             201823.
File-backed pages:                            295289.
Anonymous pages:                              232657.
Pages stored in compressor:                   528647.
Pages occupied by compressor:                 201437.
Pageins:                                     3890224.
T 1790277180.643
Pages free:                                    39157.
Pages wired down:                             201836.
File-backed pages:                            295289.
Anonymous pages:                              271307.
Pages stored in compressor:                   528646.
Pages occupied by compressor:                 201437.
Pageins:                                     3890247.
T 1790277180.710
Pages free:                                   141801.
Pages wired down:                             201831.
File-backed pages:                            295292.
Anonymous pages:                              168678.
Pages stored in compressor:                   528636.
Pages occupied by compressor:                 201433.
Pageins:                                     3890270.
T 1790277180.778
Pages free:                                   104824.
Pages wired down:                             201831.
File-backed pages:                            295290.
Anonymous pages:                              205574.
Pages stored in compressor:                   528619.
Pages occupied by compressor:                 201427.
Pageins:                                     3890291.
T 1790277180.841
Pages free:                                    67805.
Pages wired down:                             202937.
File-backed pages:                            295289.
Anonymous pages:                              241547.
Pages stored in compressor:                   528617.
Pages occupied by compressor:                 201427.
Pageins:                                     3890309.
T 1790277180.910
Pages free:                                    29508.
Pages wired down:                             202985.
File-backed pages:                            295294.
Anonymous pages:                              279717.
Pages stored in compressor:                   528617.
Pages occupied by compressor:                 201427.
Pageins:                                     3890335.
T 1790277180.974
Pages free:                                   134356.
Pages wired down:                             203032.
File-backed pages:                            295293.
Anonymous pages:                              174868.
Pages stored in compressor:                   528614.
Pages occupied by compressor:                 201426.
Pageins:                                     3890354.
T 1790277181.039
Pages free:                                    99237.
Pages wired down:                             201836.
File-backed pages:                            295330.
Anonymous pages:                              211130.
Pages stored in compressor:                   528614.
Pages occupied by compressor:                 201426.
Pageins:                                     3890378.
T 1790277181.108
Pages free:                                    60343.
Pages wired down:                             201842.
File-backed pages:                            295406.
Anonymous pages:                              249884.
Pages stored in compressor:                   528593.
Pages occupied by compressor:                 201416.
Pageins:                                     3890452.
T 1790277181.176
Pages free:                                    20472.
Pages wired down:                             201835.
File-backed pages:                            295408.
Anonymous pages:                              289894.
Pages stored in compressor:                   528559.
Pages occupied by compressor:                 201405.
Pageins:                                     3890476.
T 1790277181.243
Pages free:                                   124485.
Pages wired down:                             201821.
File-backed pages:                            295408.
Anonymous pages:                              185809.
Pages stored in compressor:                   528520.
Pages occupied by compressor:                 201399.
Pageins:                                     3890497.
T 1790277181.307
Pages free:                                    87998.
Pages wired down:                             201835.
File-backed pages:                            295407.
Anonymous pages:                              222390.
Pages stored in compressor:                   528469.
Pages occupied by compressor:                 201346.
Pageins:                                     3890513.
T 1790277181.375
Pages free:                                    48081.
Pages wired down:                             201830.
File-backed pages:                            295409.
Anonymous pages:                              262218.
Pages stored in compressor:                   528463.
Pages occupied by compressor:                 201343.
Pageins:                                     3890537.
T 1790277181.442
Pages free:                                    48054.
Pages wired down:                             201828.
File-backed pages:                            295410.
Anonymous pages:                              262256.
Pages stored in compressor:                   528463.
Pages occupied by compressor:                 201343.
Pageins:                                     3890558.
T 1790277181.510
Pages free:                                   142014.
Pages wired down:                             197598.
File-backed pages:                            295409.
Anonymous pages:                              172606.
Pages stored in compressor:                   528440.
Pages occupied by compressor:                 201336.
Pageins:                                     3890580.
T 1790277181.573
Pages free:                                   141919.
Pages wired down:                             197611.
File-backed pages:                            295409.
Anonymous pages:                              172766.
Pages stored in compressor:                   528387.
Pages occupied by compressor:                 201331.
Pageins:                                     3890599.
T 1790277181.640
Pages free:                                   142266.
Pages wired down:                             177930.
File-backed pages:                            295422.
Anonymous pages:                              192060.
Pages stored in compressor:                   528338.
Pages occupied by compressor:                 201311.
Pageins:                                     3890628.
T 1790277181.705
Pages free:                                   156585.
Pages wired down:                             114941.
File-backed pages:                            353938.
Anonymous pages:                              182264.
Pages stored in compressor:                   528300.
Pages occupied by compressor:                 201309.
Pageins:                                     3890647.
T 1790277181.770
Pages free:                                   156622.
Pages wired down:                             114942.
File-backed pages:                            354054.
Anonymous pages:                              182132.
Pages stored in compressor:                   528285.
Pages occupied by compressor:                 201305.
Pageins:                                     3890724.
T 1790277181.837
Pages free:                                   156513.
Pages wired down:                             114935.
File-backed pages:                            354054.
Anonymous pages:                              182174.
Pages stored in compressor:                   528240.
Pages occupied by compressor:                 201293.
Pageins:                                     3890745.
T 1790277181.904
Pages free:                                   156421.
Pages wired down:                             119162.
File-backed pages:                            354053.
Anonymous pages:                              177992.
Pages stored in compressor:                   528235.
Pages occupied by compressor:                 201293.
Pageins:                                     3890766.
T 1790277181.972
Pages free:                                   156431.
Pages wired down:                             119155.
File-backed pages:                            354054.
Anonymous pages:                              177986.
Pages stored in compressor:                   528235.
Pages occupied by compressor:                 201293.
Pageins:                                     3890789.
T 1790277182.037
Pages free:                                   156344.
Pages wired down:                             119159.
File-backed pages:                            354055.
Anonymous pages:                              178157.
Pages stored in compressor:                   528227.
Pages occupied by compressor:                 201290.
Pageins:                                     3890809.
T 1790277182.104
Pages free:                                   156369.
Pages wired down:                             119154.
File-backed pages:                            354055.
Anonymous pages:                              178197.
Pages stored in compressor:                   528204.
Pages occupied by compressor:                 201284.
Pageins:                                     3890832.
T 1790277182.167
Pages free:                                   156270.
Pages wired down:                             119161.
File-backed pages:                            354054.
Anonymous pages:                              178195.
Pages stored in compressor:                   528182.
Pages occupied by compressor:                 201277.
Pageins:                                     3890848.
T 1790277182.234
Pages free:                                   156092.
Pages wired down:                             118623.
File-backed pages:                            354055.
Anonymous pages:                              178841.
Pages stored in compressor:                   528178.
Pages occupied by compressor:                 201277.
Pageins:                                     3890871.
T 1790277182.300
Pages free:                                   156148.
Pages wired down:                             118629.
File-backed pages:                            354054.
Anonymous pages:                              178834.
Pages stored in compressor:                   528172.
Pages occupied by compressor:                 201276.
Pageins:                                     3890890.
T 1790277182.365
Pages free:                                   156234.
Pages wired down:                             118616.
File-backed pages:                            354118.
Anonymous pages:                              178758.
Pages stored in compressor:                   528169.
Pages occupied by compressor:                 201275.
Pageins:                                     3890911.
T 1790277182.430
Pages free:                                   156250.
Pages wired down:                             118613.
File-backed pages:                            354170.
Anonymous pages:                              178660.
Pages stored in compressor:                   528164.
Pages occupied by compressor:                 201275.
Pageins:                                     3890987.
T 1790277182.499
Pages free:                                   156263.
Pages wired down:                             118621.
File-backed pages:                            354170.
Anonymous pages:                              178626.
Pages stored in compressor:                   528164.
Pages occupied by compressor:                 201275.
Pageins:                                     3891009.
T 1790277182.568
Pages free:                                   156295.
Pages wired down:                             118613.
File-backed pages:                            354170.
Anonymous pages:                              178593.
Pages stored in compressor:                   528163.
Pages occupied by compressor:                 201275.
Pageins:                                     3891031.
T 1790277182.633
Pages free:                                   156017.
Pages wired down:                             118623.
File-backed pages:                            354179.
Anonymous pages:                              178896.
Pages stored in compressor:                   528162.
Pages occupied by compressor:                 201274.
Pageins:                                     3891050.
T 1790277182.703
Pages free:                                   155922.
Pages wired down:                             118628.
File-backed pages:                            354176.
Anonymous pages:                              178932.
Pages stored in compressor:                   528156.
Pages occupied by compressor:                 201274.
Pageins:                                     3891073.
T 1790277182.773
Pages free:                                   156025.
Pages wired down:                             118629.
File-backed pages:                            354171.
Anonymous pages:                              178934.
Pages stored in compressor:                   528082.
Pages occupied by compressor:                 201254.
Pageins:                                     3891093.
T 1790277182.841
Pages free:                                   156023.
Pages wired down:                             118619.
File-backed pages:                            354171.
Anonymous pages:                              178820.
Pages stored in compressor:                   528064.
Pages occupied by compressor:                 201252.
Pageins:                                     3891116.
T 1790277182.909
Pages free:                                   156209.
Pages wired down:                             118618.
File-backed pages:                            354171.
Anonymous pages:                              178820.
Pages stored in compressor:                   528064.
Pages occupied by compressor:                 201252.
Pageins:                                     3891135.
T 1790277182.980
Pages free:                                   156097.
Pages wired down:                             118626.
File-backed pages:                            354178.
Anonymous pages:                              178854.
Pages stored in compressor:                   527997.
Pages occupied by compressor:                 201227.
Pageins:                                     3891156.
T 1790277183.049
Pages free:                                   154602.
Pages wired down:                             118720.
File-backed pages:                            354242.
Anonymous pages:                              180132.
Pages stored in compressor:                   527993.
Pages occupied by compressor:                 201227.
Pageins:                                     3891177.
T 1790277183.117
Pages free:                                   154616.
Pages wired down:                             118710.
File-backed pages:                            354302.
Anonymous pages:                              180102.
Pages stored in compressor:                   527992.
Pages occupied by compressor:                 201227.
Pageins:                                     3891260.
T 1790277183.186
Pages free:                                   155500.
Pages wired down:                             118613.
File-backed pages:                            354301.
Anonymous pages:                              179860.
Pages stored in compressor:                   526773.
Pages occupied by compressor:                 200629.
Pageins:                                     3891283.
T 1790277183.254
Pages free:                                   155581.
Pages wired down:                             118631.
File-backed pages:                            354301.
Anonymous pages:                              179867.
Pages stored in compressor:                   526758.
Pages occupied by compressor:                 200629.
Pageins:                                     3891303.
T 1790277183.325
Pages free:                                   155477.
Pages wired down:                             118636.
File-backed pages:                            354304.
Anonymous pages:                              179960.
Pages stored in compressor:                   526750.
Pages occupied by compressor:                 200628.
Pageins:                                     3891325.
T 1790277183.394
Pages free:                                   155340.
Pages wired down:                             118622.
File-backed pages:                            354303.
Anonymous pages:                              180144.
Pages stored in compressor:                   526733.
Pages occupied by compressor:                 200622.
Pageins:                                     3891347.
T 1790277183.461
Pages free:                                   154364.
Pages wired down:                             119733.
File-backed pages:                            354302.
Anonymous pages:                              180057.
Pages stored in compressor:                   526733.
Pages occupied by compressor:                 200622.
Pageins:                                     3891365.
T 1790277183.529
Pages free:                                   154036.
Pages wired down:                             118498.
File-backed pages:                            354319.
Anonymous pages:                              181450.
Pages stored in compressor:                   526732.
Pages occupied by compressor:                 200622.
Pageins:                                     3891394.
T 1790277183.599
Pages free:                                   154148.
Pages wired down:                             118505.
File-backed pages:                            354314.
Anonymous pages:                              181326.
Pages stored in compressor:                   526726.
Pages occupied by compressor:                 200621.
Pageins:                                     3891414.
T 1790277183.670
Pages free:                                   154357.
Pages wired down:                             118507.
File-backed pages:                            354315.
Anonymous pages:                              181231.
Pages stored in compressor:                   526710.
Pages occupied by compressor:                 200615.
Pageins:                                     3891436.
T 1790277183.742
Pages free:                                   155809.
Pages wired down:                             117378.
File-backed pages:                            354090.
Anonymous pages:                              181071.
Pages stored in compressor:                   526698.
Pages occupied by compressor:                 200610.
Pageins:                                     3891461.
T 1790277183.814
Pages free:                                   155707.
Pages wired down:                             117385.
File-backed pages:                            354140.
Anonymous pages:                              181102.
Pages stored in compressor:                   526696.
Pages occupied by compressor:                 200609.
Pageins:                                     3891531.
T 1790277183.883
Pages free:                                   155688.
Pages wired down:                             117394.
File-backed pages:                            354141.
Anonymous pages:                              181179.
Pages stored in compressor:                   526696.
Pages occupied by compressor:                 200609.
Pageins:                                     3891550.
T 1790277183.954
Pages free:                                   155491.
Pages wired down:                             117415.
File-backed pages:                            354142.
Anonymous pages:                              181263.
Pages stored in compressor:                   526678.
Pages occupied by compressor:                 200605.
Pageins:                                     3891570.
T 1790277184.027
Pages free:                                   155487.
Pages wired down:                             117405.
File-backed pages:                            354143.
Anonymous pages:                              181335.
Pages stored in compressor:                   526677.
Pages occupied by compressor:                 200605.
Pageins:                                     3891591.
T 1790277184.099
Pages free:                                   155435.
Pages wired down:                             117404.
File-backed pages:                            354145.
Anonymous pages:                              181489.
Pages stored in compressor:                   526670.
Pages occupied by compressor:                 200604.
Pageins:                                     3891613.
T 1790277184.170
Pages free:                                   155452.
Pages wired down:                             117391.
File-backed pages:                            354144.
Anonymous pages:                              181392.
Pages stored in compressor:                   526670.
Pages occupied by compressor:                 200604.
Pageins:                                     3891635.
T 1790277184.240
Pages free:                                   155441.
Pages wired down:                             117397.
File-backed pages:                            354144.
Anonymous pages:                              181356.
Pages stored in compressor:                   526661.
Pages occupied by compressor:                 200600.
Pageins:                                     3891654.
T 1790277184.312
Pages free:                                   155426.
Pages wired down:                             117394.
File-backed pages:                            354152.
Anonymous pages:                              181461.
Pages stored in compressor:                   526618.
Pages occupied by compressor:                 200585.
Pageins:                                     3891682.
T 1790277184.383
Pages free:                                   155410.
Pages wired down:                             117401.
File-backed pages:                            354250.
Anonymous pages:                              181319.
Pages stored in compressor:                   526615.
Pages occupied by compressor:                 200585.
Pageins:                                     3891746.
T 1790277184.451
Pages free:                                   155345.
Pages wired down:                             117403.
File-backed pages:                            354252.
Anonymous pages:                              181476.
Pages stored in compressor:                   526614.
Pages occupied by compressor:                 200585.
Pageins:                                     3891763.
T 1790277184.522
Pages free:                                   155320.
Pages wired down:                             117409.
File-backed pages:                            354248.
Anonymous pages:                              181395.
Pages stored in compressor:                   526605.
Pages occupied by compressor:                 200583.
Pageins:                                     3891784.
T 1790277184.592
Pages free:                                   155424.
Pages wired down:                             117402.
File-backed pages:                            354250.
Anonymous pages:                              181299.
Pages stored in compressor:                   526599.
Pages occupied by compressor:                 200581.
Pageins:                                     3891806.
T 1790277184.663
Pages free:                                   155263.
Pages wired down:                             117400.
File-backed pages:                            354250.
Anonymous pages:                              181441.
Pages stored in compressor:                   526599.
Pages occupied by compressor:                 200581.
Pageins:                                     3891828.
T 1790277184.734
Pages free:                                   155313.
Pages wired down:                             117409.
File-backed pages:                            354249.
Anonymous pages:                              181444.
Pages stored in compressor:                   526599.
Pages occupied by compressor:                 200581.
Pageins:                                     3891847.
T 1790277184.805
Pages free:                                   155280.
Pages wired down:                             117401.
File-backed pages:                            354250.
Anonymous pages:                              181397.
Pages stored in compressor:                   526584.
Pages occupied by compressor:                 200579.
Pageins:                                     3891871.
T 1790277184.873
Pages free:                                   155429.
Pages wired down:                             117393.
File-backed pages:                            354250.
Anonymous pages:                              181334.
Pages stored in compressor:                   526584.
Pages occupied by compressor:                 200579.
Pageins:                                     3891892.
T 1790277184.941
Pages free:                                   155428.
Pages wired down:                             117400.
File-backed pages:                            354296.
Anonymous pages:                              181229.
Pages stored in compressor:                   526584.
Pages occupied by compressor:                 200579.
Pageins:                                     3891914.
T 1790277185.006
Pages free:                                   155547.
Pages wired down:                             114241.
File-backed pages:                            354340.
Anonymous pages:                              184384.
Pages stored in compressor:                   526580.
Pages occupied by compressor:                 200577.
Pageins:                                     3891979.
T 1790277185.068
Pages free:                                   155460.
Pages wired down:                             114251.
File-backed pages:                            354339.
Anonymous pages:                              184378.
Pages stored in compressor:                   526580.
Pages occupied by compressor:                 200577.
Pageins:                                     3891997.
T 1790277185.131
Pages free:                                   155191.
Pages wired down:                             114255.
File-backed pages:                            354347.
Anonymous pages:                              184731.
Pages stored in compressor:                   526411.
Pages occupied by compressor:                 200535.
Pageins:                                     3892017.
T 1790277185.199
Pages free:                                   153491.
Pages wired down:                             114335.
File-backed pages:                            354348.
Anonymous pages:                              186132.
Pages stored in compressor:                   526407.
Pages occupied by compressor:                 200534.
Pageins:                                     3892038.
T 1790277185.265
Pages free:                                   154563.
Pages wired down:                             114290.
File-backed pages:                            354341.
Anonymous pages:                              185302.
Pages stored in compressor:                   526390.
Pages occupied by compressor:                 200526.
Pageins:                                     3892061.
T 1790277185.332
Pages free:                                   155206.
Pages wired down:                             114256.
File-backed pages:                            354342.
Anonymous pages:                              184645.
Pages stored in compressor:                   526388.
Pages occupied by compressor:                 200525.
Pageins:                                     3892082.
T 1790277185.399
Pages free:                                   155162.
Pages wired down:                             118632.
File-backed pages:                            354350.
Anonymous pages:                              180313.
Pages stored in compressor:                   526327.
Pages occupied by compressor:                 200507.
Pageins:                                     3892113.
T 1790277185.465
Pages free:                                   155251.
Pages wired down:                             118636.
File-backed pages:                            354349.
Anonymous pages:                              180300.
Pages stored in compressor:                   526327.
Pages occupied by compressor:                 200507.
Pageins:                                     3892133.
T 1790277185.531
Pages free:                                   155355.
Pages wired down:                             118633.
File-backed pages:                            354396.
Anonymous pages:                              180100.
Pages stored in compressor:                   526325.
Pages occupied by compressor:                 200507.
Pageins:                                     3892152.
T 1790277185.598
Pages free:                                   155229.
Pages wired down:                             118636.
File-backed pages:                            354448.
Anonymous pages:                              180217.
Pages stored in compressor:                   526322.
Pages occupied by compressor:                 200507.
Pageins:                                     3892225.
T 1790277185.664
Pages free:                                   154894.
Pages wired down:                             118632.
File-backed pages:                            354468.
Anonymous pages:                              180628.
Pages stored in compressor:                   525927.
Pages occupied by compressor:                 200366.
Pageins:                                     3892247.
T 1790277185.730
Pages free:                                   154468.
Pages wired down:                             118648.
File-backed pages:                            354645.
Anonymous pages:                              180961.
Pages stored in compressor:                   525768.
Pages occupied by compressor:                 200292.
Pageins:                                     3892277.
T 1790277185.797
Pages free:                                   153323.
Pages wired down:                             118549.
File-backed pages:                            354726.
Anonymous pages:                              182187.
Pages stored in compressor:                   525284.
Pages occupied by compressor:                 200128.
Pageins:                                     3892309.
T 1790277185.865
Pages free:                                   152162.
Pages wired down:                             118571.
File-backed pages:                            354910.
Anonymous pages:                              183169.
Pages stored in compressor:                   525169.
Pages occupied by compressor:                 200085.
Pageins:                                     3892344.
T 1790277185.931
Pages free:                                   152070.
Pages wired down:                             118567.
File-backed pages:                            354936.
Anonymous pages:                              183435.
Pages stored in compressor:                   525053.
Pages occupied by compressor:                 200042.
Pageins:                                     3892363.
T 1790277185.997
Pages free:                                   151615.
Pages wired down:                             118553.
File-backed pages:                            355062.
Anonymous pages:                              183688.
Pages stored in compressor:                   524855.
Pages occupied by compressor:                 199981.
Pageins:                                     3892471.
T 1790277186.063
Pages free:                                   151815.
Pages wired down:                             118567.
File-backed pages:                            355059.
Anonymous pages:                              183622.
Pages stored in compressor:                   524852.
Pages occupied by compressor:                 199978.
Pageins:                                     3892491.
T 1790277186.126
Pages free:                                   151768.
Pages wired down:                             118589.
File-backed pages:                            355059.
Anonymous pages:                              183671.
Pages stored in compressor:                   524833.
Pages occupied by compressor:                 199976.
Pageins:                                     3892512.
T 1790277186.194
Pages free:                                   151647.
Pages wired down:                             118580.
File-backed pages:                            355058.
Anonymous pages:                              183631.
Pages stored in compressor:                   524827.
Pages occupied by compressor:                 199973.
Pageins:                                     3892534.
T 1790277186.262
Pages free:                                   151736.
Pages wired down:                             118585.
File-backed pages:                            355119.
Anonymous pages:                              183528.
Pages stored in compressor:                   524818.
Pages occupied by compressor:                 199969.
Pageins:                                     3892557.
T 1790277186.328
Pages free:                                   151778.
Pages wired down:                             118573.
File-backed pages:                            355179.
Anonymous pages:                              183456.
Pages stored in compressor:                   524814.
Pages occupied by compressor:                 199967.
Pageins:                                     3892629.
T 1790277186.395
Pages free:                                   151751.
Pages wired down:                             118590.
File-backed pages:                            355179.
Anonymous pages:                              183511.
Pages stored in compressor:                   524813.
Pages occupied by compressor:                 199967.
Pageins:                                     3892649.
T 1790277186.463
Pages free:                                   151769.
Pages wired down:                             118569.
File-backed pages:                            355178.
Anonymous pages:                              183465.
Pages stored in compressor:                   524811.
Pages occupied by compressor:                 199967.
Pageins:                                     3892672.
T 1790277186.530
Pages free:                                   151863.
Pages wired down:                             118564.
File-backed pages:                            355178.
Anonymous pages:                              183414.
Pages stored in compressor:                   524811.
Pages occupied by compressor:                 199967.
Pageins:                                     3892693.
T 1790277186.598
Pages free:                                   151492.
Pages wired down:                             118587.
File-backed pages:                            355182.
Anonymous pages:                              183782.
Pages stored in compressor:                   524810.
Pages occupied by compressor:                 199967.
Pageins:                                     3892715.
T 1790277186.665
Pages free:                                   151722.
Pages wired down:                             118560.
File-backed pages:                            355180.
Anonymous pages:                              183590.
Pages stored in compressor:                   524810.
Pages occupied by compressor:                 199967.
Pageins:                                     3892736.
T 1790277186.732
Pages free:                                   151563.
Pages wired down:                             118574.
File-backed pages:                            355181.
Anonymous pages:                              183683.
Pages stored in compressor:                   524809.
Pages occupied by compressor:                 199967.
Pageins:                                     3892756.
T 1790277186.799
Pages free:                                   151600.
Pages wired down:                             118563.
File-backed pages:                            355181.
Anonymous pages:                              183640.
Pages stored in compressor:                   524809.
Pages occupied by compressor:                 199967.
Pageins:                                     3892778.
T 1790277186.866
Pages free:                                   288172.
Pages wired down:                             117162.
File-backed pages:                            222907.
Anonymous pages:                              182153.
Pages stored in compressor:                   521577.
Pages occupied by compressor:                 198637.
Pageins:                                     3892845.
T 1790277186.936
Pages free:                                   283985.
Pages wired down:                             120793.
File-backed pages:                            222762.
Anonymous pages:                              183100.
Pages stored in compressor:                   519696.
Pages occupied by compressor:                 198347.
Pageins:                                     3892917.
T 1790277187.051
Pages free:                                   283860.
Pages wired down:                             120796.
File-backed pages:                            222767.
Anonymous pages:                              183159.
Pages stored in compressor:                   519672.
Pages occupied by compressor:                 198340.
Pageins:                                     3892931.
T 1790277187.122
Pages free:                                   283873.
Pages wired down:                             120801.
File-backed pages:                            222768.
Anonymous pages:                              183198.
Pages stored in compressor:                   519672.
Pages occupied by compressor:                 198340.
Pageins:                                     3892946.
T 1790277187.193
Pages free:                                   283854.
Pages wired down:                             120787.
File-backed pages:                            222773.
Anonymous pages:                              183139.
Pages stored in compressor:                   519666.
Pages occupied by compressor:                 198340.
Pageins:                                     3892961.
T 1790277187.261
Pages free:                                   283459.
Pages wired down:                             120833.
File-backed pages:                            222773.
Anonymous pages:                              183551.
Pages stored in compressor:                   519664.
Pages occupied by compressor:                 198339.
Pageins:                                     3892973.
T 1790277187.332
Pages free:                                   282270.
Pages wired down:                             120896.
File-backed pages:                            222774.
Anonymous pages:                              184756.
Pages stored in compressor:                   519590.
Pages occupied by compressor:                 198286.
Pageins:                                     3892989.
T 1790277187.401
Pages free:                                   285107.
Pages wired down:                             119231.
File-backed pages:                            222775.
Anonymous pages:                              183493.
Pages stored in compressor:                   519587.
Pages occupied by compressor:                 198284.
Pageins:                                     3893003.
T 1790277187.468
Pages free:                                   284124.
Pages wired down:                             120336.
File-backed pages:                            222774.
Anonymous pages:                              183466.
Pages stored in compressor:                   519587.
Pages occupied by compressor:                 198284.
Pageins:                                     3893015.
T 1790277187.537
Pages free:                                   285244.
Pages wired down:                             119234.
File-backed pages:                            222774.
Anonymous pages:                              183468.
Pages stored in compressor:                   519587.
Pages occupied by compressor:                 198284.
Pageins:                                     3893029.
T 1790277187.606
Pages free:                                   285298.
Pages wired down:                             119225.
File-backed pages:                            222774.
Anonymous pages:                              183449.
Pages stored in compressor:                   519586.
Pages occupied by compressor:                 198284.
Pageins:                                     3893045.
T 1790277187.674
Pages free:                                   285371.
Pages wired down:                             119234.
File-backed pages:                            222829.
Anonymous pages:                              183302.
Pages stored in compressor:                   519586.
Pages occupied by compressor:                 198284.
Pageins:                                     3893057.
T 1790277187.743
Pages free:                                   285389.
Pages wired down:                             119227.
File-backed pages:                            222873.
Anonymous pages:                              183275.
Pages stored in compressor:                   519585.
Pages occupied by compressor:                 198283.
Pageins:                                     3893115.
T 1790277187.808
Pages free:                                   285242.
Pages wired down:                             119231.
File-backed pages:                            222877.
Anonymous pages:                              183376.
Pages stored in compressor:                   519585.
Pages occupied by compressor:                 198283.
Pageins:                                     3893129.
T 1790277187.875
Pages free:                                   285192.
Pages wired down:                             119232.
File-backed pages:                            222877.
Anonymous pages:                              183424.
Pages stored in compressor:                   519583.
Pages occupied by compressor:                 198283.
Pageins:                                     3893143.
T 1790277187.945
Pages free:                                   285210.
Pages wired down:                             119229.
File-backed pages:                            222878.
Anonymous pages:                              183405.
Pages stored in compressor:                   519582.
Pages occupied by compressor:                 198281.
Pageins:                                     3893157.
T 1790277188.011
Pages free:                                   285066.
Pages wired down:                             117216.
File-backed pages:                            222879.
Anonymous pages:                              185544.
Pages stored in compressor:                   519561.
Pages occupied by compressor:                 198274.
Pageins:                                     3893171.
T 1790277188.081
Pages free:                                   285151.
Pages wired down:                             117214.
File-backed pages:                            222875.
Anonymous pages:                              185463.
Pages stored in compressor:                   519560.
Pages occupied by compressor:                 198274.
Pageins:                                     3893185.
T 1790277188.150
Pages free:                                   285027.
Pages wired down:                             117215.
File-backed pages:                            222876.
Anonymous pages:                              185535.
Pages stored in compressor:                   519512.
Pages occupied by compressor:                 198266.
Pageins:                                     3893199.
T 1790277188.221
Pages free:                                   285123.
Pages wired down:                             117220.
File-backed pages:                            222877.
Anonymous pages:                              185518.
Pages stored in compressor:                   519432.
Pages occupied by compressor:                 198256.
Pageins:                                     3893213.
T 1790277188.292
Pages free:                                   285092.
Pages wired down:                             117220.
File-backed pages:                            222924.
Anonymous pages:                              185478.
Pages stored in compressor:                   519432.
Pages occupied by compressor:                 198256.
Pageins:                                     3893227.
T 1790277188.365
Pages free:                                   285100.
Pages wired down:                             117125.
File-backed pages:                            222924.
Anonymous pages:                              185503.
Pages stored in compressor:                   519431.
Pages occupied by compressor:                 198255.
Pageins:                                     3893241.
T 1790277188.435
Pages free:                                   285266.
Pages wired down:                             117124.
File-backed pages:                            222924.
Anonymous pages:                              185471.
Pages stored in compressor:                   519421.
Pages occupied by compressor:                 198249.
Pageins:                                     3893256.
T 1790277188.500
Pages free:                                   285072.
Pages wired down:                             117123.
File-backed pages:                            222930.
Anonymous pages:                              185608.
Pages stored in compressor:                   519407.
Pages occupied by compressor:                 198247.
Pageins:                                     3893270.
T 1790277188.567
Pages free:                                   285085.
Pages wired down:                             117121.
File-backed pages:                            222930.
Anonymous pages:                              185554.
Pages stored in compressor:                   519403.
Pages occupied by compressor:                 198247.
Pageins:                                     3893284.
T 1790277188.633
Pages free:                                   285272.
Pages wired down:                             117114.
File-backed pages:                            222926.
Anonymous pages:                              185469.
Pages stored in compressor:                   519403.
Pages occupied by compressor:                 198247.
Pageins:                                     3893294.
T 1790277188.702
Pages free:                                   285122.
Pages wired down:                             117124.
File-backed pages:                            222930.
Anonymous pages:                              185511.
Pages stored in compressor:                   519402.
Pages occupied by compressor:                 198247.
Pageins:                                     3893313.
T 1790277188.766
Pages free:                                   285311.
Pages wired down:                             115512.
File-backed pages:                            222926.
Anonymous pages:                              187065.
Pages stored in compressor:                   519402.
Pages occupied by compressor:                 198247.
Pageins:                                     3893323.
T 1790277188.836
Pages free:                                   285166.
Pages wired down:                             115519.
File-backed pages:                            222930.
Anonymous pages:                              187189.
Pages stored in compressor:                   519402.
Pages occupied by compressor:                 198247.
Pageins:                                     3893341.
T 1790277188.906
Pages free:                                   285193.
Pages wired down:                             115525.
File-backed pages:                            222926.
Anonymous pages:                              187156.
Pages stored in compressor:                   519401.
Pages occupied by compressor:                 198247.
Pageins:                                     3893355.
T 1790277188.977
Pages free:                                   285133.
Pages wired down:                             115522.
File-backed pages:                            222926.
Anonymous pages:                              187111.
Pages stored in compressor:                   519401.
Pages occupied by compressor:                 198247.
Pageins:                                     3893370.
T 1790277189.048
Pages free:                                   285152.
Pages wired down:                             115523.
File-backed pages:                            222927.
Anonymous pages:                              187145.
Pages stored in compressor:                   519401.
Pages occupied by compressor:                 198247.
Pageins:                                     3893384.
T 1790277189.118
Pages free:                                   285058.
Pages wired down:                             115522.
File-backed pages:                            222927.
Anonymous pages:                              187175.
Pages stored in compressor:                   519391.
Pages occupied by compressor:                 198246.
Pageins:                                     3893398.
T 1790277189.190
Pages free:                                   284962.
Pages wired down:                             115532.
File-backed pages:                            222926.
Anonymous pages:                              187188.
Pages stored in compressor:                   519389.
Pages occupied by compressor:                 198246.
Pageins:                                     3893411.
T 1790277189.260
Pages free:                                   285152.
Pages wired down:                             115522.
File-backed pages:                            222926.
Anonymous pages:                              187113.
Pages stored in compressor:                   519386.
Pages occupied by compressor:                 198246.
Pageins:                                     3893426.
T 1790277189.331
Pages free:                                   285260.
Pages wired down:                             115511.
File-backed pages:                            222926.
Anonymous pages:                              187093.
Pages stored in compressor:                   519386.
Pages occupied by compressor:                 198246.
Pageins:                                     3893442.
T 1790277189.398
Pages free:                                   284283.
Pages wired down:                             115567.
File-backed pages:                            222926.
Anonymous pages:                              188012.
Pages stored in compressor:                   519386.
Pages occupied by compressor:                 198246.
Pageins:                                     3893456.
T 1790277189.466
Pages free:                                   283606.
Pages wired down:                             115609.
File-backed pages:                            222927.
Anonymous pages:                              188574.
Pages stored in compressor:                   519385.
Pages occupied by compressor:                 198246.
Pageins:                                     3893468.
T 1790277189.537
Pages free:                                   285042.
Pages wired down:                             115526.
File-backed pages:                            222927.
Anonymous pages:                              187271.
Pages stored in compressor:                   519291.
Pages occupied by compressor:                 198193.
Pageins:                                     3893482.
T 1790277189.607
Pages free:                                   285069.
Pages wired down:                             115525.
File-backed pages:                            222928.
Anonymous pages:                              187245.
Pages stored in compressor:                   519291.
Pages occupied by compressor:                 198193.
Pageins:                                     3893497.
T 1790277189.675
Pages free:                                   285014.
Pages wired down:                             115530.
File-backed pages:                            222929.
Anonymous pages:                              187305.
Pages stored in compressor:                   519291.
Pages occupied by compressor:                 198193.
Pageins:                                     3893511.
T 1790277189.742
Pages free:                                   284966.
Pages wired down:                             115521.
File-backed pages:                            222932.
Anonymous pages:                              187337.
Pages stored in compressor:                   519288.
Pages occupied by compressor:                 198193.
Pageins:                                     3893524.
T 1790277189.809
Pages free:                                   285051.
Pages wired down:                             115520.
File-backed pages:                            222933.
Anonymous pages:                              187270.
Pages stored in compressor:                   519288.
Pages occupied by compressor:                 198193.
Pageins:                                     3893538.
T 1790277189.878
Pages free:                                   284897.
Pages wired down:                             115523.
File-backed pages:                            222933.
Anonymous pages:                              187351.
Pages stored in compressor:                   519288.
Pages occupied by compressor:                 198193.
Pageins:                                     3893552.
T 1790277189.949
Pages free:                                   285009.
Pages wired down:                             115525.
File-backed pages:                            222929.
Anonymous pages:                              187242.
Pages stored in compressor:                   519287.
Pages occupied by compressor:                 198193.
Pageins:                                     3893566.
T 1790277190.019
Pages free:                                   285057.
Pages wired down:                             115522.
File-backed pages:                            222928.
Anonymous pages:                              187271.
Pages stored in compressor:                   519283.
Pages occupied by compressor:                 198192.
Pageins:                                     3893582.
T 1790277190.085
Pages free:                                   285048.
Pages wired down:                             115530.
File-backed pages:                            222929.
Anonymous pages:                              187306.
Pages stored in compressor:                   519282.
Pages occupied by compressor:                 198192.
Pageins:                                     3893595.
T 1790277190.157
Pages free:                                   285004.
Pages wired down:                             115527.
File-backed pages:                            222929.
Anonymous pages:                              187330.
Pages stored in compressor:                   519232.
Pages occupied by compressor:                 198183.
Pageins:                                     3893609.
T 1790277190.230
Pages free:                                   285039.
Pages wired down:                             115529.
File-backed pages:                            222928.
Anonymous pages:                              187348.
Pages stored in compressor:                   519232.
Pages occupied by compressor:                 198183.
Pageins:                                     3893623.
T 1790277190.300
Pages free:                                   284663.
Pages wired down:                             119159.
File-backed pages:                            222929.
Anonymous pages:                              184036.
Pages stored in compressor:                   519207.
Pages occupied by compressor:                 198174.
Pageins:                                     3893637.
T 1790277190.366
Pages free:                                   283694.
Pages wired down:                             120261.
File-backed pages:                            222929.
Anonymous pages:                              183986.
Pages stored in compressor:                   519207.
Pages occupied by compressor:                 198174.
Pageins:                                     3893650.
T 1790277190.433
Pages free:                                   283560.
Pages wired down:                             120264.
File-backed pages:                            222929.
Anonymous pages:                              184040.
Pages stored in compressor:                   519207.
Pages occupied by compressor:                 198174.
Pageins:                                     3893664.
T 1790277190.500
Pages free:                                   283509.
Pages wired down:                             120252.
File-backed pages:                            222933.
Anonymous pages:                              184121.
Pages stored in compressor:                   519199.
Pages occupied by compressor:                 198172.
Pageins:                                     3893678.
T 1790277190.566
Pages free:                                   284546.
Pages wired down:                             119156.
File-backed pages:                            222927.
Anonymous pages:                              184075.
Pages stored in compressor:                   519195.
Pages occupied by compressor:                 198172.
Pageins:                                     3893692.
T 1790277190.636
Pages free:                                   284688.
Pages wired down:                             119161.
File-backed pages:                            222923.
Anonymous pages:                              184063.
Pages stored in compressor:                   519186.
Pages occupied by compressor:                 198172.
Pageins:                                     3893706.
T 1790277190.707
Pages free:                                   284653.
Pages wired down:                             119161.
File-backed pages:                            222923.
Anonymous pages:                              184069.
Pages stored in compressor:                   519186.
Pages occupied by compressor:                 198172.
Pageins:                                     3893720.
T 1790277190.772
Pages free:                                   284583.
Pages wired down:                             119162.
File-backed pages:                            222924.
Anonymous pages:                              184094.
Pages stored in compressor:                   519171.
Pages occupied by compressor:                 198167.
Pageins:                                     3893736.
T 1790277190.840
Pages free:                                   284779.
Pages wired down:                             119147.
File-backed pages:                            222923.
Anonymous pages:                              183941.
Pages stored in compressor:                   519169.
Pages occupied by compressor:                 198166.
Pageins:                                     3893751.
T 1790277190.908
Pages free:                                   284715.
Pages wired down:                             119163.
File-backed pages:                            222924.
Anonymous pages:                              184046.
Pages stored in compressor:                   519169.
Pages occupied by compressor:                 198166.
Pageins:                                     3893764.
T 1790277190.977
Pages free:                                   284743.
Pages wired down:                             119144.
File-backed pages:                            222923.
Anonymous pages:                              183934.
Pages stored in compressor:                   519169.
Pages occupied by compressor:                 198166.
Pageins:                                     3893779.
T 1790277191.046
Pages free:                                   283680.
Pages wired down:                             120248.
File-backed pages:                            222924.
Anonymous pages:                              183960.
Pages stored in compressor:                   519156.
Pages occupied by compressor:                 198162.
Pageins:                                     3893793.
T 1790277191.115
Pages free:                                   283370.
Pages wired down:                             120248.
File-backed pages:                            222928.
Anonymous pages:                              184210.
Pages stored in compressor:                   519151.
Pages occupied by compressor:                 198161.
Pageins:                                     3893807.
T 1790277191.184
Pages free:                                   283381.
Pages wired down:                             120264.
File-backed pages:                            223066.
Anonymous pages:                              184131.
Pages stored in compressor:                   519147.
Pages occupied by compressor:                 198160.
Pageins:                                     3893820.
T 1790277191.250
Pages free:                                   283213.
Pages wired down:                             120261.
File-backed pages:                            223065.
Anonymous pages:                              184265.
Pages stored in compressor:                   519146.
Pages occupied by compressor:                 198160.
Pageins:                                     3893833.
T 1790277191.321
Pages free:                                   283716.
Pages wired down:                             119149.
File-backed pages:                            223166.
Anonymous pages:                              184895.
Pages stored in compressor:                   518700.
Pages occupied by compressor:                 198049.
Pageins:                                     3893859.
T 1790277191.392
Pages free:                                   282212.
Pages wired down:                             119165.
File-backed pages:                            223921.
Anonymous pages:                              185670.
Pages stored in compressor:                   518539.
Pages occupied by compressor:                 198017.
Pageins:                                     3893960.
T 1790277191.459
Pages free:                                   281685.
Pages wired down:                             119151.
File-backed pages:                            224499.
Anonymous pages:                              185613.
Pages stored in compressor:                   518532.
Pages occupied by compressor:                 198013.
Pageins:                                     3894092.
T 1790277191.528
Pages free:                                   279457.
Pages wired down:                             117220.
File-backed pages:                            225022.
Anonymous pages:                              189356.
Pages stored in compressor:                   518090.
Pages occupied by compressor:                 197873.
Pageins:                                     3894249.
T 1790277191.596
Pages free:                                   278944.
Pages wired down:                             117220.
File-backed pages:                            225226.
Anonymous pages:                              189713.
Pages stored in compressor:                   517863.
Pages occupied by compressor:                 197809.
Pageins:                                     3894390.
T 1790277191.663
Pages free:                                   280762.
Pages wired down:                             117141.
File-backed pages:                            225226.
Anonymous pages:                              188062.
Pages stored in compressor:                   517858.
Pages occupied by compressor:                 197808.
Pageins:                                     3894404.
T 1790277191.727
Pages free:                                   278972.
Pages wired down:                             118249.
File-backed pages:                            225366.
Anonymous pages:                              188590.
Pages stored in compressor:                   517722.
Pages occupied by compressor:                 197781.
Pageins:                                     3894510.
T 1790277191.796
Pages free:                                   280424.
Pages wired down:                             117143.
File-backed pages:                            225400.
Anonymous pages:                              188302.
Pages stored in compressor:                   517648.
Pages occupied by compressor:                 197750.
Pageins:                                     3894541.
T 1790277191.861
Pages free:                                   279831.
Pages wired down:                             117138.
File-backed pages:                            225457.
Anonymous pages:                              188814.
Pages stored in compressor:                   517643.
Pages occupied by compressor:                 197749.
Pageins:                                     3894557.
T 1790277191.929
Pages free:                                   279561.
Pages wired down:                             117142.
File-backed pages:                            225835.
Anonymous pages:                              188690.
Pages stored in compressor:                   517574.
Pages occupied by compressor:                 197729.
Pageins:                                     3894615.
T 1790277191.997
Pages free:                                   279717.
Pages wired down:                             117143.
File-backed pages:                            225838.
Anonymous pages:                              188589.
Pages stored in compressor:                   517570.
Pages occupied by compressor:                 197727.
Pageins:                                     3894632.
T 1790277192.065
Pages free:                                   279219.
Pages wired down:                             117143.
File-backed pages:                            225837.
Anonymous pages:                              189056.
Pages stored in compressor:                   517568.
Pages occupied by compressor:                 197727.
Pageins:                                     3894645.
T 1790277192.134
Pages free:                                   279077.
Pages wired down:                             117144.
File-backed pages:                            225838.
Anonymous pages:                              189166.
Pages stored in compressor:                   517555.
Pages occupied by compressor:                 197723.
Pageins:                                     3894659.
T 1790277192.200
Pages free:                                   278951.
Pages wired down:                             117157.
File-backed pages:                            225837.
Anonymous pages:                              189236.
Pages stored in compressor:                   517513.
Pages occupied by compressor:                 197717.
Pageins:                                     3894672.
T 1790277192.271
Pages free:                                   279663.
Pages wired down:                             115539.
File-backed pages:                            225838.
Anonymous pages:                              190298.
Pages stored in compressor:                   517513.
Pages occupied by compressor:                 197717.
Pageins:                                     3894688.
T 1790277192.341
Pages free:                                   279571.
Pages wired down:                             115548.
File-backed pages:                            225831.
Anonymous pages:                              190297.
Pages stored in compressor:                   517509.
Pages occupied by compressor:                 197716.
Pageins:                                     3894749.
T 1790277192.409
Pages free:                                   278247.
Pages wired down:                             116644.
File-backed pages:                            225835.
Anonymous pages:                              190520.
Pages stored in compressor:                   517495.
Pages occupied by compressor:                 197705.
Pageins:                                     3894762.
T 1790277192.479
Pages free:                                   278085.
Pages wired down:                             116634.
File-backed pages:                            225839.
Anonymous pages:                              190889.
Pages stored in compressor:                   517173.
Pages occupied by compressor:                 197567.
Pageins:                                     3894780.
T 1790277192.546
Pages free:                                   279536.
Pages wired down:                             115544.
File-backed pages:                            225844.
Anonymous pages:                              190480.
Pages stored in compressor:                   517140.
Pages occupied by compressor:                 197565.
Pageins:                                     3894794.
T 1790277192.614
Pages free:                                   279556.
Pages wired down:                             115544.
File-backed pages:                            225844.
Anonymous pages:                              190495.
Pages stored in compressor:                   517139.
Pages occupied by compressor:                 197565.
Pageins:                                     3894808.
T 1790277192.684
Pages free:                                   279059.
Pages wired down:                             115546.
File-backed pages:                            225841.
Anonymous pages:                              190959.
Pages stored in compressor:                   517139.
Pages occupied by compressor:                 197565.
Pageins:                                     3894822.
T 1790277192.750
Pages free:                                   279057.
Pages wired down:                             115547.
File-backed pages:                            225842.
Anonymous pages:                              191009.
Pages stored in compressor:                   517138.
Pages occupied by compressor:                 197565.
Pageins:                                     3894837.
T 1790277192.821
Pages free:                                   279537.
Pages wired down:                             115548.
File-backed pages:                            225842.
Anonymous pages:                              190446.
Pages stored in compressor:                   517136.
Pages occupied by compressor:                 197565.
Pageins:                                     3894851.
T 1790277192.888
Pages free:                                   279528.
Pages wired down:                             115544.
File-backed pages:                            225845.
Anonymous pages:                              190526.
Pages stored in compressor:                   517136.
Pages occupied by compressor:                 197565.
Pageins:                                     3894864.
T 1790277192.959
Pages free:                                   279410.
Pages wired down:                             115551.
File-backed pages:                            225860.
Anonymous pages:                              190555.
Pages stored in compressor:                   517130.
Pages occupied by compressor:                 197563.
Pageins:                                     3894931.
T 1790277193.026
Pages free:                                   278980.
Pages wired down:                             115541.
File-backed pages:                            225863.
Anonymous pages:                              190984.
Pages stored in compressor:                   517128.
Pages occupied by compressor:                 197563.
Pageins:                                     3894945.
T 1790277193.092
Pages free:                                   277254.
Pages wired down:                             117717.
File-backed pages:                            225867.
Anonymous pages:                              190622.
Pages stored in compressor:                   516513.
Pages occupied by compressor:                 197485.
Pageins:                                     3894963.
T 1790277193.157
Pages free:                                   276640.
Pages wired down:                             117713.
File-backed pages:                            225868.
Anonymous pages:                              191166.
Pages stored in compressor:                   516513.
Pages occupied by compressor:                 197485.
Pageins:                                     3894977.
T 1790277193.226
Pages free:                                   277339.
Pages wired down:                             117714.
File-backed pages:                            225871.
Anonymous pages:                              190641.
Pages stored in compressor:                   516503.
Pages occupied by compressor:                 197483.
Pageins:                                     3894995.
T 1790277193.291
Pages free:                                   277226.
Pages wired down:                             117710.
File-backed pages:                            225868.
Anonymous pages:                              190624.
Pages stored in compressor:                   516498.
Pages occupied by compressor:                 197481.
Pageins:                                     3895006.
T 1790277193.359
Pages free:                                   277336.
Pages wired down:                             117709.
File-backed pages:                            225867.
Anonymous pages:                              190581.
Pages stored in compressor:                   516497.
Pages occupied by compressor:                 197481.
Pageins:                                     3895019.
T 1790277193.423
Pages free:                                   277327.
Pages wired down:                             117710.
File-backed pages:                            225867.
Anonymous pages:                              190602.
Pages stored in compressor:                   516483.
Pages occupied by compressor:                 197476.
Pageins:                                     3895034.
T 1790277193.492
Pages free:                                   277164.
Pages wired down:                             117717.
File-backed pages:                            225868.
Anonymous pages:                              190650.
Pages stored in compressor:                   516478.
Pages occupied by compressor:                 197475.
Pageins:                                     3895050.
T 1790277193.559
Pages free:                                   277374.
Pages wired down:                             117713.
File-backed pages:                            225867.
Anonymous pages:                              190672.
Pages stored in compressor:                   516407.
Pages occupied by compressor:                 197438.
Pageins:                                     3895062.
T 1790277193.627
Pages free:                                   276812.
Pages wired down:                             117745.
File-backed pages:                            225871.
Anonymous pages:                              191127.
Pages stored in compressor:                   516404.
Pages occupied by compressor:                 197435.
Pageins:                                     3895080.
T 1790277193.696
Pages free:                                   275689.
Pages wired down:                             117786.
File-backed pages:                            225871.
Anonymous pages:                              192187.
Pages stored in compressor:                   516403.
Pages occupied by compressor:                 197435.
Pageins:                                     3895094.
T 1790277193.761
Pages free:                                   277124.
Pages wired down:                             117718.
File-backed pages:                            225871.
Anonymous pages:                              190813.
Pages stored in compressor:                   516401.
Pages occupied by compressor:                 197434.
Pageins:                                     3895108.
T 1790277193.831
Pages free:                                   276015.
Pages wired down:                             118821.
File-backed pages:                            225867.
Anonymous pages:                              190780.
Pages stored in compressor:                   516400.
Pages occupied by compressor:                 197434.
Pageins:                                     3895122.
T 1790277193.902
Pages free:                                   276117.
Pages wired down:                             118818.
File-backed pages:                            225868.
Anonymous pages:                              190779.
Pages stored in compressor:                   516398.
Pages occupied by compressor:                 197434.
Pageins:                                     3895137.
T 1790277193.970
Pages free:                                   276131.
Pages wired down:                             118816.
File-backed pages:                            225867.
Anonymous pages:                              190690.
Pages stored in compressor:                   516396.
Pages occupied by compressor:                 197434.
Pageins:                                     3895150.
T 1790277194.041
Pages free:                                   277171.
Pages wired down:                             117715.
File-backed pages:                            225868.
Anonymous pages:                              190794.
Pages stored in compressor:                   516322.
Pages occupied by compressor:                 197405.
Pageins:                                     3895164.
T 1790277194.112
Pages free:                                   277184.
Pages wired down:                             117717.
File-backed pages:                            225869.
Anonymous pages:                              190797.
Pages stored in compressor:                   516322.
Pages occupied by compressor:                 197405.
Pageins:                                     3895179.
T 1790277194.180
Pages free:                                   276476.
Pages wired down:                             118554.
File-backed pages:                            225868.
Anonymous pages:                              190738.
Pages stored in compressor:                   514910.
Pages occupied by compressor:                 197305.
Pageins:                                     3895192.
T 1790277194.245
Pages free:                                   276461.
Pages wired down:                             118548.
File-backed pages:                            225872.
Anonymous pages:                              190769.
Pages stored in compressor:                   514910.
Pages occupied by compressor:                 197305.
Pageins:                                     3895206.
T 1790277194.314
Pages free:                                   276541.
Pages wired down:                             117896.
File-backed pages:                            225868.
Anonymous pages:                              191280.
Pages stored in compressor:                   514909.
Pages occupied by compressor:                 197305.
Pageins:                                     3895220.
T 1790277194.383
Pages free:                                   276505.
Pages wired down:                             117900.
File-backed pages:                            225868.
Anonymous pages:                              191331.
Pages stored in compressor:                   514907.
Pages occupied by compressor:                 197305.
Pageins:                                     3895235.
T 1790277194.453
Pages free:                                   276639.
Pages wired down:                             117894.
File-backed pages:                            225868.
Anonymous pages:                              191291.
Pages stored in compressor:                   514906.
Pages occupied by compressor:                 197305.
Pageins:                                     3895250.
T 1790277194.519
Pages free:                                   276663.
Pages wired down:                             117892.
File-backed pages:                            225868.
Anonymous pages:                              191265.
Pages stored in compressor:                   514906.
Pages occupied by compressor:                 197305.
Pageins:                                     3895264.
T 1790277194.589
Pages free:                                   276610.
Pages wired down:                             117890.
File-backed pages:                            225868.
Anonymous pages:                              191270.
Pages stored in compressor:                   514905.
Pages occupied by compressor:                 197305.
Pageins:                                     3895278.
T 1790277194.657
Pages free:                                   276582.
Pages wired down:                             117897.
File-backed pages:                            225869.
Anonymous pages:                              191323.
Pages stored in compressor:                   514900.
Pages occupied by compressor:                 197305.
Pageins:                                     3895292.
T 1790277194.726
Pages free:                                   275356.
Pages wired down:                             119014.
File-backed pages:                            225869.
Anonymous pages:                              191398.
Pages stored in compressor:                   514896.
Pages occupied by compressor:                 197305.
Pageins:                                     3895306.
T 1790277194.792
Pages free:                                   276553.
Pages wired down:                             117904.
File-backed pages:                            225869.
Anonymous pages:                              191358.
Pages stored in compressor:                   514880.
Pages occupied by compressor:                 197296.
Pageins:                                     3895320.
T 1790277194.861
Pages free:                                   276624.
Pages wired down:                             117894.
File-backed pages:                            225868.
Anonymous pages:                              191310.
Pages stored in compressor:                   514878.
Pages occupied by compressor:                 197296.
Pageins:                                     3895335.
T 1790277194.928
Pages free:                                   276885.
Pages wired down:                             117877.
File-backed pages:                            225867.
Anonymous pages:                              191160.
Pages stored in compressor:                   514827.
Pages occupied by compressor:                 197280.
Pageins:                                     3895349.
T 1790277194.997
Pages free:                                   276850.
Pages wired down:                             117877.
File-backed pages:                            225868.
Anonymous pages:                              191166.
Pages stored in compressor:                   514827.
Pages occupied by compressor:                 197280.
Pageins:                                     3895364.
T 1790277195.062
Pages free:                                   276852.
Pages wired down:                             117883.
File-backed pages:                            225868.
Anonymous pages:                              191189.
Pages stored in compressor:                   514825.
Pages occupied by compressor:                 197280.
Pageins:                                     3895376.
T 1790277195.133
Pages free:                                   276636.
Pages wired down:                             117888.
File-backed pages:                            225868.
Anonymous pages:                              191302.
Pages stored in compressor:                   514747.
Pages occupied by compressor:                 197263.
Pageins:                                     3895390.
T 1790277195.200
Pages free:                                   276748.
Pages wired down:                             117889.
File-backed pages:                            225869.
Anonymous pages:                              191248.
Pages stored in compressor:                   514744.
Pages occupied by compressor:                 197263.
Pageins:                                     3895405.
T 1790277195.272
Pages free:                                   276595.
Pages wired down:                             117885.
File-backed pages:                            225868.
Anonymous pages:                              191279.
Pages stored in compressor:                   514739.
Pages occupied by compressor:                 197263.
Pageins:                                     3895420.
T 1790277195.341
Pages free:                                   277208.
Pages wired down:                             116626.
File-backed pages:                            225868.
Anonymous pages:                              191984.
Pages stored in compressor:                   514738.
Pages occupied by compressor:                 197263.
Pageins:                                     3895434.
T 1790277195.410
Pages free:                                   277278.
Pages wired down:                             116635.
File-backed pages:                            225872.
Anonymous pages:                              192005.
Pages stored in compressor:                   514738.
Pages occupied by compressor:                 197263.
Pageins:                                     3895448.
T 1790277195.474
Pages free:                                   277407.
Pages wired down:                             116617.
File-backed pages:                            225871.
Anonymous pages:                              191835.
Pages stored in compressor:                   514733.
Pages occupied by compressor:                 197260.
Pageins:                                     3895462.
T 1790277195.543
Pages free:                                   278095.
Pages wired down:                             115522.
File-backed pages:                            225871.
Anonymous pages:                              192172.
Pages stored in compressor:                   514733.
Pages occupied by compressor:                 197260.
Pageins:                                     3895474.
T 1790277195.614
Pages free:                                   276241.
Pages wired down:                             116626.
File-backed pages:                            225872.
Anonymous pages:                              192997.
Pages stored in compressor:                   514729.
Pages occupied by compressor:                 197259.
Pageins:                                     3895489.
T 1790277195.684
Pages free:                                   276179.
Pages wired down:                             116623.
File-backed pages:                            225872.
Anonymous pages:                              192999.
Pages stored in compressor:                   514713.
Pages occupied by compressor:                 197256.
Pageins:                                     3895503.
T 1790277195.753
Pages free:                                   272365.
Pages wired down:                             119510.
File-backed pages:                            225893.
Anonymous pages:                              193934.
Pages stored in compressor:                   514587.
Pages occupied by compressor:                 197223.
Pageins:                                     3895538.
T 1790277195.818
Pages free:                                   271806.
Pages wired down:                             119522.
File-backed pages:                            225896.
Anonymous pages:                              194481.
Pages stored in compressor:                   514546.
Pages occupied by compressor:                 197213.
Pageins:                                     3895553.
T 1790277195.882
Pages free:                                   274467.
Pages wired down:                             119434.
File-backed pages:                            225821.
Anonymous pages:                              192078.
Pages stored in compressor:                   514428.
Pages occupied by compressor:                 197168.
Pageins:                                     3895563.
T 1790277195.954
Pages free:                                   274223.
Pages wired down:                             119441.
File-backed pages:                            225829.
Anonymous pages:                              192347.
Pages stored in compressor:                   514332.
Pages occupied by compressor:                 197126.
Pageins:                                     3895585.
T 1790277196.022
Pages free:                                   274690.
Pages wired down:                             119411.
File-backed pages:                            225824.
Anonymous pages:                              191944.
Pages stored in compressor:                   514330.
Pages occupied by compressor:                 197126.
Pageins:                                     3895599.
T 1790277196.091
Pages free:                                   274992.
Pages wired down:                             119417.
File-backed pages:                            225662.
Anonymous pages:                              191787.
Pages stored in compressor:                   514328.
Pages occupied by compressor:                 197124.
Pageins:                                     3895614.
T 1790277196.158
Pages free:                                   275023.
Pages wired down:                             119418.
File-backed pages:                            225662.
Anonymous pages:                              191765.
Pages stored in compressor:                   514301.
Pages occupied by compressor:                 197115.
Pageins:                                     3895628.
T 1790277196.224
Pages free:                                   274889.
Pages wired down:                             119414.
File-backed pages:                            225665.
Anonymous pages:                              191864.
Pages stored in compressor:                   514301.
Pages occupied by compressor:                 197115.
Pageins:                                     3895641.
T 1790277196.291
Pages free:                                   276068.
Pages wired down:                             118309.
File-backed pages:                            225665.
Anonymous pages:                              191898.
Pages stored in compressor:                   514230.
Pages occupied by compressor:                 197090.
Pageins:                                     3895655.
T 1790277196.361
Pages free:                                   276125.
Pages wired down:                             118314.
File-backed pages:                            225661.
Anonymous pages:                              191907.
Pages stored in compressor:                   514209.
Pages occupied by compressor:                 197084.
Pageins:                                     3895669.
T 1790277196.430
Pages free:                                   275124.
Pages wired down:                             119398.
File-backed pages:                            225662.
Anonymous pages:                              191847.
Pages stored in compressor:                   514209.
Pages occupied by compressor:                 197084.
Pageins:                                     3895685.
T 1790277196.500
Pages free:                                   274975.
Pages wired down:                             119411.
File-backed pages:                            225695.
Anonymous pages:                              191869.
Pages stored in compressor:                   514209.
Pages occupied by compressor:                 197084.
Pageins:                                     3895698.
T 1790277196.570
Pages free:                                   276083.
Pages wired down:                             117247.
File-backed pages:                            225728.
Anonymous pages:                              192839.
Pages stored in compressor:                   514193.
Pages occupied by compressor:                 197078.
Pageins:                                     3895717.
T 1790277196.637
Pages free:                                   275981.
Pages wired down:                             117250.
File-backed pages:                            225728.
Anonymous pages:                              192858.
Pages stored in compressor:                   514193.
Pages occupied by compressor:                 197078.
Pageins:                                     3895731.
T 1790277196.706
Pages free:                                   275785.
Pages wired down:                             117262.
File-backed pages:                            225746.
Anonymous pages:                              193087.
Pages stored in compressor:                   514086.
Pages occupied by compressor:                 197059.
Pageins:                                     3895753.
T 1790277196.778
Pages free:                                   274838.
Pages wired down:                             120081.
File-backed pages:                            225770.
Anonymous pages:                              191466.
Pages stored in compressor:                   512888.
Pages occupied by compressor:                 196807.
Pageins:                                     3895780.
T 1790277196.846
Pages free:                                   274971.
Pages wired down:                             117826.
File-backed pages:                            225769.
Anonymous pages:                              193691.
Pages stored in compressor:                   512888.
Pages occupied by compressor:                 196807.
Pageins:                                     3895793.
T 1790277196.912
Pages free:                                   273806.
Pages wired down:                             118924.
File-backed pages:                            225773.
Anonymous pages:                              193726.
Pages stored in compressor:                   512886.
Pages occupied by compressor:                 196806.
Pageins:                                     3895807.
T 1790277196.983
Pages free:                                   273862.
Pages wired down:                             118925.
File-backed pages:                            225770.
Anonymous pages:                              193667.
Pages stored in compressor:                   512886.
Pages occupied by compressor:                 196806.
Pageins:                                     3895822.
T 1790277197.053
Pages free:                                   274934.
Pages wired down:                             117811.
File-backed pages:                            225769.
Anonymous pages:                              193629.
Pages stored in compressor:                   512884.
Pages occupied by compressor:                 196806.
Pageins:                                     3895837.
T 1790277197.122
Pages free:                                   274832.
Pages wired down:                             117818.
File-backed pages:                            225802.
Anonymous pages:                              193703.
Pages stored in compressor:                   512881.
Pages occupied by compressor:                 196806.
Pageins:                                     3895878.
T 1790277197.192
Pages free:                                   274872.
Pages wired down:                             117826.
File-backed pages:                            225767.
Anonymous pages:                              193701.
Pages stored in compressor:                   512880.
Pages occupied by compressor:                 196806.
Pageins:                                     3895889.
T 1790277197.263
Pages free:                                   274858.
Pages wired down:                             117826.
File-backed pages:                            225767.
Anonymous pages:                              193757.
Pages stored in compressor:                   512876.
Pages occupied by compressor:                 196805.
Pageins:                                     3895903.
T 1790277197.335
Pages free:                                   274888.
Pages wired down:                             117826.
File-backed pages:                            225767.
Anonymous pages:                              193734.
Pages stored in compressor:                   512876.
Pages occupied by compressor:                 196805.
Pageins:                                     3895917.
T 1790277197.404
Pages free:                                   274926.
Pages wired down:                             117821.
File-backed pages:                            225769.
Anonymous pages:                              193686.
Pages stored in compressor:                   512876.
Pages occupied by compressor:                 196805.
Pageins:                                     3895931.
T 1790277197.473
Pages free:                                   274850.
Pages wired down:                             117827.
File-backed pages:                            225769.
Anonymous pages:                              193759.
Pages stored in compressor:                   512876.
Pages occupied by compressor:                 196805.
Pageins:                                     3895945.
T 1790277197.545
Pages free:                                   274892.
Pages wired down:                             117824.
File-backed pages:                            225769.
Anonymous pages:                              193716.
Pages stored in compressor:                   512871.
Pages occupied by compressor:                 196804.
Pageins:                                     3895959.
T 1790277197.612
Pages free:                                   273642.
Pages wired down:                             118925.
File-backed pages:                            225773.
Anonymous pages:                              193831.
Pages stored in compressor:                   512869.
Pages occupied by compressor:                 196802.
Pageins:                                     3895974.
T 1790277197.684
Pages free:                                   273627.
Pages wired down:                             118939.
File-backed pages:                            225771.
Anonymous pages:                              193792.
Pages stored in compressor:                   512866.
Pages occupied by compressor:                 196801.
Pageins:                                     3895990.
T 1790277197.755
Pages free:                                   275079.
Pages wired down:                             118929.
File-backed pages:                            225772.
Anonymous pages:                              192337.
Pages stored in compressor:                   512862.
Pages occupied by compressor:                 196798.
Pageins:                                     3896003.
T 1790277197.825
Pages free:                                   276290.
Pages wired down:                             115471.
File-backed pages:                            225772.
Anonymous pages:                              194669.
Pages stored in compressor:                   512862.
Pages occupied by compressor:                 196798.
Pageins:                                     3896017.
T 1790277197.893
Pages free:                                   274927.
Pages wired down:                             115549.
File-backed pages:                            225771.
Anonymous pages:                              195955.
Pages stored in compressor:                   512859.
Pages occupied by compressor:                 196796.
Pageins:                                     3896032.
T 1790277197.958
Pages free:                                   274841.
Pages wired down:                             115556.
File-backed pages:                            225771.
Anonymous pages:                              196021.
Pages stored in compressor:                   512859.
Pages occupied by compressor:                 196796.
Pageins:                                     3896045.
T 1790277198.023
Pages free:                                   276292.
Pages wired down:                             115472.
File-backed pages:                            225773.
Anonymous pages:                              194658.
Pages stored in compressor:                   512833.
Pages occupied by compressor:                 196781.
Pageins:                                     3896059.
T 1790277198.092
Pages free:                                   276253.
Pages wired down:                             115461.
File-backed pages:                            225774.
Anonymous pages:                              194594.
Pages stored in compressor:                   512833.
Pages occupied by compressor:                 196781.
Pageins:                                     3896075.
T 1790277198.160
Pages free:                                   276235.
Pages wired down:                             115464.
File-backed pages:                            225773.
Anonymous pages:                              194714.
Pages stored in compressor:                   512752.
Pages occupied by compressor:                 196758.
Pageins:                                     3896088.
T 1790277198.226
Pages free:                                   275197.
Pages wired down:                             116561.
File-backed pages:                            225773.
Anonymous pages:                              194672.
Pages stored in compressor:                   512727.
Pages occupied by compressor:                 196742.
Pageins:                                     3896103.
T 1790277198.295
Pages free:                                   275154.
Pages wired down:                             116578.
File-backed pages:                            225773.
Anonymous pages:                              194736.
Pages stored in compressor:                   512726.
Pages occupied by compressor:                 196742.
Pageins:                                     3896115.
T 1790277198.365
Pages free:                                   276290.
Pages wired down:                             115476.
File-backed pages:                            225774.
Anonymous pages:                              194756.
Pages stored in compressor:                   512726.
Pages occupied by compressor:                 196742.
Pageins:                                     3896130.
T 1790277198.434
Pages free:                                   276173.
Pages wired down:                             115482.
File-backed pages:                            225775.
Anonymous pages:                              194768.
Pages stored in compressor:                   512716.
Pages occupied by compressor:                 196740.
Pageins:                                     3896144.
T 1790277198.504
Pages free:                                   276003.
Pages wired down:                             115475.
File-backed pages:                            225775.
Anonymous pages:                              195024.
Pages stored in compressor:                   512687.
Pages occupied by compressor:                 196733.
Pageins:                                     3896159.
T 1790277198.573
Pages free:                                   276034.
Pages wired down:                             115468.
File-backed pages:                            225775.
Anonymous pages:                              194943.
Pages stored in compressor:                   512687.
Pages occupied by compressor:                 196733.
Pageins:                                     3896175.
T 1790277198.640
Pages free:                                   276110.
Pages wired down:                             115469.
File-backed pages:                            225774.
Anonymous pages:                              194951.
Pages stored in compressor:                   512683.
Pages occupied by compressor:                 196732.
Pageins:                                     3896188.
T 1790277198.709
Pages free:                                   276021.
Pages wired down:                             115465.
File-backed pages:                            225774.
Anonymous pages:                              194921.
Pages stored in compressor:                   512683.
Pages occupied by compressor:                 196732.
Pageins:                                     3896202.
T 1790277198.778
Pages free:                                   276153.
Pages wired down:                             115458.
File-backed pages:                            225774.
Anonymous pages:                              194883.
Pages stored in compressor:                   512683.
Pages occupied by compressor:                 196732.
Pageins:                                     3896216.
T 1790277198.846
Pages free:                                   276157.
Pages wired down:                             115468.
File-backed pages:                            225774.
Anonymous pages:                              194907.
Pages stored in compressor:                   512683.
Pages occupied by compressor:                 196732.
Pageins:                                     3896228.
T 1790277198.917
Pages free:                                   275975.
Pages wired down:                             115474.
File-backed pages:                            225775.
Anonymous pages:                              194974.
Pages stored in compressor:                   512683.
Pages occupied by compressor:                 196732.
Pageins:                                     3896243.
T 1790277198.989
Pages free:                                   275887.
Pages wired down:                             115478.
File-backed pages:                            225774.
Anonymous pages:                              195003.
Pages stored in compressor:                   512683.
Pages occupied by compressor:                 196732.
Pageins:                                     3896257.
T 1790277199.062
Pages free:                                   275937.
Pages wired down:                             115476.
File-backed pages:                            225774.
Anonymous pages:                              194974.
Pages stored in compressor:                   512558.
Pages occupied by compressor:                 196721.
Pageins:                                     3896270.
T 1790277199.132
Pages free:                                   275977.
Pages wired down:                             115477.
File-backed pages:                            225774.
Anonymous pages:                              194977.
Pages stored in compressor:                   512556.
Pages occupied by compressor:                 196720.
Pageins:                                     3896284.
T 1790277199.202
Pages free:                                   276057.
Pages wired down:                             115464.
File-backed pages:                            225774.
Anonymous pages:                              194926.
Pages stored in compressor:                   512551.
Pages occupied by compressor:                 196718.
Pageins:                                     3896300.
T 1790277199.270
Pages free:                                   276080.
Pages wired down:                             115465.
File-backed pages:                            225774.
Anonymous pages:                              194915.
Pages stored in compressor:                   512551.
Pages occupied by compressor:                 196718.
Pageins:                                     3896314.
T 1790277199.336
Pages free:                                   276116.
Pages wired down:                             115465.
File-backed pages:                            225774.
Anonymous pages:                              194920.
Pages stored in compressor:                   512543.
Pages occupied by compressor:                 196716.
Pageins:                                     3896328.
T 1790277199.403
Pages free:                                   275937.
Pages wired down:                             115478.
File-backed pages:                            225775.
Anonymous pages:                              195002.
Pages stored in compressor:                   512543.
Pages occupied by compressor:                 196716.
Pageins:                                     3896341.
T 1790277199.474
Pages free:                                   276016.
Pages wired down:                             115473.
File-backed pages:                            225774.
Anonymous pages:                              194941.
Pages stored in compressor:                   512543.
Pages occupied by compressor:                 196716.
Pageins:                                     3896354.
T 1790277199.542
Pages free:                                   276089.
Pages wired down:                             115475.
File-backed pages:                            225774.
Anonymous pages:                              194968.
Pages stored in compressor:                   512543.
Pages occupied by compressor:                 196716.
Pageins:                                     3896368.
T 1790277199.609
Pages free:                                   275929.
Pages wired down:                             115477.
File-backed pages:                            225774.
Anonymous pages:                              195023.
Pages stored in compressor:                   512543.
Pages occupied by compressor:                 196716.
Pageins:                                     3896382.
T 1790277199.679
Pages free:                                   276063.
Pages wired down:                             115469.
File-backed pages:                            225775.
Anonymous pages:                              194935.
Pages stored in compressor:                   512542.
Pages occupied by compressor:                 196715.
Pageins:                                     3896398.
T 1790277199.749
Pages free:                                   276096.
Pages wired down:                             115476.
File-backed pages:                            225775.
Anonymous pages:                              194962.
Pages stored in compressor:                   512535.
Pages occupied by compressor:                 196713.
Pageins:                                     3896410.
T 1790277199.817
Pages free:                                   276096.
Pages wired down:                             115466.
File-backed pages:                            225775.
Anonymous pages:                              194947.
Pages stored in compressor:                   512535.
Pages occupied by compressor:                 196713.
Pageins:                                     3896424.
T 1790277199.884
Pages free:                                   275735.
Pages wired down:                             115481.
File-backed pages:                            225800.
Anonymous pages:                              195392.
Pages stored in compressor:                   512218.
Pages occupied by compressor:                 196610.
Pageins:                                     3896457.
T 1790277199.953
Pages free:                                   275738.
Pages wired down:                             115480.
File-backed pages:                            225800.
Anonymous pages:                              195361.
Pages stored in compressor:                   512216.
Pages occupied by compressor:                 196610.
Pageins:                                     3896472.
T 1790277200.022
Pages free:                                   274328.
Pages wired down:                             115563.
File-backed pages:                            225800.
Anonymous pages:                              196728.
Pages stored in compressor:                   512210.
Pages occupied by compressor:                 196607.
Pageins:                                     3896486.
T 1790277200.092
Pages free:                                   274348.
Pages wired down:                             115554.
File-backed pages:                            225799.
Anonymous pages:                              196678.
Pages stored in compressor:                   512210.
Pages occupied by compressor:                 196607.
Pageins:                                     3896500.
T 1790277200.159
Pages free:                                   275753.
Pages wired down:                             115480.
File-backed pages:                            225800.
Anonymous pages:                              195354.
Pages stored in compressor:                   512207.
Pages occupied by compressor:                 196605.
Pageins:                                     3896514.
T 1790277200.229
Pages free:                                   275877.
Pages wired down:                             115474.
File-backed pages:                            225799.
Anonymous pages:                              195263.
Pages stored in compressor:                   512207.
Pages occupied by compressor:                 196605.
Pageins:                                     3896527.
T 1790277200.300
Pages free:                                   275850.
Pages wired down:                             115466.
File-backed pages:                            225799.
Anonymous pages:                              195264.
Pages stored in compressor:                   512207.
Pages occupied by compressor:                 196605.
Pageins:                                     3896543.
T 1790277200.368
Pages free:                                   275778.
Pages wired down:                             115478.
File-backed pages:                            225800.
Anonymous pages:                              195324.
Pages stored in compressor:                   512207.
Pages occupied by compressor:                 196605.
Pageins:                                     3896556.
T 1790277200.439
Pages free:                                   275882.
Pages wired down:                             115481.
File-backed pages:                            225799.
Anonymous pages:                              195361.
Pages stored in compressor:                   512205.
Pages occupied by compressor:                 196604.
Pageins:                                     3896569.
T 1790277200.509
Pages free:                                   275770.
Pages wired down:                             115479.
File-backed pages:                            225800.
Anonymous pages:                              195350.
Pages stored in compressor:                   512189.
Pages occupied by compressor:                 196603.
Pageins:                                     3896584.
T 1790277200.578
Pages free:                                   274991.
Pages wired down:                             116570.
File-backed pages:                            225800.
Anonymous pages:                              195022.
Pages stored in compressor:                   512187.
Pages occupied by compressor:                 196602.
Pageins:                                     3896599.
T 1790277200.645
Pages free:                                   275026.
Pages wired down:                             116571.
File-backed pages:                            225799.
Anonymous pages:                              194976.
Pages stored in compressor:                   512186.
Pages occupied by compressor:                 196600.
Pageins:                                     3896612.
T 1790277200.716
Pages free:                                   275250.
Pages wired down:                             116579.
File-backed pages:                            225799.
Anonymous pages:                              194695.
Pages stored in compressor:                   512185.
Pages occupied by compressor:                 196600.
Pageins:                                     3896626.
T 1790277200.785
Pages free:                                   275242.
Pages wired down:                             116583.
File-backed pages:                            225800.
Anonymous pages:                              194834.
Pages stored in compressor:                   512104.
Pages occupied by compressor:                 196567.
Pageins:                                     3896641.
T 1790277200.855
Pages free:                                   276367.
Pages wired down:                             115479.
File-backed pages:                            225800.
Anonymous pages:                              194794.
Pages stored in compressor:                   512101.
Pages occupied by compressor:                 196566.
Pageins:                                     3896656.
T 1790277200.924
Pages free:                                   276337.
Pages wired down:                             115475.
File-backed pages:                            225800.
Anonymous pages:                              194797.
Pages stored in compressor:                   512077.
Pages occupied by compressor:                 196556.
Pageins:                                     3896669.
T 1790277200.993
Pages free:                                   276304.
Pages wired down:                             115462.
File-backed pages:                            225800.
Anonymous pages:                              194777.
Pages stored in compressor:                   512077.
Pages occupied by compressor:                 196556.
Pageins:                                     3896685.
T 1790277201.059
Pages free:                                   276253.
Pages wired down:                             115462.
File-backed pages:                            225804.
Anonymous pages:                              194926.
Pages stored in compressor:                   512076.
Pages occupied by compressor:                 196556.
Pageins:                                     3896697.
T 1790277201.130
Pages free:                                   276345.
Pages wired down:                             115452.
File-backed pages:                            225801.
Anonymous pages:                              194870.
Pages stored in compressor:                   512011.
Pages occupied by compressor:                 196538.
Pageins:                                     3896711.
T 1790277201.200
Pages free:                                   276353.
Pages wired down:                             115467.
File-backed pages:                            225802.
Anonymous pages:                              194887.
Pages stored in compressor:                   512001.
Pages occupied by compressor:                 196534.
Pageins:                                     3896726.
T 1790277201.271
Pages free:                                   276143.
Pages wired down:                             115471.
File-backed pages:                            225803.
Anonymous pages:                              194953.
Pages stored in compressor:                   511986.
Pages occupied by compressor:                 196528.
Pageins:                                     3896741.
T 1790277201.340
Pages free:                                   276264.
Pages wired down:                             115460.
File-backed pages:                            225802.
Anonymous pages:                              194899.
Pages stored in compressor:                   511985.
Pages occupied by compressor:                 196528.
Pageins:                                     3896756.
T 1790277201.409
Pages free:                                   276251.
Pages wired down:                             115473.
File-backed pages:                            225802.
Anonymous pages:                              194927.
Pages stored in compressor:                   511979.
Pages occupied by compressor:                 196525.
Pageins:                                     3896769.
T 1790277201.476
Pages free:                                   275100.
Pages wired down:                             116569.
File-backed pages:                            225806.
Anonymous pages:                              194998.
Pages stored in compressor:                   511978.
Pages occupied by compressor:                 196525.
Pageins:                                     3896782.
T 1790277201.547
Pages free:                                   275111.
Pages wired down:                             116566.
File-backed pages:                            225802.
Anonymous pages:                              194887.
Pages stored in compressor:                   511977.
Pages occupied by compressor:                 196525.
Pageins:                                     3896796.
T 1790277201.618
Pages free:                                   275193.
Pages wired down:                             112191.
File-backed pages:                            225802.
Anonymous pages:                              199259.
Pages stored in compressor:                   511977.
Pages occupied by compressor:                 196525.
Pageins:                                     3896810.
T 1790277201.691
Pages free:                                   275244.
Pages wired down:                             112196.
File-backed pages:                            225802.
Anonymous pages:                              199236.
Pages stored in compressor:                   511976.
Pages occupied by compressor:                 196525.
Pageins:                                     3896824.
T 1790277201.761
Pages free:                                   275098.
Pages wired down:                             112195.
File-backed pages:                            225802.
Anonymous pages:                              199302.
Pages stored in compressor:                   511976.
Pages occupied by compressor:                 196525.
Pageins:                                     3896839.
T 1790277201.833
Pages free:                                   276276.
Pages wired down:                             111097.
File-backed pages:                            225802.
Anonymous pages:                              199263.
Pages stored in compressor:                   511976.
Pages occupied by compressor:                 196525.
Pageins:                                     3896852.
T 1790277201.902
Pages free:                                   276206.
Pages wired down:                             115471.
File-backed pages:                            225803.
Anonymous pages:                              194922.
Pages stored in compressor:                   511973.
Pages occupied by compressor:                 196523.
Pageins:                                     3896867.
T 1790277201.972
Pages free:                                   276301.
Pages wired down:                             115470.
File-backed pages:                            225802.
Anonymous pages:                              194914.
Pages stored in compressor:                   511973.
Pages occupied by compressor:                 196523.
Pageins:                                     3896880.
T 1790277202.044
Pages free:                                   276275.
Pages wired down:                             115472.
File-backed pages:                            225802.
Anonymous pages:                              194935.
Pages stored in compressor:                   511973.
Pages occupied by compressor:                 196523.
Pageins:                                     3896894.
T 1790277202.112
Pages free:                                   275837.
Pages wired down:                             115508.
File-backed pages:                            225806.
Anonymous pages:                              195360.
Pages stored in compressor:                   511972.
Pages occupied by compressor:                 196523.
Pageins:                                     3896908.
T 1790277202.185
Pages free:                                   274807.
Pages wired down:                             115549.
File-backed pages:                            225802.
Anonymous pages:                              196280.
Pages stored in compressor:                   511970.
Pages occupied by compressor:                 196523.
Pageins:                                     3896922.
T 1790277202.251
Pages free:                                   276317.
Pages wired down:                             115464.
File-backed pages:                            225806.
Anonymous pages:                              194958.
Pages stored in compressor:                   511969.
Pages occupied by compressor:                 196523.
Pageins:                                     3896936.
T 1790277202.321
Pages free:                                   276245.
Pages wired down:                             115467.
File-backed pages:                            225802.
Anonymous pages:                              194935.
Pages stored in compressor:                   511969.
Pages occupied by compressor:                 196523.
Pageins:                                     3896950.
T 1790277202.393
Pages free:                                   276265.
Pages wired down:                             115470.
File-backed pages:                            225804.
Anonymous pages:                              194989.
Pages stored in compressor:                   511969.
Pages occupied by compressor:                 196523.
Pageins:                                     3896966.
T 1790277202.465
Pages free:                                   276205.
Pages wired down:                             115470.
File-backed pages:                            225803.
Anonymous pages:                              194937.
Pages stored in compressor:                   511969.
Pages occupied by compressor:                 196523.
Pageins:                                     3896979.
T 1790277202.536
Pages free:                                   276205.
Pages wired down:                             115460.
File-backed pages:                            225802.
Anonymous pages:                              194987.
Pages stored in compressor:                   511844.
Pages occupied by compressor:                 196457.
Pageins:                                     3896994.
T 1790277202.605
Pages free:                                   276183.
Pages wired down:                             115462.
File-backed pages:                            225803.
Anonymous pages:                              195001.
Pages stored in compressor:                   511844.
Pages occupied by compressor:                 196457.
Pageins:                                     3897009.
T 1790277202.672
Pages free:                                   276244.
Pages wired down:                             115466.
File-backed pages:                            225803.
Anonymous pages:                              195020.
Pages stored in compressor:                   511844.
Pages occupied by compressor:                 196457.
Pageins:                                     3897021.
T 1790277202.742
Pages free:                                   276208.
Pages wired down:                             115471.
File-backed pages:                            225803.
Anonymous pages:                              195061.
Pages stored in compressor:                   511842.
Pages occupied by compressor:                 196457.
Pageins:                                     3897035.
T 1790277202.825
Pages free:                                   275588.
Pages wired down:                             117250.
File-backed pages:                            225803.
Anonymous pages:                              194023.
Pages stored in compressor:                   511645.
Pages occupied by compressor:                 196348.
Pageins:                                     3897050.
T 1790277202.893
Pages free:                                   275445.
Pages wired down:                             117260.
File-backed pages:                            225802.
Anonymous pages:                              194415.
Pages stored in compressor:                   511220.
Pages occupied by compressor:                 196034.
Pageins:                                     3897062.
T 1790277202.965
Pages free:                                   273017.
Pages wired down:                             119854.
File-backed pages:                            225803.
Anonymous pages:                              194320.
Pages stored in compressor:                   511068.
Pages occupied by compressor:                 195978.
Pageins:                                     3897077.
T 1790277203.033
Pages free:                                   273033.
Pages wired down:                             119857.
File-backed pages:                            225802.
Anonymous pages:                              194348.
Pages stored in compressor:                   511068.
Pages occupied by compressor:                 195978.
Pageins:                                     3897090.
T 1790277203.100
Pages free:                                   272946.
Pages wired down:                             119856.
File-backed pages:                            225803.
Anonymous pages:                              194344.
Pages stored in compressor:                   511068.
Pages occupied by compressor:                 195978.
Pageins:                                     3897105.
T 1790277203.169
Pages free:                                   272981.
Pages wired down:                             119857.
File-backed pages:                            225802.
Anonymous pages:                              194328.
Pages stored in compressor:                   511067.
Pages occupied by compressor:                 195977.
Pageins:                                     3897119.
T 1790277203.239
Pages free:                                   273050.
Pages wired down:                             119845.
File-backed pages:                            225801.
Anonymous pages:                              194272.
Pages stored in compressor:                   511067.
Pages occupied by compressor:                 195977.
Pageins:                                     3897134.
T 1790277203.309
Pages free:                                   273140.
Pages wired down:                             119847.
File-backed pages:                            225801.
Anonymous pages:                              194318.
Pages stored in compressor:                   511056.
Pages occupied by compressor:                 195968.
Pageins:                                     3897148.
T 1790277203.376
Pages free:                                   273032.
Pages wired down:                             119851.
File-backed pages:                            225801.
Anonymous pages:                              194336.
Pages stored in compressor:                   511034.
Pages occupied by compressor:                 195956.
Pageins:                                     3897160.
T 1790277203.446
Pages free:                                   273133.
Pages wired down:                             119769.
File-backed pages:                            225802.
Anonymous pages:                              194420.
Pages stored in compressor:                   511013.
Pages occupied by compressor:                 195940.
Pageins:                                     3897175.
T 1790277203.516
Pages free:                                   273100.
Pages wired down:                             119770.
File-backed pages:                            225802.
Anonymous pages:                              194467.
Pages stored in compressor:                   510990.
Pages occupied by compressor:                 195922.
Pageins:                                     3897190.
T 1790277203.585
Pages free:                                   273056.
Pages wired down:                             119767.
File-backed pages:                            225801.
Anonymous pages:                              194443.
Pages stored in compressor:                   510961.
Pages occupied by compressor:                 195902.
Pageins:                                     3897203.
T 1790277203.653
Pages free:                                   271935.
Pages wired down:                             120869.
File-backed pages:                            225802.
Anonymous pages:                              194472.
Pages stored in compressor:                   510941.
Pages occupied by compressor:                 195888.
Pageins:                                     3897218.
T 1790277203.722
Pages free:                                   273076.
Pages wired down:                             119760.
File-backed pages:                            225802.
Anonymous pages:                              194452.
Pages stored in compressor:                   510917.
Pages occupied by compressor:                 195872.
Pageins:                                     3897235.
T 1790277203.789
Pages free:                                   273066.
Pages wired down:                             119766.
File-backed pages:                            225801.
Anonymous pages:                              194488.
Pages stored in compressor:                   510886.
Pages occupied by compressor:                 195847.
Pageins:                                     3897246.
T 1790277203.859
Pages free:                                   273116.
Pages wired down:                             119747.
File-backed pages:                            225802.
Anonymous pages:                              194470.
Pages stored in compressor:                   510885.
Pages occupied by compressor:                 195846.
Pageins:                                     3897262.
T 1790277203.925
Pages free:                                   272946.
Pages wired down:                             119751.
File-backed pages:                            225806.
Anonymous pages:                              194632.
Pages stored in compressor:                   510881.
Pages occupied by compressor:                 195844.
Pageins:                                     3897275.
T 1790277203.996
Pages free:                                   272984.
Pages wired down:                             119763.
File-backed pages:                            225804.
Anonymous pages:                              194651.
Pages stored in compressor:                   510749.
Pages occupied by compressor:                 195796.
Pageins:                                     3897289.
T 1790277204.067
Pages free:                                   272976.
Pages wired down:                             119763.
File-backed pages:                            225804.
Anonymous pages:                              194742.
Pages stored in compressor:                   510681.
Pages occupied by compressor:                 195773.
Pageins:                                     3897303.
T 1790277204.134
Pages free:                                   272796.
Pages wired down:                             116990.
File-backed pages:                            225808.
Anonymous pages:                              197579.
Pages stored in compressor:                   510679.
Pages occupied by compressor:                 195770.
Pageins:                                     3897316.
T 1790277204.200
Pages free:                                   273049.
Pages wired down:                             116930.
File-backed pages:                            225804.
Anonymous pages:                              197533.
Pages stored in compressor:                   510626.
Pages occupied by compressor:                 195762.
Pageins:                                     3897331.
T 1790277204.266
Pages free:                                   271352.
Pages wired down:                             117023.
File-backed pages:                            225808.
Anonymous pages:                              199027.
Pages stored in compressor:                   510622.
Pages occupied by compressor:                 195759.
Pageins:                                     3897345.
T 1790277204.333
Pages free:                                   271316.
Pages wired down:                             117030.
File-backed pages:                            225806.
Anonymous pages:                              198999.
Pages stored in compressor:                   510620.
Pages occupied by compressor:                 195757.
Pageins:                                     3897362.
T 1790277204.400
Pages free:                                   272853.
Pages wired down:                             116936.
File-backed pages:                            225805.
Anonymous pages:                              197613.
Pages stored in compressor:                   510616.
Pages occupied by compressor:                 195754.
Pageins:                                     3897374.
T 1790277204.468
Pages free:                                   272908.
Pages wired down:                             116927.
File-backed pages:                            225804.
Anonymous pages:                              197528.
Pages stored in compressor:                   510614.
Pages occupied by compressor:                 195752.
Pageins:                                     3897387.
T 1790277204.538
Pages free:                                   272927.
Pages wired down:                             116922.
File-backed pages:                            225804.
Anonymous pages:                              197532.
Pages stored in compressor:                   510611.
Pages occupied by compressor:                 195750.
Pageins:                                     3897403.
T 1790277204.607
Pages free:                                   271826.
Pages wired down:                             118030.
File-backed pages:                            225805.
Anonymous pages:                              197569.
Pages stored in compressor:                   510605.
Pages occupied by compressor:                 195747.
Pageins:                                     3897418.
T 1790277204.675
Pages free:                                   271899.
Pages wired down:                             118024.
File-backed pages:                            225804.
Anonymous pages:                              197515.
Pages stored in compressor:                   510600.
Pages occupied by compressor:                 195743.
Pageins:                                     3897431.
T 1790277204.743
Pages free:                                   271798.
Pages wired down:                             118034.
File-backed pages:                            225805.
Anonymous pages:                              197594.
Pages stored in compressor:                   510597.
Pages occupied by compressor:                 195742.
Pageins:                                     3897444.
T 1790277204.810
Pages free:                                   271785.
Pages wired down:                             118036.
File-backed pages:                            225804.
Anonymous pages:                              197607.
Pages stored in compressor:                   510594.
Pages occupied by compressor:                 195739.
Pageins:                                     3897457.
T 1790277204.880
Pages free:                                   272964.
Pages wired down:                             115318.
File-backed pages:                            225804.
Anonymous pages:                              199147.
Pages stored in compressor:                   510580.
Pages occupied by compressor:                 195727.
Pageins:                                     3897471.
T 1790277204.950
Pages free:                                   272959.
Pages wired down:                             115330.
File-backed pages:                            225804.
Anonymous pages:                              199247.
Pages stored in compressor:                   510577.
Pages occupied by compressor:                 195725.
Pageins:                                     3897485.
T 1790277205.019
Pages free:                                   272912.
Pages wired down:                             115325.
File-backed pages:                            225805.
Anonymous pages:                              199226.
Pages stored in compressor:                   510575.
Pages occupied by compressor:                 195724.
Pageins:                                     3897500.
T 1790277205.090
Pages free:                                   272863.
Pages wired down:                             115330.
File-backed pages:                            225805.
Anonymous pages:                              199243.
Pages stored in compressor:                   510573.
Pages occupied by compressor:                 195723.
Pageins:                                     3897514.
T 1790277205.160
Pages free:                                   273027.
Pages wired down:                             115311.
File-backed pages:                            225804.
Anonymous pages:                              199145.
Pages stored in compressor:                   510570.
Pages occupied by compressor:                 195720.
Pageins:                                     3897529.
T 1790277205.230
Pages free:                                   273003.
Pages wired down:                             115317.
File-backed pages:                            225805.
Anonymous pages:                              199172.
Pages stored in compressor:                   510568.
Pages occupied by compressor:                 195718.
Pageins:                                     3897544.
T 1790277205.300
Pages free:                                   273034.
Pages wired down:                             115319.
File-backed pages:                            225805.
Anonymous pages:                              199210.
Pages stored in compressor:                   510565.
Pages occupied by compressor:                 195716.
Pageins:                                     3897558.
T 1790277205.367
Pages free:                                   272903.
Pages wired down:                             115320.
File-backed pages:                            225805.
Anonymous pages:                              199231.
Pages stored in compressor:                   510552.
Pages occupied by compressor:                 195713.
Pageins:                                     3897572.
T 1790277205.436
Pages free:                                   272966.
Pages wired down:                             115332.
File-backed pages:                            225806.
Anonymous pages:                              199221.
Pages stored in compressor:                   510550.
Pages occupied by compressor:                 195712.
Pageins:                                     3897587.
T 1790277205.501
Pages free:                                   272938.
Pages wired down:                             115332.
File-backed pages:                            225805.
Anonymous pages:                              199223.
Pages stored in compressor:                   510547.
Pages occupied by compressor:                 195709.
Pageins:                                     3897600.
T 1790277205.569
Pages free:                                   271851.
Pages wired down:                             116431.
File-backed pages:                            225804.
Anonymous pages:                              199177.
Pages stored in compressor:                   510543.
Pages occupied by compressor:                 195705.
Pageins:                                     3897613.
T 1790277205.636
Pages free:                                   271833.
Pages wired down:                             116444.
File-backed pages:                            225804.
Anonymous pages:                              199257.
Pages stored in compressor:                   510540.
Pages occupied by compressor:                 195703.
Pageins:                                     3897625.
T 1790277205.705
Pages free:                                   271762.
Pages wired down:                             116445.
File-backed pages:                            225804.
Anonymous pages:                              199278.
Pages stored in compressor:                   510540.
Pages occupied by compressor:                 195703.
Pageins:                                     3897639.
T 1790277205.774
Pages free:                                   271804.
Pages wired down:                             116441.
File-backed pages:                            225804.
Anonymous pages:                              199221.
Pages stored in compressor:                   510538.
Pages occupied by compressor:                 195701.
Pageins:                                     3897653.
T 1790277205.843
Pages free:                                   272838.
Pages wired down:                             115343.
File-backed pages:                            225804.
Anonymous pages:                              199276.
Pages stored in compressor:                   510528.
Pages occupied by compressor:                 195694.
Pageins:                                     3897668.
T 1790277205.908
Pages free:                                   272792.
Pages wired down:                             115336.
File-backed pages:                            225808.
Anonymous pages:                              199314.
Pages stored in compressor:                   510526.
Pages occupied by compressor:                 195692.
Pageins:                                     3897682.
T 1790277205.976
Pages free:                                   272765.
Pages wired down:                             115337.
File-backed pages:                            225808.
Anonymous pages:                              199328.
Pages stored in compressor:                   510502.
Pages occupied by compressor:                 195673.
Pageins:                                     3897696.
T 1790277206.045
Pages free:                                   272750.
Pages wired down:                             115341.
File-backed pages:                            225804.
Anonymous pages:                              199308.
Pages stored in compressor:                   510502.
Pages occupied by compressor:                 195673.
Pageins:                                     3897711.
T 1790277206.116
Pages free:                                   272906.
Pages wired down:                             115340.
File-backed pages:                            225803.
Anonymous pages:                              199269.
Pages stored in compressor:                   510498.
Pages occupied by compressor:                 195670.
Pageins:                                     3897724.
T 1790277206.186
Pages free:                                   272884.
Pages wired down:                             115340.
File-backed pages:                            225804.
Anonymous pages:                              199296.
Pages stored in compressor:                   510495.
Pages occupied by compressor:                 195669.
Pageins:                                     3897739.
T 1790277206.256
Pages free:                                   272862.
Pages wired down:                             115337.
File-backed pages:                            225805.
Anonymous pages:                              199303.
Pages stored in compressor:                   510493.
Pages occupied by compressor:                 195667.
Pageins:                                     3897754.
T 1790277206.327
Pages free:                                   272864.
Pages wired down:                             115331.
File-backed pages:                            225803.
Anonymous pages:                              199273.
Pages stored in compressor:                   510488.
Pages occupied by compressor:                 195664.
Pageins:                                     3897767.
T 1790277206.393
Pages free:                                   271461.
Pages wired down:                             115417.
File-backed pages:                            225803.
Anonymous pages:                              200700.
Pages stored in compressor:                   510427.
Pages occupied by compressor:                 195636.
Pageins:                                     3897780.
T 1790277206.463
Pages free:                                   271448.
Pages wired down:                             115418.
File-backed pages:                            225803.
Anonymous pages:                              200671.
Pages stored in compressor:                   510425.
Pages occupied by compressor:                 195634.
Pageins:                                     3897794.
T 1790277206.534
Pages free:                                   272930.
Pages wired down:                             115334.
File-backed pages:                            225803.
Anonymous pages:                              199334.
Pages stored in compressor:                   510423.
Pages occupied by compressor:                 195633.
Pageins:                                     3897809.
T 1790277206.603
Pages free:                                   273150.
Pages wired down:                             115314.
File-backed pages:                            225803.
Anonymous pages:                              199124.
Pages stored in compressor:                   510420.
Pages occupied by compressor:                 195632.
Pageins:                                     3897824.
T 1790277206.671
Pages free:                                   273011.
Pages wired down:                             115328.
File-backed pages:                            225804.
Anonymous pages:                              199227.
Pages stored in compressor:                   510418.
Pages occupied by compressor:                 195630.
Pageins:                                     3897837.
T 1790277206.741
Pages free:                                   272971.
Pages wired down:                             115329.
File-backed pages:                            225811.
Anonymous pages:                              199213.
Pages stored in compressor:                   510409.
Pages occupied by compressor:                 195623.
Pageins:                                     3897851.
T 1790277206.809
Pages free:                                   272781.
Pages wired down:                             115329.
File-backed pages:                            225815.
Anonymous pages:                              199357.
Pages stored in compressor:                   510407.
Pages occupied by compressor:                 195622.
Pageins:                                     3897865.
T 1790277206.880
Pages free:                                   272870.
Pages wired down:                             115326.
File-backed pages:                            225812.
Anonymous pages:                              199254.
Pages stored in compressor:                   510404.
Pages occupied by compressor:                 195619.
Pageins:                                     3897880.
T 1790277206.950
Pages free:                                   272890.
Pages wired down:                             115333.
File-backed pages:                            225812.
Anonymous pages:                              199298.
Pages stored in compressor:                   510402.
Pages occupied by compressor:                 195618.
Pageins:                                     3897893.
T 1790277207.017
Pages free:                                   272906.
Pages wired down:                             115319.
File-backed pages:                            225815.
Anonymous pages:                              199279.
Pages stored in compressor:                   510381.
Pages occupied by compressor:                 195602.
Pageins:                                     3897907.
T 1790277207.088
Pages free:                                   272792.
Pages wired down:                             115332.
File-backed pages:                            225815.
Anonymous pages:                              199332.
Pages stored in compressor:                   510377.
Pages occupied by compressor:                 195600.
Pageins:                                     3897921.
T 1790277207.159
Pages free:                                   272896.
Pages wired down:                             115333.
File-backed pages:                            225815.
Anonymous pages:                              199346.
Pages stored in compressor:                   510375.
Pages occupied by compressor:                 195598.
Pageins:                                     3897935.
T 1790277207.225
Pages free:                                   272771.
Pages wired down:                             115339.
File-backed pages:                            225816.
Anonymous pages:                              199412.
Pages stored in compressor:                   510367.
Pages occupied by compressor:                 195598.
Pageins:                                     3897951.
T 1790277207.295
Pages free:                                   272823.
Pages wired down:                             115329.
File-backed pages:                            225816.
Anonymous pages:                              199374.
Pages stored in compressor:                   510364.
Pages occupied by compressor:                 195595.
Pageins:                                     3897967.
T 1790277207.363
Pages free:                                   272771.
Pages wired down:                             115338.
File-backed pages:                            225815.
Anonymous pages:                              199420.
Pages stored in compressor:                   510359.
Pages occupied by compressor:                 195591.
Pageins:                                     3897978.
T 1790277207.433
Pages free:                                   272804.
Pages wired down:                             115339.
File-backed pages:                            225816.
Anonymous pages:                              199445.
Pages stored in compressor:                   510355.
Pages occupied by compressor:                 195589.
Pageins:                                     3897993.
T 1790277207.500
Pages free:                                   272767.
Pages wired down:                             115338.
File-backed pages:                            225816.
Anonymous pages:                              199455.
Pages stored in compressor:                   510347.
Pages occupied by compressor:                 195584.
Pageins:                                     3898007.
T 1790277207.571
Pages free:                                   273199.
Pages wired down:                             115336.
File-backed pages:                            225815.
Anonymous pages:                              199054.
Pages stored in compressor:                   510345.
Pages occupied by compressor:                 195581.
Pageins:                                     3898020.
T 1790277207.642
Pages free:                                   273222.
Pages wired down:                             115338.
File-backed pages:                            225816.
Anonymous pages:                              199075.
Pages stored in compressor:                   510342.
Pages occupied by compressor:                 195579.
Pageins:                                     3898035.
T 1790277207.709
Pages free:                                   273263.
Pages wired down:                             115338.
File-backed pages:                            225816.
Anonymous pages:                              199083.
Pages stored in compressor:                   510340.
Pages occupied by compressor:                 195577.
Pageins:                                     3898049.
T 1790277207.776
Pages free:                                   273231.
Pages wired down:                             115334.
File-backed pages:                            225816.
Anonymous pages:                              199099.
Pages stored in compressor:                   510338.
Pages occupied by compressor:                 195575.
Pageins:                                     3898063.
T 1790277207.847
Pages free:                                   273101.
Pages wired down:                             115331.
File-backed pages:                            225816.
Anonymous pages:                              199082.
Pages stored in compressor:                   510336.
Pages occupied by compressor:                 195574.
Pageins:                                     3898079.
T 1790277207.916
Pages free:                                   273164.
Pages wired down:                             115326.
File-backed pages:                            225815.
Anonymous pages:                              199100.
Pages stored in compressor:                   510333.
Pages occupied by compressor:                 195573.
Pageins:                                     3898092.
T 1790277207.987
Pages free:                                   274047.
Pages wired down:                             115327.
File-backed pages:                            225815.
Anonymous pages:                              198284.
Pages stored in compressor:                   510078.
Pages occupied by compressor:                 195557.
Pageins:                                     3898106.
T 1790277208.071
Pages free:                                   274018.
Pages wired down:                             115321.
File-backed pages:                            225817.
Anonymous pages:                              198366.
Pages stored in compressor:                   510048.
Pages occupied by compressor:                 195536.
Pageins:                                     3898121.
T 1790277208.143
Pages free:                                   273783.
Pages wired down:                             115341.
File-backed pages:                            225817.
Anonymous pages:                              198430.
Pages stored in compressor:                   510048.
Pages occupied by compressor:                 195536.
Pageins:                                     3898133.
T 1790277208.214
Pages free:                                   275421.
Pages wired down:                             115341.
File-backed pages:                            225817.
Anonymous pages:                              196955.
Pages stored in compressor:                   510048.
Pages occupied by compressor:                 195536.
Pageins:                                     3898147.
T 1790277208.283
Pages free:                                   275357.
Pages wired down:                             115330.
File-backed pages:                            225816.
Anonymous pages:                              196906.
Pages stored in compressor:                   510048.
Pages occupied by compressor:                 195536.
Pageins:                                     3898162.
T 1790277208.351
Pages free:                                   275370.
Pages wired down:                             115335.
File-backed pages:                            225817.
Anonymous pages:                              196955.
Pages stored in compressor:                   510043.
Pages occupied by compressor:                 195535.
Pageins:                                     3898175.
T 1790277208.421
Pages free:                                   275402.
Pages wired down:                             115340.
File-backed pages:                            225816.
Anonymous pages:                              196959.
Pages stored in compressor:                   510043.
Pages occupied by compressor:                 195535.
Pageins:                                     3898188.
T 1790277208.486
Pages free:                                   273685.
Pages wired down:                             115426.
File-backed pages:                            225820.
Anonymous pages:                              198454.
Pages stored in compressor:                   510035.
Pages occupied by compressor:                 195533.
Pageins:                                     3898206.
T 1790277208.556
Pages free:                                   273736.
Pages wired down:                             115411.
File-backed pages:                            225817.
Anonymous pages:                              198383.
Pages stored in compressor:                   510033.
Pages occupied by compressor:                 195533.
Pageins:                                     3898218.
T 1790277208.623
Pages free:                                   275186.
Pages wired down:                             115336.
File-backed pages:                            225816.
Anonymous pages:                              197009.
Pages stored in compressor:                   510033.
Pages occupied by compressor:                 195533.
Pageins:                                     3898231.
T 1790277208.692
Pages free:                                   275202.
Pages wired down:                             115341.
File-backed pages:                            225817.
Anonymous pages:                              197041.
Pages stored in compressor:                   510033.
Pages occupied by compressor:                 195533.
Pageins:                                     3898246.
T 1790277208.762
Pages free:                                   275339.
Pages wired down:                             115331.
File-backed pages:                            225817.
Anonymous pages:                              197014.
Pages stored in compressor:                   510003.
Pages occupied by compressor:                 195528.
Pageins:                                     3898262.
T 1790277208.830
Pages free:                                   275237.
Pages wired down:                             115330.
File-backed pages:                            225823.
Anonymous pages:                              197024.
Pages stored in compressor:                   509999.
Pages occupied by compressor:                 195525.
Pageins:                                     3898282.
T 1790277208.899
Pages free:                                   275214.
Pages wired down:                             115330.
File-backed pages:                            225823.
Anonymous pages:                              197039.
Pages stored in compressor:                   509999.
Pages occupied by compressor:                 195525.
Pageins:                                     3898296.
T 1790277208.967
Pages free:                                   275300.
Pages wired down:                             115331.
File-backed pages:                            225823.
Anonymous pages:                              197054.
Pages stored in compressor:                   509999.
Pages occupied by compressor:                 195525.
Pageins:                                     3898310.
T 1790277209.032
Pages free:                                   275266.
Pages wired down:                             115331.
File-backed pages:                            225823.
Anonymous pages:                              197057.
Pages stored in compressor:                   509999.
Pages occupied by compressor:                 195525.
Pageins:                                     3898324.
T 1790277209.098
Pages free:                                   275169.
Pages wired down:                             115330.
File-backed pages:                            225824.
Anonymous pages:                              197066.
Pages stored in compressor:                   509999.
Pages occupied by compressor:                 195525.
Pageins:                                     3898339.
T 1790277209.166
Pages free:                                   275259.
Pages wired down:                             115330.
File-backed pages:                            225823.
Anonymous pages:                              197069.
Pages stored in compressor:                   509999.
Pages occupied by compressor:                 195525.
Pageins:                                     3898352.
T 1790277209.232
Pages free:                                   275230.
Pages wired down:                             115330.
File-backed pages:                            225823.
Anonymous pages:                              197058.
Pages stored in compressor:                   509998.
Pages occupied by compressor:                 195523.
Pageins:                                     3898366.
T 1790277209.299
Pages free:                                   275200.
Pages wired down:                             115330.
File-backed pages:                            225823.
Anonymous pages:                              197081.
Pages stored in compressor:                   509998.
Pages occupied by compressor:                 195523.
Pageins:                                     3898380.
T 1790277209.366
Pages free:                                   275187.
Pages wired down:                             115331.
File-backed pages:                            225823.
Anonymous pages:                              197098.
Pages stored in compressor:                   509998.
Pages occupied by compressor:                 195523.
Pageins:                                     3898394.
T 1790277209.432
Pages free:                                   275216.
Pages wired down:                             115330.
File-backed pages:                            225823.
Anonymous pages:                              197091.
Pages stored in compressor:                   509998.
Pages occupied by compressor:                 195523.
Pageins:                                     3898408.
T 1790277209.499
Pages free:                                   275346.
Pages wired down:                             115322.
File-backed pages:                            225822.
Anonymous pages:                              197034.
Pages stored in compressor:                   509995.
Pages occupied by compressor:                 195522.
Pageins:                                     3898421.
T 1790277209.569
Pages free:                                   275147.
Pages wired down:                             115340.
File-backed pages:                            225822.
Anonymous pages:                              197125.
Pages stored in compressor:                   509995.
Pages occupied by compressor:                 195522.
Pageins:                                     3898433.
T 1790277209.639
Pages free:                                   275117.
Pages wired down:                             115339.
File-backed pages:                            225823.
Anonymous pages:                              197120.
Pages stored in compressor:                   509995.
Pages occupied by compressor:                 195522.
Pageins:                                     3898448.
T 1790277209.709
Pages free:                                   275153.
Pages wired down:                             115329.
File-backed pages:                            225823.
Anonymous pages:                              197135.
Pages stored in compressor:                   509993.
Pages occupied by compressor:                 195522.
Pageins:                                     3898464.
T 1790277209.778
Pages free:                                   275224.
Pages wired down:                             115331.
File-backed pages:                            225823.
Anonymous pages:                              197069.
Pages stored in compressor:                   509993.
Pages occupied by compressor:                 195522.
Pageins:                                     3898478.
T 1790277209.846
Pages free:                                   275109.
Pages wired down:                             115344.
File-backed pages:                            225823.
Anonymous pages:                              197175.
Pages stored in compressor:                   509993.
Pages occupied by compressor:                 195522.
Pageins:                                     3898490.
T 1790277209.917
Pages free:                                   275142.
Pages wired down:                             115344.
File-backed pages:                            225824.
Anonymous pages:                              197184.
Pages stored in compressor:                   509993.
Pages occupied by compressor:                 195522.
Pageins:                                     3898505.
T 1790277209.984
Pages free:                                   275052.
Pages wired down:                             115339.
File-backed pages:                            225824.
Anonymous pages:                              197184.
Pages stored in compressor:                   509993.
Pages occupied by compressor:                 195522.
Pageins:                                     3898519.
T 1790277210.054
Pages free:                                   275117.
Pages wired down:                             115334.
File-backed pages:                            225823.
Anonymous pages:                              197137.
Pages stored in compressor:                   509992.
Pages occupied by compressor:                 195522.
Pageins:                                     3898535.
T 1790277210.124
Pages free:                                   275260.
Pages wired down:                             115331.
File-backed pages:                            225822.
Anonymous pages:                              197123.
Pages stored in compressor:                   509992.
Pages occupied by compressor:                 195522.
Pageins:                                     3898548.
T 1790277210.193
Pages free:                                   275137.
Pages wired down:                             115343.
File-backed pages:                            225823.
Anonymous pages:                              197209.
Pages stored in compressor:                   509988.
Pages occupied by compressor:                 195520.
Pageins:                                     3898563.
T 1790277210.264
Pages free:                                   275163.
Pages wired down:                             115341.
File-backed pages:                            225823.
Anonymous pages:                              197219.
Pages stored in compressor:                   509988.
Pages occupied by compressor:                 195520.
Pageins:                                     3898576.
T 1790277210.335
Pages free:                                   273926.
Pages wired down:                             116459.
File-backed pages:                            225823.
Anonymous pages:                              197201.
Pages stored in compressor:                   509988.
Pages occupied by compressor:                 195520.
Pageins:                                     3898590.
T 1790277210.404
Pages free:                                   273955.
Pages wired down:                             116453.
File-backed pages:                            225824.
Anonymous pages:                              197179.
Pages stored in compressor:                   509987.
Pages occupied by compressor:                 195519.
Pageins:                                     3898607.
T 1790277210.472
Pages free:                                   274014.
Pages wired down:                             116458.
File-backed pages:                            225823.
Anonymous pages:                              197175.
Pages stored in compressor:                   509987.
Pages occupied by compressor:                 195519.
Pageins:                                     3898618.
T 1790277210.542
Pages free:                                   274059.
Pages wired down:                             116452.
File-backed pages:                            225823.
Anonymous pages:                              197171.
Pages stored in compressor:                   509987.
Pages occupied by compressor:                 195519.
Pageins:                                     3898634.
T 1790277210.607
Pages free:                                   272396.
Pages wired down:                             116540.
File-backed pages:                            225822.
Anonymous pages:                              198594.
Pages stored in compressor:                   509973.
Pages occupied by compressor:                 195517.
Pageins:                                     3898645.
T 1790277210.678
Pages free:                                   272435.
Pages wired down:                             116543.
File-backed pages:                            225823.
Anonymous pages:                              198618.
Pages stored in compressor:                   509973.
Pages occupied by compressor:                 195517.
Pageins:                                     3898660.
T 1790277210.748
Pages free:                                   273960.
Pages wired down:                             116459.
File-backed pages:                            225823.
Anonymous pages:                              197222.
Pages stored in compressor:                   509973.
Pages occupied by compressor:                 195517.
Pageins:                                     3898674.
T 1790277210.816
Pages free:                                   273941.
Pages wired down:                             116462.
File-backed pages:                            225822.
Anonymous pages:                              197268.
Pages stored in compressor:                   509973.
Pages occupied by compressor:                 195517.
Pageins:                                     3898687.
T 1790277210.884
Pages free:                                   274015.
Pages wired down:                             116449.
File-backed pages:                            225822.
Anonymous pages:                              197213.
Pages stored in compressor:                   509955.
Pages occupied by compressor:                 195508.
Pageins:                                     3898709.
T 1790277210.952
Pages free:                                   273817.
Pages wired down:                             116455.
File-backed pages:                            225824.
Anonymous pages:                              197312.
Pages stored in compressor:                   509935.
Pages occupied by compressor:                 195495.
Pageins:                                     3898723.
T 1790277211.016
Pages free:                                   273810.
Pages wired down:                             116457.
File-backed pages:                            225826.
Anonymous pages:                              197399.
Pages stored in compressor:                   509935.
Pages occupied by compressor:                 195495.
Pageins:                                     3898735.
T 1790277211.081
Pages free:                                   270178.
Pages wired down:                             119337.
File-backed pages:                            225845.
Anonymous pages:                              198074.
Pages stored in compressor:                   509712.
Pages occupied by compressor:                 195442.
Pageins:                                     3898768.
T 1790277211.148
Pages free:                                   268213.
Pages wired down:                             119339.
File-backed pages:                            225852.
Anonymous pages:                              200138.
Pages stored in compressor:                   509698.
Pages occupied by compressor:                 195431.
Pageins:                                     3898784.
T 1790277211.216
Pages free:                                   268111.
Pages wired down:                             119340.
File-backed pages:                            225852.
Anonymous pages:                              200169.
Pages stored in compressor:                   509698.
Pages occupied by compressor:                 195431.
Pageins:                                     3898798.
T 1790277211.283
Pages free:                                   268201.
Pages wired down:                             119340.
File-backed pages:                            225852.
Anonymous pages:                              200134.
Pages stored in compressor:                   509697.
Pages occupied by compressor:                 195431.
Pageins:                                     3898812.
T 1790277211.350
Pages free:                                   268214.
Pages wired down:                             119336.
File-backed pages:                            225848.
Anonymous pages:                              200066.
Pages stored in compressor:                   509696.
Pages occupied by compressor:                 195431.
Pageins:                                     3898822.
T 1790277211.419
Pages free:                                   268129.
Pages wired down:                             119340.
File-backed pages:                            225852.
Anonymous pages:                              200168.
Pages stored in compressor:                   509696.
Pages occupied by compressor:                 195431.
Pageins:                                     3898840.
T 1790277211.488
Pages free:                                   268222.
Pages wired down:                             119339.
File-backed pages:                            225852.
Anonymous pages:                              200173.
Pages stored in compressor:                   509696.
Pages occupied by compressor:                 195431.
Pageins:                                     3898854.
T 1790277211.567
Pages free:                                   268349.
Pages wired down:                             119333.
File-backed pages:                            225848.
Anonymous pages:                              200042.
Pages stored in compressor:                   509696.
Pages occupied by compressor:                 195431.
Pageins:                                     3898864.
T 1790277211.638
Pages free:                                   268257.
Pages wired down:                             119333.
File-backed pages:                            225848.
Anonymous pages:                              200073.
Pages stored in compressor:                   509696.
Pages occupied by compressor:                 195431.
Pageins:                                     3898878.
T 1790277211.708
Pages free:                                   268385.
Pages wired down:                             119332.
File-backed pages:                            225848.
Anonymous pages:                              200050.
Pages stored in compressor:                   509696.
Pages occupied by compressor:                 195431.
Pageins:                                     3898892.
T 1790277211.775
Pages free:                                   268270.
Pages wired down:                             119334.
File-backed pages:                            225848.
Anonymous pages:                              200081.
Pages stored in compressor:                   509696.
Pages occupied by compressor:                 195431.
Pageins:                                     3898906.
T 1790277211.841
Pages free:                                   267118.
Pages wired down:                             120442.
File-backed pages:                            225850.
Anonymous pages:                              200139.
Pages stored in compressor:                   509670.
Pages occupied by compressor:                 195422.
Pageins:                                     3898922.
T 1790277211.910
Pages free:                                   268254.
Pages wired down:                             119335.
File-backed pages:                            225852.
Anonymous pages:                              200191.
Pages stored in compressor:                   509668.
Pages occupied by compressor:                 195422.
Pageins:                                     3898938.
T 1790277211.980
Pages free:                                   268225.
Pages wired down:                             119342.
File-backed pages:                            225849.
Anonymous pages:                              200146.
Pages stored in compressor:                   509668.
Pages occupied by compressor:                 195422.
Pageins:                                     3898953.
T 1790277212.050
Pages free:                                   268206.
Pages wired down:                             119339.
File-backed pages:                            225849.
Anonymous pages:                              200191.
Pages stored in compressor:                   509664.
Pages occupied by compressor:                 195419.
Pageins:                                     3898967.
T 1790277212.121
Pages free:                                   268298.
Pages wired down:                             116944.
File-backed pages:                            225848.
Anonymous pages:                              202516.
Pages stored in compressor:                   509664.
Pages occupied by compressor:                 195419.
Pageins:                                     3898981.
T 1790277212.192
Pages free:                                   268137.
Pages wired down:                             116951.
File-backed pages:                            225848.
Anonymous pages:                              202546.
Pages stored in compressor:                   509661.
Pages occupied by compressor:                 195419.
Pageins:                                     3898994.
T 1790277212.259
Pages free:                                   268067.
Pages wired down:                             116951.
File-backed pages:                            225848.
Anonymous pages:                              202603.
Pages stored in compressor:                   509659.
Pages occupied by compressor:                 195417.
Pageins:                                     3899008.
T 1790277212.329
Pages free:                                   268181.
Pages wired down:                             116949.
File-backed pages:                            225848.
Anonymous pages:                              202557.
Pages stored in compressor:                   509659.
Pages occupied by compressor:                 195417.
Pageins:                                     3899022.
T 1790277212.401
Pages free:                                   268103.
Pages wired down:                             116950.
File-backed pages:                            225849.
Anonymous pages:                              202601.
Pages stored in compressor:                   509659.
Pages occupied by compressor:                 195417.
Pageins:                                     3899037.
T 1790277212.471
Pages free:                                   268206.
Pages wired down:                             116940.
File-backed pages:                            225848.
Anonymous pages:                              202541.
Pages stored in compressor:                   509659.
Pages occupied by compressor:                 195417.
Pageins:                                     3899052.
T 1790277212.542
Pages free:                                   268223.
Pages wired down:                             116939.
File-backed pages:                            225848.
Anonymous pages:                              202521.
Pages stored in compressor:                   509659.
Pages occupied by compressor:                 195417.
Pageins:                                     3899066.
T 1790277212.609
Pages free:                                   268034.
Pages wired down:                             112605.
File-backed pages:                            225870.
Anonymous pages:                              207106.
Pages stored in compressor:                   509648.
Pages occupied by compressor:                 195409.
Pageins:                                     3899092.
T 1790277184.383
Pages free:                                   155392.
Pages wired down:                             117411.
File-backed pages:                            354248.
Anonymous pages:                              181324.
Pages stored in compressor:                   526615.
Pages occupied by compressor:                 200585.
Pageins:                                     3891742.
T 1790277184.454
Pages free:                                   155439.
Pages wired down:                             117386.
File-backed pages:                            354249.
Anonymous pages:                              181268.
Pages stored in compressor:                   526614.
Pages occupied by compressor:                 200585.
Pageins:                                     3891767.
T 1790277184.524
Pages free:                                   155406.
Pages wired down:                             117402.
File-backed pages:                            354248.
Anonymous pages:                              181311.
Pages stored in compressor:                   526605.
Pages occupied by compressor:                 200583.
Pageins:                                     3891786.
T 1790277184.592
Pages free:                                   155428.
Pages wired down:                             117402.
File-backed pages:                            354250.
Anonymous pages:                              181296.
Pages stored in compressor:                   526599.
Pages occupied by compressor:                 200581.
Pageins:                                     3891806.
T 1790277184.663
Pages free:                                   155381.
Pages wired down:                             117402.
File-backed pages:                            354249.
Anonymous pages:                              181392.
Pages stored in compressor:                   526599.
Pages occupied by compressor:                 200581.
Pageins:                                     3891826.
T 1790277184.734
Pages free:                                   155264.
Pages wired down:                             117408.
File-backed pages:                            354250.
Anonymous pages:                              181497.
Pages stored in compressor:                   526599.
Pages occupied by compressor:                 200581.
Pageins:                                     3891849.
T 1790277184.805
Pages free:                                   155289.
Pages wired down:                             117401.
File-backed pages:                            354251.
Anonymous pages:                              181412.
Pages stored in compressor:                   526584.
Pages occupied by compressor:                 200579.
Pageins:                                     3891872.
T 1790277184.874
Pages free:                                   155397.
Pages wired down:                             117386.
File-backed pages:                            354250.
Anonymous pages:                              181331.
Pages stored in compressor:                   526584.
Pages occupied by compressor:                 200579.
Pageins:                                     3891894.
T 1790277184.941
Pages free:                                   155428.
Pages wired down:                             117399.
File-backed pages:                            354296.
Anonymous pages:                              181229.
Pages stored in compressor:                   526584.
Pages occupied by compressor:                 200579.
Pageins:                                     3891914.
T 1790277185.005
Pages free:                                   155471.
Pages wired down:                             114255.
File-backed pages:                            354339.
Anonymous pages:                              184378.
Pages stored in compressor:                   526580.
Pages occupied by compressor:                 200577.
Pageins:                                     3891977.
T 1790277185.067
Pages free:                                   155453.
Pages wired down:                             114245.
File-backed pages:                            354339.
Anonymous pages:                              184372.
Pages stored in compressor:                   526580.
Pages occupied by compressor:                 200577.
Pageins:                                     3891996.
T 1790277185.135
Pages free:                                   155238.
Pages wired down:                             114258.
File-backed pages:                            354341.
Anonymous pages:                              184564.
Pages stored in compressor:                   526410.
Pages occupied by compressor:                 200535.
Pageins:                                     3892021.
T 1790277185.202
Pages free:                                   153898.
Pages wired down:                             114328.
File-backed pages:                            354341.
Anonymous pages:                              185905.
Pages stored in compressor:                   526407.
Pages occupied by compressor:                 200534.
Pageins:                                     3892041.
T 1790277185.265
Pages free:                                   154542.
Pages wired down:                             114294.
File-backed pages:                            354340.
Anonymous pages:                              185277.
Pages stored in compressor:                   526390.
Pages occupied by compressor:                 200526.
Pageins:                                     3892059.
T 1790277185.332
Pages free:                                   155191.
Pages wired down:                             114255.
File-backed pages:                            354341.
Anonymous pages:                              184617.
Pages stored in compressor:                   526388.
Pages occupied by compressor:                 200525.
Pageins:                                     3892081.
T 1790277185.398
Pages free:                                   155196.
Pages wired down:                             118630.
File-backed pages:                            354349.
Anonymous pages:                              180314.
Pages stored in compressor:                   526327.
Pages occupied by compressor:                 200507.
Pageins:                                     3892110.
T 1790277185.465
Pages free:                                   155253.
Pages wired down:                             118636.
File-backed pages:                            354351.
Anonymous pages:                              180306.
Pages stored in compressor:                   526327.
Pages occupied by compressor:                 200507.
Pageins:                                     3892133.
T 1790277185.532
Pages free:                                   155328.
Pages wired down:                             118622.
File-backed pages:                            354397.
Anonymous pages:                              180142.
Pages stored in compressor:                   526325.
Pages occupied by compressor:                 200507.
Pageins:                                     3892155.
T 1790277185.598
Pages free:                                   155229.
Pages wired down:                             118636.
File-backed pages:                            354448.
Anonymous pages:                              180218.
Pages stored in compressor:                   526322.
Pages occupied by compressor:                 200507.
Pageins:                                     3892225.
T 1790277185.664
Pages free:                                   154943.
Pages wired down:                             118636.
File-backed pages:                            354467.
Anonymous pages:                              180572.
Pages stored in compressor:                   525927.
Pages occupied by compressor:                 200366.
Pageins:                                     3892246.
T 1790277185.730
Pages free:                                   154618.
Pages wired down:                             118633.
File-backed pages:                            354637.
Anonymous pages:                              180821.
Pages stored in compressor:                   525768.
Pages occupied by compressor:                 200292.
Pageins:                                     3892275.
T 1790277185.798
Pages free:                                   153521.
Pages wired down:                             118552.
File-backed pages:                            354725.
Anonymous pages:                              182043.
Pages stored in compressor:                   525284.
Pages occupied by compressor:                 200128.
Pageins:                                     3892310.
T 1790277185.865
Pages free:                                   152162.
Pages wired down:                             118571.
File-backed pages:                            354910.
Anonymous pages:                              183171.
Pages stored in compressor:                   525169.
Pages occupied by compressor:                 200085.
Pageins:                                     3892344.
T 1790277185.932
Pages free:                                   152021.
Pages wired down:                             118565.
File-backed pages:                            354938.
Anonymous pages:                              183454.
Pages stored in compressor:                   525053.
Pages occupied by compressor:                 200042.
Pageins:                                     3892364.
T 1790277185.995
Pages free:                                   151611.
Pages wired down:                             118563.
File-backed pages:                            355062.
Anonymous pages:                              183742.
Pages stored in compressor:                   524855.
Pages occupied by compressor:                 199981.
Pageins:                                     3892469.
T 1790277186.063
Pages free:                                   151806.
Pages wired down:                             118566.
File-backed pages:                            355058.
Anonymous pages:                              183618.
Pages stored in compressor:                   524852.
Pages occupied by compressor:                 199978.
Pageins:                                     3892490.
T 1790277186.126
Pages free:                                   151768.
Pages wired down:                             118589.
File-backed pages:                            355059.
Anonymous pages:                              183678.
Pages stored in compressor:                   524833.
Pages occupied by compressor:                 199976.
Pageins:                                     3892512.
T 1790277186.194
Pages free:                                   151713.
Pages wired down:                             118585.
File-backed pages:                            355058.
Anonymous pages:                              183580.
Pages stored in compressor:                   524827.
Pages occupied by compressor:                 199973.
Pageins:                                     3892533.
T 1790277186.261
Pages free:                                   151683.
Pages wired down:                             118586.
File-backed pages:                            355117.
Anonymous pages:                              183557.
Pages stored in compressor:                   524818.
Pages occupied by compressor:                 199969.
Pageins:                                     3892555.
T 1790277186.329
Pages free:                                   151678.
Pages wired down:                             118573.
File-backed pages:                            355175.
Anonymous pages:                              183489.
Pages stored in compressor:                   524814.
Pages occupied by compressor:                 199967.
Pageins:                                     3892630.
T 1790277186.396
Pages free:                                   151751.
Pages wired down:                             118575.
File-backed pages:                            355179.
Anonymous pages:                              183497.
Pages stored in compressor:                   524813.
Pages occupied by compressor:                 199967.
Pageins:                                     3892652.
T 1790277186.462
Pages free:                                   151802.
Pages wired down:                             118584.
File-backed pages:                            355178.
Anonymous pages:                              183437.
Pages stored in compressor:                   524811.
Pages occupied by compressor:                 199967.
Pageins:                                     3892669.
T 1790277186.530
Pages free:                                   151780.
Pages wired down:                             118583.
File-backed pages:                            355178.
Anonymous pages:                              183462.
Pages stored in compressor:                   524811.
Pages occupied by compressor:                 199967.
Pageins:                                     3892690.
T 1790277186.597
Pages free:                                   151479.
Pages wired down:                             118591.
File-backed pages:                            355180.
Anonymous pages:                              183767.
Pages stored in compressor:                   524810.
Pages occupied by compressor:                 199967.
Pageins:                                     3892713.
T 1790277186.665
Pages free:                                   151613.
Pages wired down:                             118576.
File-backed pages:                            355180.
Anonymous pages:                              183635.
Pages stored in compressor:                   524810.
Pages occupied by compressor:                 199967.
Pageins:                                     3892733.
T 1790277186.732
Pages free:                                   151481.
Pages wired down:                             118577.
File-backed pages:                            355180.
Anonymous pages:                              183617.
Pages stored in compressor:                   524809.
Pages occupied by compressor:                 199967.
Pageins:                                     3892754.
T 1790277186.797
Pages free:                                   151433.
Pages wired down:                             118593.
File-backed pages:                            355181.
Anonymous pages:                              183816.
Pages stored in compressor:                   524809.
Pages occupied by compressor:                 199967.
Pageins:                                     3892775.
T 1790277186.866
Pages free:                                   288346.
Pages wired down:                             117162.
File-backed pages:                            222905.
Anonymous pages:                              182042.
Pages stored in compressor:                   521588.
Pages occupied by compressor:                 198639.
Pageins:                                     3892842.
T 1790277186.936
Pages free:                                   283859.
Pages wired down:                             120792.
File-backed pages:                            222762.
Anonymous pages:                              183160.
Pages stored in compressor:                   519696.
Pages occupied by compressor:                 198347.
Pageins:                                     3892918.
T 1790277187.052
Pages free:                                   283806.
Pages wired down:                             120795.
File-backed pages:                            222768.
Anonymous pages:                              183186.
Pages stored in compressor:                   519672.
Pages occupied by compressor:                 198340.
Pageins:                                     3892932.
T 1790277187.122
Pages free:                                   283873.
Pages wired down:                             120801.
File-backed pages:                            222768.
Anonymous pages:                              183196.
Pages stored in compressor:                   519672.
Pages occupied by compressor:                 198340.
Pageins:                                     3892946.
T 1790277187.191
Pages free:                                   283795.
Pages wired down:                             120799.
File-backed pages:                            222773.
Anonymous pages:                              183223.
Pages stored in compressor:                   519666.
Pages occupied by compressor:                 198340.
Pageins:                                     3892959.
T 1790277187.261
Pages free:                                   283389.
Pages wired down:                             120829.
File-backed pages:                            222773.
Anonymous pages:                              183588.
Pages stored in compressor:                   519664.
Pages occupied by compressor:                 198339.
Pageins:                                     3892974.
T 1790277187.332
Pages free:                                   282272.
Pages wired down:                             120896.
File-backed pages:                            222776.
Anonymous pages:                              184759.
Pages stored in compressor:                   519590.
Pages occupied by compressor:                 198286.
Pageins:                                     3892989.
T 1790277187.400
Pages free:                                   285230.
Pages wired down:                             119236.
File-backed pages:                            222774.
Anonymous pages:                              183467.
Pages stored in compressor:                   519587.
Pages occupied by compressor:                 198284.
Pageins:                                     3893001.
T 1790277187.469
Pages free:                                   284043.
Pages wired down:                             120332.
File-backed pages:                            222774.
Anonymous pages:                              183479.
Pages stored in compressor:                   519587.
Pages occupied by compressor:                 198284.
Pageins:                                     3893017.
T 1790277187.538
Pages free:                                   285210.
Pages wired down:                             119221.
File-backed pages:                            222774.
Anonymous pages:                              183434.
Pages stored in compressor:                   519587.
Pages occupied by compressor:                 198284.
Pageins:                                     3893031.
T 1790277187.603
Pages free:                                   285162.
Pages wired down:                             119228.
File-backed pages:                            222774.
Anonymous pages:                              183472.
Pages stored in compressor:                   519586.
Pages occupied by compressor:                 198284.
Pageins:                                     3893044.
T 1790277187.674
Pages free:                                   285248.
Pages wired down:                             119235.
File-backed pages:                            222830.
Anonymous pages:                              183314.
Pages stored in compressor:                   519586.
Pages occupied by compressor:                 198284.
Pageins:                                     3893058.
T 1790277187.744
Pages free:                                   285311.
Pages wired down:                             119227.
File-backed pages:                            222873.
Anonymous pages:                              183293.
Pages stored in compressor:                   519585.
Pages occupied by compressor:                 198283.
Pageins:                                     3893117.
T 1790277187.813
Pages free:                                   285371.
Pages wired down:                             119226.
File-backed pages:                            222874.
Anonymous pages:                              183299.
Pages stored in compressor:                   519585.
Pages occupied by compressor:                 198283.
Pageins:                                     3893132.
T 1790277187.879
Pages free:                                   285316.
Pages wired down:                             119225.
File-backed pages:                            222874.
Anonymous pages:                              183299.
Pages stored in compressor:                   519582.
Pages occupied by compressor:                 198281.
Pageins:                                     3893146.
T 1790277187.948
Pages free:                                   285459.
Pages wired down:                             119222.
File-backed pages:                            222874.
Anonymous pages:                              183259.
Pages stored in compressor:                   519582.
Pages occupied by compressor:                 198281.
Pageins:                                     3893159.
T 1790277188.016
Pages free:                                   285156.
Pages wired down:                             117216.
File-backed pages:                            222876.
Anonymous pages:                              185509.
Pages stored in compressor:                   519561.
Pages occupied by compressor:                 198274.
Pageins:                                     3893175.
T 1790277188.082
Pages free:                                   285137.
Pages wired down:                             117214.
File-backed pages:                            222875.
Anonymous pages:                              185473.
Pages stored in compressor:                   519560.
Pages occupied by compressor:                 198274.
Pageins:                                     3893187.
T 1790277188.152
Pages free:                                   284964.
Pages wired down:                             117215.
File-backed pages:                            222876.
Anonymous pages:                              185635.
Pages stored in compressor:                   519448.
Pages occupied by compressor:                 198258.
Pageins:                                     3893201.
T 1790277188.221
Pages free:                                   285064.
Pages wired down:                             117215.
File-backed pages:                            222878.
Anonymous pages:                              185562.
Pages stored in compressor:                   519432.
Pages occupied by compressor:                 198256.
Pageins:                                     3893215.
T 1790277188.292
Pages free:                                   285096.
Pages wired down:                             117221.
File-backed pages:                            222925.
Anonymous pages:                              185480.
Pages stored in compressor:                   519432.
Pages occupied by compressor:                 198256.
Pageins:                                     3893228.
T 1790277188.366
Pages free:                                   285111.
Pages wired down:                             117123.
File-backed pages:                            222925.
Anonymous pages:                              185537.
Pages stored in compressor:                   519431.
Pages occupied by compressor:                 198255.
Pageins:                                     3893242.
T 1790277188.435
Pages free:                                   285277.
Pages wired down:                             117122.
File-backed pages:                            222925.
Anonymous pages:                              185511.
Pages stored in compressor:                   519421.
Pages occupied by compressor:                 198249.
Pageins:                                     3893257.
T 1790277188.504
Pages free:                                   285203.
Pages wired down:                             117117.
File-backed pages:                            222927.
Anonymous pages:                              185489.
Pages stored in compressor:                   519407.
Pages occupied by compressor:                 198247.
Pageins:                                     3893273.
T 1790277188.572
Pages free:                                   285151.
Pages wired down:                             117117.
File-backed pages:                            222927.
Anonymous pages:                              185492.
Pages stored in compressor:                   519403.
Pages occupied by compressor:                 198247.
Pageins:                                     3893287.
T 1790277188.641
Pages free:                                   285234.
Pages wired down:                             117118.
File-backed pages:                            222927.
Anonymous pages:                              185512.
Pages stored in compressor:                   519403.
Pages occupied by compressor:                 198247.
Pageins:                                     3893301.
T 1790277188.707
Pages free:                                   285187.
Pages wired down:                             117121.
File-backed pages:                            222927.
Anonymous pages:                              185492.
Pages stored in compressor:                   519402.
Pages occupied by compressor:                 198247.
Pageins:                                     3893316.
T 1790277188.774
Pages free:                                   285145.
Pages wired down:                             115516.
File-backed pages:                            222927.
Anonymous pages:                              187126.
Pages stored in compressor:                   519402.
Pages occupied by compressor:                 198247.
Pageins:                                     3893330.
T 1790277188.841
Pages free:                                   285193.
Pages wired down:                             115516.
File-backed pages:                            222928.
Anonymous pages:                              187126.
Pages stored in compressor:                   519402.
Pages occupied by compressor:                 198247.
Pageins:                                     3893345.
T 1790277188.908
Pages free:                                   285311.
Pages wired down:                             115510.
File-backed pages:                            222926.
Anonymous pages:                              187066.
Pages stored in compressor:                   519401.
Pages occupied by compressor:                 198247.
Pageins:                                     3893357.
T 1790277188.977
Pages free:                                   285134.
Pages wired down:                             115522.
File-backed pages:                            222927.
Anonymous pages:                              187121.
Pages stored in compressor:                   519401.
Pages occupied by compressor:                 198247.
Pageins:                                     3893370.
T 1790277189.048
Pages free:                                   285148.
Pages wired down:                             115523.
File-backed pages:                            222926.
Anonymous pages:                              187123.
Pages stored in compressor:                   519401.
Pages occupied by compressor:                 198247.
Pageins:                                     3893383.
T 1790277189.118
Pages free:                                   285113.
Pages wired down:                             115524.
File-backed pages:                            222926.
Anonymous pages:                              187149.
Pages stored in compressor:                   519391.
Pages occupied by compressor:                 198246.
Pageins:                                     3893397.
T 1790277189.190
Pages free:                                   284968.
Pages wired down:                             115533.
File-backed pages:                            222927.
Anonymous pages:                              187197.
Pages stored in compressor:                   519389.
Pages occupied by compressor:                 198246.
Pageins:                                     3893412.
T 1790277189.261
Pages free:                                   285164.
Pages wired down:                             115513.
File-backed pages:                            222927.
Anonymous pages:                              187141.
Pages stored in compressor:                   519386.
Pages occupied by compressor:                 198246.
Pageins:                                     3893428.
T 1790277189.330
Pages free:                                   285290.
Pages wired down:                             115519.
File-backed pages:                            222926.
Anonymous pages:                              187099.
Pages stored in compressor:                   519386.
Pages occupied by compressor:                 198246.
Pageins:                                     3893440.
T 1790277189.396
Pages free:                                   284089.
Pages wired down:                             115580.
File-backed pages:                            222926.
Anonymous pages:                              188052.
Pages stored in compressor:                   519386.
Pages occupied by compressor:                 198246.
Pageins:                                     3893454.
T 1790277189.466
Pages free:                                   283617.
Pages wired down:                             115607.
File-backed pages:                            222928.
Anonymous pages:                              188591.
Pages stored in compressor:                   519385.
Pages occupied by compressor:                 198246.
Pageins:                                     3893469.
T 1790277189.537
Pages free:                                   284987.
Pages wired down:                             115525.
File-backed pages:                            222928.
Anonymous pages:                              187293.
Pages stored in compressor:                   519291.
Pages occupied by compressor:                 198193.
Pageins:                                     3893483.
T 1790277189.607
Pages free:                                   285070.
Pages wired down:                             115526.
File-backed pages:                            222929.
Anonymous pages:                              187252.
Pages stored in compressor:                   519291.
Pages occupied by compressor:                 198193.
Pageins:                                     3893497.
T 1790277189.675
Pages free:                                   285014.
Pages wired down:                             115530.
File-backed pages:                            222929.
Anonymous pages:                              187305.
Pages stored in compressor:                   519291.
Pages occupied by compressor:                 198193.
Pageins:                                     3893511.
T 1790277189.745
Pages free:                                   285031.
Pages wired down:                             115519.
File-backed pages:                            222929.
Anonymous pages:                              187243.
Pages stored in compressor:                   519288.
Pages occupied by compressor:                 198193.
Pageins:                                     3893527.
T 1790277189.815
Pages free:                                   285129.
Pages wired down:                             115517.
File-backed pages:                            222930.
Anonymous pages:                              187229.
Pages stored in compressor:                   519288.
Pages occupied by compressor:                 198193.
Pageins:                                     3893541.
T 1790277189.881
Pages free:                                   285019.
Pages wired down:                             115519.
File-backed pages:                            222929.
Anonymous pages:                              187255.
Pages stored in compressor:                   519288.
Pages occupied by compressor:                 198193.
Pageins:                                     3893554.
T 1790277189.949
Pages free:                                   284956.
Pages wired down:                             115516.
File-backed pages:                            222930.
Anonymous pages:                              187286.
Pages stored in compressor:                   519287.
Pages occupied by compressor:                 198193.
Pageins:                                     3893568.
T 1790277190.017
Pages free:                                   285068.
Pages wired down:                             115519.
File-backed pages:                            222928.
Anonymous pages:                              187270.
Pages stored in compressor:                   519283.
Pages occupied by compressor:                 198192.
Pageins:                                     3893580.
T 1790277190.085
Pages free:                                   285048.
Pages wired down:                             115530.
File-backed pages:                            222929.
Anonymous pages:                              187306.
Pages stored in compressor:                   519282.
Pages occupied by compressor:                 198192.
Pageins:                                     3893595.
T 1790277190.157
Pages free:                                   285000.
Pages wired down:                             115527.
File-backed pages:                            222928.
Anonymous pages:                              187327.
Pages stored in compressor:                   519232.
Pages occupied by compressor:                 198183.
Pageins:                                     3893608.
T 1790277190.230
Pages free:                                   285040.
Pages wired down:                             115529.
File-backed pages:                            222929.
Anonymous pages:                              187355.
Pages stored in compressor:                   519232.
Pages occupied by compressor:                 198183.
Pageins:                                     3893623.
T 1790277190.300
Pages free:                                   284659.
Pages wired down:                             119158.
File-backed pages:                            222928.
Anonymous pages:                              184027.
Pages stored in compressor:                   519207.
Pages occupied by compressor:                 198174.
Pageins:                                     3893636.
T 1790277190.367
Pages free:                                   283641.
Pages wired down:                             120259.
File-backed pages:                            222930.
Anonymous pages:                              184040.
Pages stored in compressor:                   519207.
Pages occupied by compressor:                 198174.
Pageins:                                     3893651.
T 1790277190.433
Pages free:                                   283508.
Pages wired down:                             120260.
File-backed pages:                            222930.
Anonymous pages:                              184052.
Pages stored in compressor:                   519207.
Pages occupied by compressor:                 198174.
Pageins:                                     3893665.
T 1790277190.503
Pages free:                                   283631.
Pages wired down:                             120250.
File-backed pages:                            222929.
Anonymous pages:                              183947.
Pages stored in compressor:                   519198.
Pages occupied by compressor:                 198172.
Pageins:                                     3893680.
T 1790277190.571
Pages free:                                   284680.
Pages wired down:                             119152.
File-backed pages:                            222924.
Anonymous pages:                              184008.
Pages stored in compressor:                   519195.
Pages occupied by compressor:                 198172.
Pageins:                                     3893695.
T 1790277190.636
Pages free:                                   284626.
Pages wired down:                             119161.
File-backed pages:                            222924.
Anonymous pages:                              184068.
Pages stored in compressor:                   519186.
Pages occupied by compressor:                 198172.
Pageins:                                     3893707.
T 1790277190.707
Pages free:                                   284657.
Pages wired down:                             119162.
File-backed pages:                            222924.
Anonymous pages:                              184076.
Pages stored in compressor:                   519186.
Pages occupied by compressor:                 198172.
Pageins:                                     3893721.
T 1790277190.773
Pages free:                                   284581.
Pages wired down:                             119162.
File-backed pages:                            222924.
Anonymous pages:                              184096.
Pages stored in compressor:                   519171.
Pages occupied by compressor:                 198167.
Pageins:                                     3893736.
T 1790277190.839
Pages free:                                   284711.
Pages wired down:                             119154.
File-backed pages:                            222923.
Anonymous pages:                              184002.
Pages stored in compressor:                   519169.
Pages occupied by compressor:                 198166.
Pageins:                                     3893749.
T 1790277190.908
Pages free:                                   284715.
Pages wired down:                             119163.
File-backed pages:                            222924.
Anonymous pages:                              184042.
Pages stored in compressor:                   519169.
Pages occupied by compressor:                 198166.
Pageins:                                     3893764.
T 1790277190.975
Pages free:                                   284626.
Pages wired down:                             119163.
File-backed pages:                            222923.
Anonymous pages:                              184074.
Pages stored in compressor:                   519169.
Pages occupied by compressor:                 198166.
Pageins:                                     3893777.
T 1790277191.044
Pages free:                                   283559.
Pages wired down:                             120264.
File-backed pages:                            222924.
Anonymous pages:                              184087.
Pages stored in compressor:                   519156.
Pages occupied by compressor:                 198162.
Pageins:                                     3893791.
T 1790277191.114
Pages free:                                   283349.
Pages wired down:                             120257.
File-backed pages:                            222928.
Anonymous pages:                              184208.
Pages stored in compressor:                   519151.
Pages occupied by compressor:                 198161.
Pageins:                                     3893805.
T 1790277191.184
Pages free:                                   283375.
Pages wired down:                             120265.
File-backed pages:                            223065.
Anonymous pages:                              184117.
Pages stored in compressor:                   519147.
Pages occupied by compressor:                 198160.
Pageins:                                     3893819.
T 1790277191.251
Pages free:                                   283305.
Pages wired down:                             120247.
File-backed pages:                            223065.
Anonymous pages:                              184208.
Pages stored in compressor:                   519146.
Pages occupied by compressor:                 198160.
Pageins:                                     3893835.
T 1790277191.318
Pages free:                                   283697.
Pages wired down:                             119161.
File-backed pages:                            223139.
Anonymous pages:                              184915.
Pages stored in compressor:                   518710.
Pages occupied by compressor:                 198052.
Pageins:                                     3893856.
T 1790277191.392
Pages free:                                   282216.
Pages wired down:                             119165.
File-backed pages:                            223922.
Anonymous pages:                              185671.
Pages stored in compressor:                   518539.
Pages occupied by compressor:                 198017.
Pageins:                                     3893961.
T 1790277191.459
Pages free:                                   281612.
Pages wired down:                             119160.
File-backed pages:                            224494.
Anonymous pages:                              185587.
Pages stored in compressor:                   518532.
Pages occupied by compressor:                 198013.
Pageins:                                     3894090.
T 1790277191.524
Pages free:                                   279491.
Pages wired down:                             117223.
File-backed pages:                            225017.
Anonymous pages:                              189236.
Pages stored in compressor:                   518153.
Pages occupied by compressor:                 197889.
Pageins:                                     3894240.
T 1790277191.590
Pages free:                                   279028.
Pages wired down:                             117222.
File-backed pages:                            225229.
Anonymous pages:                              189658.
Pages stored in compressor:                   517863.
Pages occupied by compressor:                 197809.
Pageins:                                     3894387.
T 1790277191.658
Pages free:                                   280744.
Pages wired down:                             117143.
File-backed pages:                            225228.
Anonymous pages:                              188054.
Pages stored in compressor:                   517858.
Pages occupied by compressor:                 197808.
Pageins:                                     3894400.
T 1790277191.725
Pages free:                                   278887.
Pages wired down:                             118261.
File-backed pages:                            225363.
Anonymous pages:                              188640.
Pages stored in compressor:                   517729.
Pages occupied by compressor:                 197783.
Pageins:                                     3894507.
T 1790277191.791
Pages free:                                   280077.
Pages wired down:                             117149.
File-backed pages:                            225403.
Anonymous pages:                              188623.
Pages stored in compressor:                   517648.
Pages occupied by compressor:                 197750.
Pageins:                                     3894538.
T 1790277191.858
Pages free:                                   279817.
Pages wired down:                             117147.
File-backed pages:                            225461.
Anonymous pages:                              188839.
Pages stored in compressor:                   517643.
Pages occupied by compressor:                 197749.
Pageins:                                     3894555.
T 1790277191.924
Pages free:                                   279127.
Pages wired down:                             117147.
File-backed pages:                            225838.
Anonymous pages:                              189116.
Pages stored in compressor:                   517574.
Pages occupied by compressor:                 197729.
Pageins:                                     3894612.
T 1790277191.993
Pages free:                                   279586.
Pages wired down:                             117144.
File-backed pages:                            225841.
Anonymous pages:                              188650.
Pages stored in compressor:                   517570.
Pages occupied by compressor:                 197727.
Pageins:                                     3894629.
T 1790277192.064
Pages free:                                   279293.
Pages wired down:                             117143.
File-backed pages:                            225837.
Anonymous pages:                              188992.
Pages stored in compressor:                   517568.
Pages occupied by compressor:                 197727.
Pageins:                                     3894643.
T 1790277192.133
Pages free:                                   279140.
Pages wired down:                             117149.
File-backed pages:                            225837.
Anonymous pages:                              189140.
Pages stored in compressor:                   517555.
Pages occupied by compressor:                 197723.
Pageins:                                     3894657.
T 1790277192.201
Pages free:                                   278961.
Pages wired down:                             117153.
File-backed pages:                            225838.
Anonymous pages:                              189249.
Pages stored in compressor:                   517513.
Pages occupied by compressor:                 197717.
Pageins:                                     3894673.
T 1790277192.270
Pages free:                                   279656.
Pages wired down:                             115542.
File-backed pages:                            225837.
Anonymous pages:                              190241.
Pages stored in compressor:                   517513.
Pages occupied by compressor:                 197717.
Pageins:                                     3894686.
T 1790277192.341
Pages free:                                   279571.
Pages wired down:                             115548.
File-backed pages:                            225831.
Anonymous pages:                              190300.
Pages stored in compressor:                   517509.
Pages occupied by compressor:                 197716.
Pageins:                                     3894749.
T 1790277192.412
Pages free:                                   278374.
Pages wired down:                             116643.
File-backed pages:                            225831.
Anonymous pages:                              190434.
Pages stored in compressor:                   517495.
Pages occupied by compressor:                 197705.
Pageins:                                     3894764.
T 1790277192.482
Pages free:                                   278207.
Pages wired down:                             116640.
File-backed pages:                            225835.
Anonymous pages:                              190790.
Pages stored in compressor:                   517173.
Pages occupied by compressor:                 197567.
Pageins:                                     3894782.
T 1790277192.551
Pages free:                                   279548.
Pages wired down:                             115540.
File-backed pages:                            225841.
Anonymous pages:                              190413.
Pages stored in compressor:                   517140.
Pages occupied by compressor:                 197565.
Pageins:                                     3894797.
T 1790277192.619
Pages free:                                   279567.
Pages wired down:                             115537.
File-backed pages:                            225841.
Anonymous pages:                              190487.
Pages stored in compressor:                   517139.
Pages occupied by compressor:                 197565.
Pageins:                                     3894811.
T 1790277192.684
Pages free:                                   279073.
Pages wired down:                             115542.
File-backed pages:                            225842.
Anonymous pages:                              190968.
Pages stored in compressor:                   517139.
Pages occupied by compressor:                 197565.
Pageins:                                     3894823.
T 1790277192.750
Pages free:                                   279049.
Pages wired down:                             115548.
File-backed pages:                            225841.
Anonymous pages:                              190992.
Pages stored in compressor:                   517138.
Pages occupied by compressor:                 197565.
Pageins:                                     3894836.
T 1790277192.821
Pages free:                                   279536.
Pages wired down:                             115548.
File-backed pages:                            225841.
Anonymous pages:                              190438.
Pages stored in compressor:                   517136.
Pages occupied by compressor:                 197565.
Pageins:                                     3894851.
T 1790277192.891
Pages free:                                   279603.
Pages wired down:                             115540.
File-backed pages:                            225843.
Anonymous pages:                              190411.
Pages stored in compressor:                   517136.
Pages occupied by compressor:                 197565.
Pageins:                                     3894870.
T 1790277192.961
Pages free:                                   279478.
Pages wired down:                             115533.
File-backed pages:                            225860.
Anonymous pages:                              190495.
Pages stored in compressor:                   517130.
Pages occupied by compressor:                 197563.
Pageins:                                     3894933.
T 1790277193.030
Pages free:                                   279094.
Pages wired down:                             115537.
File-backed pages:                            225860.
Anonymous pages:                              190895.
Pages stored in compressor:                   517128.
Pages occupied by compressor:                 197563.
Pageins:                                     3894948.
T 1790277193.100
Pages free:                                   277220.
Pages wired down:                             117713.
File-backed pages:                            225868.
Anonymous pages:                              190627.
Pages stored in compressor:                   516513.
Pages occupied by compressor:                 197485.
Pageins:                                     3894970.
T 1790277193.167
Pages free:                                   277236.
Pages wired down:                             117713.
File-backed pages:                            225869.
Anonymous pages:                              190639.
Pages stored in compressor:                   516504.
Pages occupied by compressor:                 197483.
Pageins:                                     3894985.
T 1790277193.232
Pages free:                                   277343.
Pages wired down:                             117713.
File-backed pages:                            225868.
Anonymous pages:                              190636.
Pages stored in compressor:                   516503.
Pages occupied by compressor:                 197483.
Pageins:                                     3894998.
T 1790277193.298
Pages free:                                   277247.
Pages wired down:                             117712.
File-backed pages:                            225868.
Anonymous pages:                              190623.
Pages stored in compressor:                   516498.
Pages occupied by compressor:                 197481.
Pageins:                                     3895012.
T 1790277193.366
Pages free:                                   277290.
Pages wired down:                             117713.
File-backed pages:                            225868.
Anonymous pages:                              190633.
Pages stored in compressor:                   516491.
Pages occupied by compressor:                 197479.
Pageins:                                     3895026.
T 1790277193.431
Pages free:                                   277282.
Pages wired down:                             117713.
File-backed pages:                            225868.
Anonymous pages:                              190650.
Pages stored in compressor:                   516478.
Pages occupied by compressor:                 197475.
Pageins:                                     3895041.
T 1790277193.499
Pages free:                                   277189.
Pages wired down:                             117714.
File-backed pages:                            225868.
Anonymous pages:                              190674.
Pages stored in compressor:                   516453.
Pages occupied by compressor:                 197468.
Pageins:                                     3895056.
T 1790277193.566
Pages free:                                   277265.
Pages wired down:                             117714.
File-backed pages:                            225868.
Anonymous pages:                              190728.
Pages stored in compressor:                   516407.
Pages occupied by compressor:                 197438.
Pageins:                                     3895069.
T 1790277193.632
Pages free:                                   276508.
Pages wired down:                             117754.
File-backed pages:                            225868.
Anonymous pages:                              191414.
Pages stored in compressor:                   516404.
Pages occupied by compressor:                 197435.
Pageins:                                     3895083.
T 1790277193.698
Pages free:                                   275867.
Pages wired down:                             117790.
File-backed pages:                            225867.
Anonymous pages:                              192074.
Pages stored in compressor:                   516402.
Pages occupied by compressor:                 197434.
Pageins:                                     3895096.
T 1790277193.766
Pages free:                                   277202.
Pages wired down:                             117713.
File-backed pages:                            225868.
Anonymous pages:                              190731.
Pages stored in compressor:                   516401.
Pages occupied by compressor:                 197434.
Pageins:                                     3895111.
T 1790277193.833
Pages free:                                   276010.
Pages wired down:                             118811.
File-backed pages:                            225868.
Anonymous pages:                              190754.
Pages stored in compressor:                   516400.
Pages occupied by compressor:                 197434.
Pageins:                                     3895125.
T 1790277193.901
Pages free:                                   276104.
Pages wired down:                             118822.
File-backed pages:                            225867.
Anonymous pages:                              190744.
Pages stored in compressor:                   516398.
Pages occupied by compressor:                 197434.
Pageins:                                     3895136.
T 1790277193.970
Pages free:                                   276072.
Pages wired down:                             118814.
File-backed pages:                            225868.
Anonymous pages:                              190742.
Pages stored in compressor:                   516396.
Pages occupied by compressor:                 197434.
Pageins:                                     3895152.
T 1790277194.041
Pages free:                                   277175.
Pages wired down:                             117716.
File-backed pages:                            225869.
Anonymous pages:                              190800.
Pages stored in compressor:                   516322.
Pages occupied by compressor:                 197405.
Pageins:                                     3895165.
T 1790277194.112
Pages free:                                   277184.
Pages wired down:                             117717.
File-backed pages:                            225869.
Anonymous pages:                              190797.
Pages stored in compressor:                   516322.
Pages occupied by compressor:                 197405.
Pageins:                                     3895179.
T 1790277194.182
Pages free:                                   276598.
Pages wired down:                             118537.
File-backed pages:                            225868.
Anonymous pages:                              190637.
Pages stored in compressor:                   514910.
Pages occupied by compressor:                 197305.
Pageins:                                     3895194.
T 1790277194.249
Pages free:                                   276527.
Pages wired down:                             118541.
File-backed pages:                            225869.
Anonymous pages:                              190665.
Pages stored in compressor:                   514909.
Pages occupied by compressor:                 197305.
Pageins:                                     3895209.
T 1790277194.315
Pages free:                                   276581.
Pages wired down:                             117889.
File-backed pages:                            225868.
Anonymous pages:                              191277.
Pages stored in compressor:                   514909.
Pages occupied by compressor:                 197305.
Pageins:                                     3895222.
T 1790277194.383
Pages free:                                   276509.
Pages wired down:                             117903.
File-backed pages:                            225868.
Anonymous pages:                              191306.
Pages stored in compressor:                   514907.
Pages occupied by compressor:                 197305.
Pageins:                                     3895234.
T 1790277194.450
Pages free:                                   276441.
Pages wired down:                             117900.
File-backed pages:                            225869.
Anonymous pages:                              191359.
Pages stored in compressor:                   514906.
Pages occupied by compressor:                 197305.
Pageins:                                     3895249.
T 1790277194.517
Pages free:                                   276586.
Pages wired down:                             117897.
File-backed pages:                            225868.
Anonymous pages:                              191318.
Pages stored in compressor:                   514906.
Pages occupied by compressor:                 197305.
Pageins:                                     3895262.
T 1790277194.587
Pages free:                                   276428.
Pages wired down:                             117907.
File-backed pages:                            225868.
Anonymous pages:                              191401.
Pages stored in compressor:                   514905.
Pages occupied by compressor:                 197305.
Pageins:                                     3895276.
T 1790277194.657
Pages free:                                   276515.
Pages wired down:                             117904.
File-backed pages:                            225868.
Anonymous pages:                              191350.
Pages stored in compressor:                   514900.
Pages occupied by compressor:                 197305.
Pageins:                                     3895290.
T 1790277194.726
Pages free:                                   275355.
Pages wired down:                             119014.
File-backed pages:                            225868.
Anonymous pages:                              191395.
Pages stored in compressor:                   514896.
Pages occupied by compressor:                 197305.
Pageins:                                     3895306.
T 1790277194.792
Pages free:                                   276551.
Pages wired down:                             117904.
File-backed pages:                            225868.
Anonymous pages:                              191352.
Pages stored in compressor:                   514880.
Pages occupied by compressor:                 197296.
Pageins:                                     3895319.
T 1790277194.859
Pages free:                                   276500.
Pages wired down:                             117909.
File-backed pages:                            225869.
Anonymous pages:                              191426.
Pages stored in compressor:                   514878.
Pages occupied by compressor:                 197296.
Pageins:                                     3895334.
T 1790277194.925
Pages free:                                   276934.
Pages wired down:                             117871.
File-backed pages:                            225868.
Anonymous pages:                              191157.
Pages stored in compressor:                   514827.
Pages occupied by compressor:                 197280.
Pageins:                                     3895348.
T 1790277194.992
Pages free:                                   276783.
Pages wired down:                             117883.
File-backed pages:                            225871.
Anonymous pages:                              191267.
Pages stored in compressor:                   514827.
Pages occupied by compressor:                 197280.
Pageins:                                     3895361.
T 1790277195.062
Pages free:                                   276843.
Pages wired down:                             117883.
File-backed pages:                            225867.
Anonymous pages:                              191173.
Pages stored in compressor:                   514825.
Pages occupied by compressor:                 197280.
Pageins:                                     3895375.
T 1790277195.133
Pages free:                                   276636.
Pages wired down:                             117888.
File-backed pages:                            225868.
Anonymous pages:                              191295.
Pages stored in compressor:                   514747.
Pages occupied by compressor:                 197263.
Pageins:                                     3895390.
T 1790277195.201
Pages free:                                   276748.
Pages wired down:                             117890.
File-backed pages:                            225869.
Anonymous pages:                              191250.
Pages stored in compressor:                   514744.
Pages occupied by compressor:                 197263.
Pageins:                                     3895405.
T 1790277195.271
Pages free:                                   276610.
Pages wired down:                             117884.
File-backed pages:                            225868.
Anonymous pages:                              191316.
Pages stored in compressor:                   514739.
Pages occupied by compressor:                 197263.
Pageins:                                     3895418.
T 1790277195.339
Pages free:                                   277217.
Pages wired down:                             116628.
File-backed pages:                            225868.
Anonymous pages:                              192026.
Pages stored in compressor:                   514738.
Pages occupied by compressor:                 197263.
Pageins:                                     3895432.
T 1790277195.409
Pages free:                                   277294.
Pages wired down:                             116632.
File-backed pages:                            225871.
Anonymous pages:                              191978.
Pages stored in compressor:                   514738.
Pages occupied by compressor:                 197263.
Pageins:                                     3895446.
T 1790277195.473
Pages free:                                   277474.
Pages wired down:                             116613.
File-backed pages:                            225871.
Anonymous pages:                              191792.
Pages stored in compressor:                   514733.
Pages occupied by compressor:                 197260.
Pageins:                                     3895460.
T 1790277195.543
Pages free:                                   278101.
Pages wired down:                             115520.
File-backed pages:                            225872.
Anonymous pages:                              192195.
Pages stored in compressor:                   514733.
Pages occupied by compressor:                 197260.
Pageins:                                     3895475.
T 1790277195.614
Pages free:                                   276241.
Pages wired down:                             116626.
File-backed pages:                            225872.
Anonymous pages:                              192997.
Pages stored in compressor:                   514729.
Pages occupied by compressor:                 197259.
Pageins:                                     3895489.
T 1790277195.684
Pages free:                                   276179.
Pages wired down:                             116623.
File-backed pages:                            225872.
Anonymous pages:                              192999.
Pages stored in compressor:                   514713.
Pages occupied by compressor:                 197256.
Pageins:                                     3895503.
T 1790277195.754
Pages free:                                   272475.
Pages wired down:                             119500.
File-backed pages:                            225893.
Anonymous pages:                              193904.
Pages stored in compressor:                   514587.
Pages occupied by compressor:                 197223.
Pageins:                                     3895540.
T 1790277195.822
Pages free:                                   271938.
Pages wired down:                             119518.
File-backed pages:                            225893.
Anonymous pages:                              194403.
Pages stored in compressor:                   514546.
Pages occupied by compressor:                 197213.
Pageins:                                     3895556.
T 1790277195.889
Pages free:                                   274407.
Pages wired down:                             119436.
File-backed pages:                            225823.
Anonymous pages:                              192181.
Pages stored in compressor:                   514348.
Pages occupied by compressor:                 197135.
Pageins:                                     3895570.
T 1790277195.958
Pages free:                                   274282.
Pages wired down:                             119436.
File-backed pages:                            225826.
Anonymous pages:                              192250.
Pages stored in compressor:                   514332.
Pages occupied by compressor:                 197126.
Pageins:                                     3895587.
T 1790277196.025
Pages free:                                   274813.
Pages wired down:                             119410.
File-backed pages:                            225820.
Anonymous pages:                              191858.
Pages stored in compressor:                   514330.
Pages occupied by compressor:                 197126.
Pageins:                                     3895601.
T 1790277196.091
Pages free:                                   275047.
Pages wired down:                             119418.
File-backed pages:                            225661.
Anonymous pages:                              191768.
Pages stored in compressor:                   514328.
Pages occupied by compressor:                 197124.
Pageins:                                     3895613.
T 1790277196.158
Pages free:                                   275019.
Pages wired down:                             119418.
File-backed pages:                            225661.
Anonymous pages:                              191760.
Pages stored in compressor:                   514301.
Pages occupied by compressor:                 197115.
Pageins:                                     3895627.
T 1790277196.227
Pages free:                                   275019.
Pages wired down:                             119409.
File-backed pages:                            225662.
Anonymous pages:                              191755.
Pages stored in compressor:                   514301.
Pages occupied by compressor:                 197115.
Pageins:                                     3895644.
T 1790277196.296
Pages free:                                   276068.
Pages wired down:                             118303.
File-backed pages:                            225662.
Anonymous pages:                              191843.
Pages stored in compressor:                   514222.
Pages occupied by compressor:                 197088.
Pageins:                                     3895658.
T 1790277196.361
Pages free:                                   276067.
Pages wired down:                             118312.
File-backed pages:                            225662.
Anonymous pages:                              191913.
Pages stored in compressor:                   514209.
Pages occupied by compressor:                 197084.
Pageins:                                     3895670.
T 1790277196.429
Pages free:                                   275052.
Pages wired down:                             119413.
File-backed pages:                            225661.
Anonymous pages:                              191846.
Pages stored in compressor:                   514209.
Pages occupied by compressor:                 197084.
Pageins:                                     3895683.
T 1790277196.499
Pages free:                                   274965.
Pages wired down:                             119413.
File-backed pages:                            225692.
Anonymous pages:                              191840.
Pages stored in compressor:                   514209.
Pages occupied by compressor:                 197084.
Pageins:                                     3895697.
T 1790277196.567
Pages free:                                   276130.
Pages wired down:                             117242.
File-backed pages:                            225728.
Anonymous pages:                              192855.
Pages stored in compressor:                   514193.
Pages occupied by compressor:                 197078.
Pageins:                                     3895715.
T 1790277196.634
Pages free:                                   275860.
Pages wired down:                             117252.
File-backed pages:                            225732.
Anonymous pages:                              193017.
Pages stored in compressor:                   514193.
Pages occupied by compressor:                 197078.
Pageins:                                     3895729.
T 1790277196.706
Pages free:                                   275789.
Pages wired down:                             117262.
File-backed pages:                            225747.
Anonymous pages:                              193094.
Pages stored in compressor:                   514085.
Pages occupied by compressor:                 197059.
Pageins:                                     3895754.
T 1790277196.778
Pages free:                                   274837.
Pages wired down:                             120081.
File-backed pages:                            225769.
Anonymous pages:                              191462.
Pages stored in compressor:                   512888.
Pages occupied by compressor:                 196807.
Pageins:                                     3895780.
T 1790277196.848
Pages free:                                   275029.
Pages wired down:                             117814.
File-backed pages:                            225769.
Anonymous pages:                              193603.
Pages stored in compressor:                   512888.
Pages occupied by compressor:                 196807.
Pageins:                                     3895795.
T 1790277196.918
Pages free:                                   273872.
Pages wired down:                             118919.
File-backed pages:                            225770.
Anonymous pages:                              193659.
Pages stored in compressor:                   512886.
Pages occupied by compressor:                 196806.
Pageins:                                     3895810.
T 1790277196.983
Pages free:                                   273862.
Pages wired down:                             118925.
File-backed pages:                            225770.
Anonymous pages:                              193669.
Pages stored in compressor:                   512886.
Pages occupied by compressor:                 196806.
Pageins:                                     3895822.
T 1790277197.051
Pages free:                                   274754.
Pages wired down:                             117825.
File-backed pages:                            225769.
Anonymous pages:                              193741.
Pages stored in compressor:                   512884.
Pages occupied by compressor:                 196806.
Pageins:                                     3895835.
T 1790277197.122
Pages free:                                   274822.
Pages wired down:                             117826.
File-backed pages:                            225799.
Anonymous pages:                              193665.
Pages stored in compressor:                   512881.
Pages occupied by compressor:                 196806.
Pageins:                                     3895871.
T 1790277197.191
Pages free:                                   274876.
Pages wired down:                             117826.
File-backed pages:                            225768.
Anonymous pages:                              193711.
Pages stored in compressor:                   512880.
Pages occupied by compressor:                 196806.
Pageins:                                     3895890.
T 1790277197.263
Pages free:                                   274796.
Pages wired down:                             117828.
File-backed pages:                            225768.
Anonymous pages:                              193766.
Pages stored in compressor:                   512876.
Pages occupied by compressor:                 196805.
Pageins:                                     3895904.
T 1790277197.335
Pages free:                                   274894.
Pages wired down:                             117825.
File-backed pages:                            225768.
Anonymous pages:                              193747.
Pages stored in compressor:                   512876.
Pages occupied by compressor:                 196805.
Pageins:                                     3895918.
T 1790277197.405
Pages free:                                   274869.
Pages wired down:                             117817.
File-backed pages:                            225770.
Anonymous pages:                              193738.
Pages stored in compressor:                   512876.
Pages occupied by compressor:                 196805.
Pageins:                                     3895933.
T 1790277197.475
Pages free:                                   274918.
Pages wired down:                             117812.
File-backed pages:                            225769.
Anonymous pages:                              193696.
Pages stored in compressor:                   512876.
Pages occupied by compressor:                 196805.
Pageins:                                     3895947.
T 1790277197.545
Pages free:                                   274959.
Pages wired down:                             117818.
File-backed pages:                            225770.
Anonymous pages:                              193695.
Pages stored in compressor:                   512871.
Pages occupied by compressor:                 196804.
Pageins:                                     3895961.
T 1790277197.616
Pages free:                                   273769.
Pages wired down:                             118918.
File-backed pages:                            225770.
Anonymous pages:                              193682.
Pages stored in compressor:                   512869.
Pages occupied by compressor:                 196802.
Pageins:                                     3895976.
T 1790277197.684
Pages free:                                   273691.
Pages wired down:                             118943.
File-backed pages:                            225770.
Anonymous pages:                              193790.
Pages stored in compressor:                   512866.
Pages occupied by compressor:                 196801.
Pageins:                                     3895988.
T 1790277197.755
Pages free:                                   275132.
Pages wired down:                             118931.
File-backed pages:                            225771.
Anonymous pages:                              192300.
Pages stored in compressor:                   512862.
Pages occupied by compressor:                 196798.
Pageins:                                     3896002.
T 1790277197.825
Pages free:                                   276286.
Pages wired down:                             115471.
File-backed pages:                            225771.
Anonymous pages:                              194640.
Pages stored in compressor:                   512862.
Pages occupied by compressor:                 196798.
Pageins:                                     3896016.
T 1790277197.891
Pages free:                                   274805.
Pages wired down:                             115557.
File-backed pages:                            225775.
Anonymous pages:                              196109.
Pages stored in compressor:                   512859.
Pages occupied by compressor:                 196796.
Pageins:                                     3896030.
T 1790277197.958
Pages free:                                   274847.
Pages wired down:                             115558.
File-backed pages:                            225771.
Anonymous pages:                              195985.
Pages stored in compressor:                   512859.
Pages occupied by compressor:                 196796.
Pageins:                                     3896044.
T 1790277198.023
Pages free:                                   276291.
Pages wired down:                             115472.
File-backed pages:                            225772.
Anonymous pages:                              194634.
Pages stored in compressor:                   512833.
Pages occupied by compressor:                 196781.
Pageins:                                     3896059.
T 1790277198.088
Pages free:                                   276306.
Pages wired down:                             115467.
File-backed pages:                            225777.
Anonymous pages:                              194683.
Pages stored in compressor:                   512833.
Pages occupied by compressor:                 196781.
Pageins:                                     3896072.
T 1790277198.158
Pages free:                                   276114.
Pages wired down:                             115465.
File-backed pages:                            225777.
Anonymous pages:                              194828.
Pages stored in compressor:                   512752.
Pages occupied by compressor:                 196758.
Pageins:                                     3896086.
T 1790277198.225
Pages free:                                   275146.
Pages wired down:                             116566.
File-backed pages:                            225773.
Anonymous pages:                              194729.
Pages stored in compressor:                   512727.
Pages occupied by compressor:                 196742.
Pageins:                                     3896101.
T 1790277198.295
Pages free:                                   275099.
Pages wired down:                             116576.
File-backed pages:                            225774.
Anonymous pages:                              194769.
Pages stored in compressor:                   512726.
Pages occupied by compressor:                 196742.
Pageins:                                     3896116.
T 1790277198.365
Pages free:                                   276227.
Pages wired down:                             115477.
File-backed pages:                            225775.
Anonymous pages:                              194765.
Pages stored in compressor:                   512726.
Pages occupied by compressor:                 196742.
Pageins:                                     3896130.
T 1790277198.434
Pages free:                                   276182.
Pages wired down:                             115481.
File-backed pages:                            225776.
Anonymous pages:                              194780.
Pages stored in compressor:                   512716.
Pages occupied by compressor:                 196740.
Pageins:                                     3896145.
T 1790277198.504
Pages free:                                   276058.
Pages wired down:                             115476.
File-backed pages:                            225774.
Anonymous pages:                              194980.
Pages stored in compressor:                   512687.
Pages occupied by compressor:                 196733.
Pageins:                                     3896158.
T 1790277198.569
Pages free:                                   276024.
Pages wired down:                             115474.
File-backed pages:                            225778.
Anonymous pages:                              195010.
Pages stored in compressor:                   512687.
Pages occupied by compressor:                 196733.
Pageins:                                     3896172.
T 1790277198.639
Pages free:                                   276183.
Pages wired down:                             115469.
File-backed pages:                            225774.
Anonymous pages:                              194924.
Pages stored in compressor:                   512683.
Pages occupied by compressor:                 196732.
Pageins:                                     3896186.
T 1790277198.706
Pages free:                                   276035.
Pages wired down:                             115457.
File-backed pages:                            225774.
Anonymous pages:                              194971.
Pages stored in compressor:                   512683.
Pages occupied by compressor:                 196732.
Pageins:                                     3896200.
T 1790277198.777
Pages free:                                   276127.
Pages wired down:                             115469.
File-backed pages:                            225774.
Anonymous pages:                              194928.
Pages stored in compressor:                   512683.
Pages occupied by compressor:                 196732.
Pageins:                                     3896214.
T 1790277198.847
Pages free:                                   276144.
Pages wired down:                             115466.
File-backed pages:                            225774.
Anonymous pages:                              194911.
Pages stored in compressor:                   512683.
Pages occupied by compressor:                 196732.
Pageins:                                     3896230.
T 1790277198.917
Pages free:                                   276030.
Pages wired down:                             115474.
File-backed pages:                            225774.
Anonymous pages:                              194945.
Pages stored in compressor:                   512683.
Pages occupied by compressor:                 196732.
Pageins:                                     3896242.
T 1790277198.989
Pages free:                                   275892.
Pages wired down:                             115478.
File-backed pages:                            225776.
Anonymous pages:                              195006.
Pages stored in compressor:                   512683.
Pages occupied by compressor:                 196732.
Pageins:                                     3896258.
T 1790277199.062
Pages free:                                   275941.
Pages wired down:                             115476.
File-backed pages:                            225775.
Anonymous pages:                              194985.
Pages stored in compressor:                   512558.
Pages occupied by compressor:                 196721.
Pageins:                                     3896271.
T 1790277199.132
Pages free:                                   275981.
Pages wired down:                             115477.
File-backed pages:                            225775.
Anonymous pages:                              194985.
Pages stored in compressor:                   512556.
Pages occupied by compressor:                 196720.
Pageins:                                     3896285.
T 1790277199.201
Pages free:                                   276064.
Pages wired down:                             115468.
File-backed pages:                            225774.
Anonymous pages:                              194979.
Pages stored in compressor:                   512551.
Pages occupied by compressor:                 196718.
Pageins:                                     3896298.
T 1790277199.267
Pages free:                                   275907.
Pages wired down:                             115460.
File-backed pages:                            225778.
Anonymous pages:                              195031.
Pages stored in compressor:                   512551.
Pages occupied by compressor:                 196718.
Pageins:                                     3896312.
T 1790277199.334
Pages free:                                   275910.
Pages wired down:                             115480.
File-backed pages:                            225774.
Anonymous pages:                              195026.
Pages stored in compressor:                   512543.
Pages occupied by compressor:                 196716.
Pageins:                                     3896326.
T 1790277199.403
Pages free:                                   275937.
Pages wired down:                             115478.
File-backed pages:                            225775.
Anonymous pages:                              195002.
Pages stored in compressor:                   512543.
Pages occupied by compressor:                 196716.
Pageins:                                     3896341.
T 1790277199.474
Pages free:                                   276020.
Pages wired down:                             115474.
File-backed pages:                            225775.
Anonymous pages:                              194950.
Pages stored in compressor:                   512543.
Pages occupied by compressor:                 196716.
Pageins:                                     3896355.
T 1790277199.544
Pages free:                                   276101.
Pages wired down:                             115461.
File-backed pages:                            225774.
Anonymous pages:                              194941.
Pages stored in compressor:                   512543.
Pages occupied by compressor:                 196716.
Pageins:                                     3896370.
T 1790277199.611
Pages free:                                   276111.
Pages wired down:                             115463.
File-backed pages:                            225774.
Anonymous pages:                              194899.
Pages stored in compressor:                   512543.
Pages occupied by compressor:                 196716.
Pageins:                                     3896384.
T 1790277199.679
Pages free:                                   276061.
Pages wired down:                             115475.
File-backed pages:                            225775.
Anonymous pages:                              194961.
Pages stored in compressor:                   512542.
Pages occupied by compressor:                 196715.
Pageins:                                     3896396.
T 1790277199.750
Pages free:                                   276036.
Pages wired down:                             115476.
File-backed pages:                            225776.
Anonymous pages:                              194975.
Pages stored in compressor:                   512535.
Pages occupied by compressor:                 196713.
Pageins:                                     3896411.
T 1790277199.819
Pages free:                                   276170.
Pages wired down:                             115463.
File-backed pages:                            225775.
Anonymous pages:                              194902.
Pages stored in compressor:                   512535.
Pages occupied by compressor:                 196713.
Pageins:                                     3896426.
T 1790277199.886
Pages free:                                   275729.
Pages wired down:                             115467.
File-backed pages:                            225800.
Anonymous pages:                              195281.
Pages stored in compressor:                   512218.
Pages occupied by compressor:                 196610.
Pageins:                                     3896459.
T 1790277199.953
Pages free:                                   275739.
Pages wired down:                             115480.
File-backed pages:                            225801.
Anonymous pages:                              195366.
Pages stored in compressor:                   512216.
Pages occupied by compressor:                 196610.
Pageins:                                     3896472.
T 1790277200.022
Pages free:                                   274328.
Pages wired down:                             115563.
File-backed pages:                            225800.
Anonymous pages:                              196735.
Pages stored in compressor:                   512210.
Pages occupied by compressor:                 196607.
Pageins:                                     3896486.
T 1790277200.091
Pages free:                                   274351.
Pages wired down:                             115557.
File-backed pages:                            225799.
Anonymous pages:                              196677.
Pages stored in compressor:                   512210.
Pages occupied by compressor:                 196607.
Pageins:                                     3896499.
T 1790277200.159
Pages free:                                   275753.
Pages wired down:                             115480.
File-backed pages:                            225800.
Anonymous pages:                              195354.
Pages stored in compressor:                   512207.
Pages occupied by compressor:                 196605.
Pageins:                                     3896514.
T 1790277200.229
Pages free:                                   275809.
Pages wired down:                             115470.
File-backed pages:                            225799.
Anonymous pages:                              195307.
Pages stored in compressor:                   512207.
Pages occupied by compressor:                 196605.
Pageins:                                     3896528.
T 1790277200.298
Pages free:                                   275730.
Pages wired down:                             115482.
File-backed pages:                            225799.
Anonymous pages:                              195377.
Pages stored in compressor:                   512207.
Pages occupied by compressor:                 196605.
Pageins:                                     3896541.
T 1790277200.367
Pages free:                                   275772.
Pages wired down:                             115478.
File-backed pages:                            225799.
Anonymous pages:                              195323.
Pages stored in compressor:                   512207.
Pages occupied by compressor:                 196605.
Pageins:                                     3896555.
T 1790277200.439
Pages free:                                   275829.
Pages wired down:                             115481.
File-backed pages:                            225801.
Anonymous pages:                              195360.
Pages stored in compressor:                   512205.
Pages occupied by compressor:                 196604.
Pageins:                                     3896572.
T 1790277200.509
Pages free:                                   275770.
Pages wired down:                             115479.
File-backed pages:                            225800.
Anonymous pages:                              195350.
Pages stored in compressor:                   512189.
Pages occupied by compressor:                 196603.
Pageins:                                     3896584.
T 1790277200.577
Pages free:                                   274922.
Pages wired down:                             116574.
File-backed pages:                            225799.
Anonymous pages:                              194976.
Pages stored in compressor:                   512187.
Pages occupied by compressor:                 196602.
Pageins:                                     3896597.
T 1790277200.647
Pages free:                                   274945.
Pages wired down:                             116571.
File-backed pages:                            225799.
Anonymous pages:                              195005.
Pages stored in compressor:                   512186.
Pages occupied by compressor:                 196600.
Pageins:                                     3896613.
T 1790277200.716
Pages free:                                   275193.
Pages wired down:                             116571.
File-backed pages:                            225800.
Anonymous pages:                              194735.
Pages stored in compressor:                   512185.
Pages occupied by compressor:                 196600.
Pageins:                                     3896628.
T 1790277200.785
Pages free:                                   275305.
Pages wired down:                             116582.
File-backed pages:                            225799.
Anonymous pages:                              194813.
Pages stored in compressor:                   512104.
Pages occupied by compressor:                 196567.
Pageins:                                     3896641.
T 1790277200.855
Pages free:                                   276367.
Pages wired down:                             115479.
File-backed pages:                            225800.
Anonymous pages:                              194794.
Pages stored in compressor:                   512101.
Pages occupied by compressor:                 196566.
Pageins:                                     3896656.
T 1790277200.924
Pages free:                                   276289.
Pages wired down:                             115471.
File-backed pages:                            225801.
Anonymous pages:                              194833.
Pages stored in compressor:                   512077.
Pages occupied by compressor:                 196556.
Pageins:                                     3896670.
T 1790277200.993
Pages free:                                   276363.
Pages wired down:                             115474.
File-backed pages:                            225800.
Anonymous pages:                              194794.
Pages stored in compressor:                   512077.
Pages occupied by compressor:                 196556.
Pageins:                                     3896683.
T 1790277201.062
Pages free:                                   276378.
Pages wired down:                             115457.
File-backed pages:                            225801.
Anonymous pages:                              194802.
Pages stored in compressor:                   512076.
Pages occupied by compressor:                 196556.
Pageins:                                     3896700.
T 1790277201.132
Pages free:                                   276303.
Pages wired down:                             115457.
File-backed pages:                            225801.
Anonymous pages:                              194868.
Pages stored in compressor:                   512011.
Pages occupied by compressor:                 196538.
Pageins:                                     3896713.
T 1790277201.201
Pages free:                                   276365.
Pages wired down:                             115457.
File-backed pages:                            225803.
Anonymous pages:                              194917.
Pages stored in compressor:                   512001.
Pages occupied by compressor:                 196534.
Pageins:                                     3896728.
T 1790277201.271
Pages free:                                   276138.
Pages wired down:                             115470.
File-backed pages:                            225802.
Anonymous pages:                              194942.
Pages stored in compressor:                   511986.
Pages occupied by compressor:                 196528.
Pageins:                                     3896740.
T 1790277201.338
Pages free:                                   276262.
Pages wired down:                             115472.
File-backed pages:                            225802.
Anonymous pages:                              194970.
Pages stored in compressor:                   511985.
Pages occupied by compressor:                 196528.
Pageins:                                     3896754.
T 1790277201.409
Pages free:                                   276252.
Pages wired down:                             115473.
File-backed pages:                            225803.
Anonymous pages:                              194929.
Pages stored in compressor:                   511979.
Pages occupied by compressor:                 196525.
Pageins:                                     3896769.
T 1790277201.479
Pages free:                                   275173.
Pages wired down:                             116564.
File-backed pages:                            225803.
Anonymous pages:                              194863.
Pages stored in compressor:                   511978.
Pages occupied by compressor:                 196525.
Pageins:                                     3896785.
T 1790277201.549
Pages free:                                   275229.
Pages wired down:                             116565.
File-backed pages:                            225802.
Anonymous pages:                              194876.
Pages stored in compressor:                   511977.
Pages occupied by compressor:                 196525.
Pageins:                                     3896798.
T 1790277201.620
Pages free:                                   275179.
Pages wired down:                             112192.
File-backed pages:                            225802.
Anonymous pages:                              199261.
Pages stored in compressor:                   511977.
Pages occupied by compressor:                 196525.
Pageins:                                     3896812.
T 1790277201.692
Pages free:                                   275194.
Pages wired down:                             112182.
File-backed pages:                            225802.
Anonymous pages:                              199196.
Pages stored in compressor:                   511976.
Pages occupied by compressor:                 196525.
Pageins:                                     3896826.
T 1790277201.760
Pages free:                                   275080.
Pages wired down:                             112200.
File-backed pages:                            225802.
Anonymous pages:                              199263.
Pages stored in compressor:                   511976.
Pages occupied by compressor:                 196525.
Pageins:                                     3896838.
T 1790277201.833
Pages free:                                   276291.
Pages wired down:                             111091.
File-backed pages:                            225803.
Anonymous pages:                              199275.
Pages stored in compressor:                   511976.
Pages occupied by compressor:                 196525.
Pageins:                                     3896853.
T 1790277201.902
Pages free:                                   276270.
Pages wired down:                             115471.
File-backed pages:                            225803.
Anonymous pages:                              194919.
Pages stored in compressor:                   511973.
Pages occupied by compressor:                 196523.
Pageins:                                     3896867.
T 1790277201.972
Pages free:                                   276305.
Pages wired down:                             115470.
File-backed pages:                            225803.
Anonymous pages:                              194932.
Pages stored in compressor:                   511973.
Pages occupied by compressor:                 196523.
Pageins:                                     3896881.
T 1790277202.044
Pages free:                                   276286.
Pages wired down:                             115469.
File-backed pages:                            225803.
Anonymous pages:                              194944.
Pages stored in compressor:                   511973.
Pages occupied by compressor:                 196523.
Pageins:                                     3896895.
T 1790277202.116
Pages free:                                   275467.
Pages wired down:                             115513.
File-backed pages:                            225802.
Anonymous pages:                              195676.
Pages stored in compressor:                   511972.
Pages occupied by compressor:                 196523.
Pageins:                                     3896910.
T 1790277202.187
Pages free:                                   274876.
Pages wired down:                             115542.
File-backed pages:                            225802.
Anonymous pages:                              196214.
Pages stored in compressor:                   511970.
Pages occupied by compressor:                 196523.
Pageins:                                     3896924.
T 1790277202.257
Pages free:                                   276265.
Pages wired down:                             115462.
File-backed pages:                            225803.
Anonymous pages:                              194937.
Pages stored in compressor:                   511969.
Pages occupied by compressor:                 196523.
Pageins:                                     3896939.
T 1790277202.322
Pages free:                                   276305.
Pages wired down:                             115463.
File-backed pages:                            225802.
Anonymous pages:                              194942.
Pages stored in compressor:                   511969.
Pages occupied by compressor:                 196523.
Pageins:                                     3896951.
T 1790277202.393
Pages free:                                   276255.
Pages wired down:                             115472.
File-backed pages:                            225802.
Anonymous pages:                              194982.
Pages stored in compressor:                   511969.
Pages occupied by compressor:                 196523.
Pageins:                                     3896964.
T 1790277202.465
Pages free:                                   276201.
Pages wired down:                             115468.
File-backed pages:                            225802.
Anonymous pages:                              194928.
Pages stored in compressor:                   511969.
Pages occupied by compressor:                 196523.
Pageins:                                     3896978.
T 1790277202.534
Pages free:                                   276282.
Pages wired down:                             115463.
File-backed pages:                            225802.
Anonymous pages:                              194980.
Pages stored in compressor:                   511844.
Pages occupied by compressor:                 196457.
Pageins:                                     3896992.
T 1790277202.601
Pages free:                                   276239.
Pages wired down:                             115465.
File-backed pages:                            225806.
Anonymous pages:                              195080.
Pages stored in compressor:                   511844.
Pages occupied by compressor:                 196457.
Pageins:                                     3897006.
T 1790277202.672
Pages free:                                   276234.
Pages wired down:                             115467.
File-backed pages:                            225802.
Anonymous pages:                              194985.
Pages stored in compressor:                   511844.
Pages occupied by compressor:                 196457.
Pageins:                                     3897020.
T 1790277202.742
Pages free:                                   276204.
Pages wired down:                             115471.
File-backed pages:                            225802.
Anonymous pages:                              195047.
Pages stored in compressor:                   511842.
Pages occupied by compressor:                 196457.
Pageins:                                     3897034.
T 1790277202.825
Pages free:                                   275588.
Pages wired down:                             117257.
File-backed pages:                            225802.
Anonymous pages:                              194037.
Pages stored in compressor:                   511645.
Pages occupied by compressor:                 196348.
Pageins:                                     3897048.
T 1790277202.893
Pages free:                                   275449.
Pages wired down:                             117254.
File-backed pages:                            225803.
Anonymous pages:                              194436.
Pages stored in compressor:                   511220.
Pages occupied by compressor:                 196034.
Pageins:                                     3897064.
T 1790277202.965
Pages free:                                   273017.
Pages wired down:                             119854.
File-backed pages:                            225803.
Anonymous pages:                              194320.
Pages stored in compressor:                   511068.
Pages occupied by compressor:                 195978.
Pageins:                                     3897077.
T 1790277203.034
Pages free:                                   273037.
Pages wired down:                             119857.
File-backed pages:                            225803.
Anonymous pages:                              194355.
Pages stored in compressor:                   511068.
Pages occupied by compressor:                 195978.
Pageins:                                     3897091.
T 1790277203.100
Pages free:                                   273006.
Pages wired down:                             119856.
File-backed pages:                            225802.
Anonymous pages:                              194335.
Pages stored in compressor:                   511068.
Pages occupied by compressor:                 195978.
Pageins:                                     3897104.
T 1790277203.169
Pages free:                                   272977.
Pages wired down:                             119855.
File-backed pages:                            225801.
Anonymous pages:                              194317.
Pages stored in compressor:                   511067.
Pages occupied by compressor:                 195977.
Pageins:                                     3897118.
T 1790277203.236
Pages free:                                   272913.
Pages wired down:                             119852.
File-backed pages:                            225805.
Anonymous pages:                              194422.
Pages stored in compressor:                   511067.
Pages occupied by compressor:                 195977.
Pageins:                                     3897132.
T 1790277203.307
Pages free:                                   273015.
Pages wired down:                             119856.
File-backed pages:                            225801.
Anonymous pages:                              194344.
Pages stored in compressor:                   511056.
Pages occupied by compressor:                 195968.
Pageins:                                     3897146.
T 1790277203.377
Pages free:                                   273072.
Pages wired down:                             119845.
File-backed pages:                            225801.
Anonymous pages:                              194314.
Pages stored in compressor:                   511034.
Pages occupied by compressor:                 195956.
Pageins:                                     3897162.
T 1790277203.446
Pages free:                                   273069.
Pages wired down:                             119769.
File-backed pages:                            225802.
Anonymous pages:                              194427.
Pages stored in compressor:                   511013.
Pages occupied by compressor:                 195940.
Pageins:                                     3897175.
T 1790277203.516
Pages free:                                   273100.
Pages wired down:                             119770.
File-backed pages:                            225802.
Anonymous pages:                              194467.
Pages stored in compressor:                   510990.
Pages occupied by compressor:                 195922.
Pageins:                                     3897190.
T 1790277203.585
Pages free:                                   273068.
Pages wired down:                             119765.
File-backed pages:                            225802.
Anonymous pages:                              194460.
Pages stored in compressor:                   510961.
Pages occupied by compressor:                 195902.
Pageins:                                     3897204.
T 1790277203.653
Pages free:                                   271935.
Pages wired down:                             120869.
File-backed pages:                            225802.
Anonymous pages:                              194472.
Pages stored in compressor:                   510941.
Pages occupied by compressor:                 195888.
Pageins:                                     3897218.
T 1790277203.720
Pages free:                                   272871.
Pages wired down:                             119766.
File-backed pages:                            225805.
Anonymous pages:                              194598.
Pages stored in compressor:                   510917.
Pages occupied by compressor:                 195872.
Pageins:                                     3897232.
T 1790277203.789
Pages free:                                   273077.
Pages wired down:                             119764.
File-backed pages:                            225802.
Anonymous pages:                              194507.
Pages stored in compressor:                   510886.
Pages occupied by compressor:                 195847.
Pageins:                                     3897247.
T 1790277203.858
Pages free:                                   273109.
Pages wired down:                             119760.
File-backed pages:                            225802.
Anonymous pages:                              194499.
Pages stored in compressor:                   510885.
Pages occupied by compressor:                 195846.
Pageins:                                     3897260.
T 1790277203.928
Pages free:                                   273054.
Pages wired down:                             119753.
File-backed pages:                            225802.
Anonymous pages:                              194486.
Pages stored in compressor:                   510881.
Pages occupied by compressor:                 195844.
Pageins:                                     3897276.
T 1790277203.996
Pages free:                                   273044.
Pages wired down:                             119761.
File-backed pages:                            225803.
Anonymous pages:                              194638.
Pages stored in compressor:                   510749.
Pages occupied by compressor:                 195796.
Pageins:                                     3897288.
T 1790277204.067
Pages free:                                   272976.
Pages wired down:                             119763.
File-backed pages:                            225804.
Anonymous pages:                              194738.
Pages stored in compressor:                   510681.
Pages occupied by compressor:                 195773.
Pageins:                                     3897303.
T 1790277204.136
Pages free:                                   272975.
Pages wired down:                             116988.
File-backed pages:                            225804.
Anonymous pages:                              197458.
Pages stored in compressor:                   510679.
Pages occupied by compressor:                 195770.
Pageins:                                     3897318.
T 1790277204.201
Pages free:                                   273108.
Pages wired down:                             116915.
File-backed pages:                            225804.
Anonymous pages:                              197493.
Pages stored in compressor:                   510626.
Pages occupied by compressor:                 195762.
Pageins:                                     3897333.
T 1790277204.268
Pages free:                                   271539.
Pages wired down:                             117019.
File-backed pages:                            225804.
Anonymous pages:                              198909.
Pages stored in compressor:                   510622.
Pages occupied by compressor:                 195759.
Pageins:                                     3897347.
T 1790277204.333
Pages free:                                   271304.
Pages wired down:                             117031.
File-backed pages:                            225804.
Anonymous pages:                              198997.
Pages stored in compressor:                   510620.
Pages occupied by compressor:                 195757.
Pageins:                                     3897359.
T 1790277204.400
Pages free:                                   272853.
Pages wired down:                             116936.
File-backed pages:                            225805.
Anonymous pages:                              197609.
Pages stored in compressor:                   510616.
Pages occupied by compressor:                 195754.
Pageins:                                     3897374.
T 1790277204.470
Pages free:                                   273017.
Pages wired down:                             116916.
File-backed pages:                            225804.
Anonymous pages:                              197499.
Pages stored in compressor:                   510614.
Pages occupied by compressor:                 195752.
Pageins:                                     3897389.
T 1790277204.535
Pages free:                                   272815.
Pages wired down:                             116920.
File-backed pages:                            225808.
Anonymous pages:                              197661.
Pages stored in compressor:                   510611.
Pages occupied by compressor:                 195750.
Pageins:                                     3897401.
T 1790277204.603
Pages free:                                   271752.
Pages wired down:                             118033.
File-backed pages:                            225808.
Anonymous pages:                              197653.
Pages stored in compressor:                   510607.
Pages occupied by compressor:                 195748.
Pageins:                                     3897415.
T 1790277204.673
Pages free:                                   271711.
Pages wired down:                             118039.
File-backed pages:                            225804.
Anonymous pages:                              197623.
Pages stored in compressor:                   510600.
Pages occupied by compressor:                 195743.
Pageins:                                     3897429.
T 1790277204.742
Pages free:                                   271786.
Pages wired down:                             118037.
File-backed pages:                            225804.
Anonymous pages:                              197596.
Pages stored in compressor:                   510597.
Pages occupied by compressor:                 195742.
Pageins:                                     3897443.
T 1790277204.812
Pages free:                                   271909.
Pages wired down:                             118026.
File-backed pages:                            225804.
Anonymous pages:                              197564.
Pages stored in compressor:                   510594.
Pages occupied by compressor:                 195739.
Pageins:                                     3897459.
T 1790277204.881
Pages free:                                   272920.
Pages wired down:                             115317.
File-backed pages:                            225805.
Anonymous pages:                              199208.
Pages stored in compressor:                   510580.
Pages occupied by compressor:                 195727.
Pageins:                                     3897473.
T 1790277204.951
Pages free:                                   272969.
Pages wired down:                             115328.
File-backed pages:                            225805.
Anonymous pages:                              199250.
Pages stored in compressor:                   510577.
Pages occupied by compressor:                 195725.
Pageins:                                     3897486.
T 1790277205.019
Pages free:                                   272966.
Pages wired down:                             115327.
File-backed pages:                            225804.
Anonymous pages:                              199207.
Pages stored in compressor:                   510575.
Pages occupied by compressor:                 195724.
Pageins:                                     3897499.
T 1790277205.090
Pages free:                                   272862.
Pages wired down:                             115330.
File-backed pages:                            225804.
Anonymous pages:                              199241.
Pages stored in compressor:                   510573.
Pages occupied by compressor:                 195723.
Pageins:                                     3897514.
T 1790277205.159
Pages free:                                   273041.
Pages wired down:                             115318.
File-backed pages:                            225804.
Anonymous pages:                              199155.
Pages stored in compressor:                   510570.
Pages occupied by compressor:                 195720.
Pageins:                                     3897527.
T 1790277205.226
Pages free:                                   272872.
Pages wired down:                             115324.
File-backed pages:                            225808.
Anonymous pages:                              199285.
Pages stored in compressor:                   510568.
Pages occupied by compressor:                 195718.
Pageins:                                     3897541.
T 1790277205.293
Pages free:                                   272892.
Pages wired down:                             115324.
File-backed pages:                            225807.
Anonymous pages:                              199237.
Pages stored in compressor:                   510565.
Pages occupied by compressor:                 195716.
Pageins:                                     3897554.
T 1790277205.358
Pages free:                                   272993.
Pages wired down:                             115316.
File-backed pages:                            225804.
Anonymous pages:                              199187.
Pages stored in compressor:                   510552.
Pages occupied by compressor:                 195713.
Pageins:                                     3897565.
T 1790277205.428
Pages free:                                   272915.
Pages wired down:                             115317.
File-backed pages:                            225804.
Anonymous pages:                              199200.
Pages stored in compressor:                   510550.
Pages occupied by compressor:                 195712.
Pageins:                                     3897579.
T 1790277205.496
Pages free:                                   272926.
Pages wired down:                             115333.
File-backed pages:                            225808.
Anonymous pages:                              199259.
Pages stored in compressor:                   510547.
Pages occupied by compressor:                 195709.
Pageins:                                     3897597.
T 1790277205.566
Pages free:                                   271729.
Pages wired down:                             116438.
File-backed pages:                            225809.
Anonymous pages:                              199333.
Pages stored in compressor:                   510543.
Pages occupied by compressor:                 195705.
Pageins:                                     3897612.
T 1790277205.636
Pages free:                                   271785.
Pages wired down:                             116439.
File-backed pages:                            225805.
Anonymous pages:                              199277.
Pages stored in compressor:                   510540.
Pages occupied by compressor:                 195703.
Pageins:                                     3897626.
T 1790277205.705
Pages free:                                   271772.
Pages wired down:                             116445.
File-backed pages:                            225806.
Anonymous pages:                              199277.
Pages stored in compressor:                   510540.
Pages occupied by compressor:                 195703.
Pageins:                                     3897641.
T 1790277205.775
Pages free:                                   271684.
Pages wired down:                             116432.
File-backed pages:                            225805.
Anonymous pages:                              199248.
Pages stored in compressor:                   510538.
Pages occupied by compressor:                 195701.
Pageins:                                     3897655.
T 1790277205.843
Pages free:                                   272732.
Pages wired down:                             115338.
File-backed pages:                            225806.
Anonymous pages:                              199288.
Pages stored in compressor:                   510528.
Pages occupied by compressor:                 195694.
Pageins:                                     3897671.
T 1790277205.911
Pages free:                                   272925.
Pages wired down:                             115330.
File-backed pages:                            225805.
Anonymous pages:                              199199.
Pages stored in compressor:                   510526.
Pages occupied by compressor:                 195692.
Pageins:                                     3897685.
T 1790277205.980
Pages free:                                   272833.
Pages wired down:                             115333.
File-backed pages:                            225805.
Anonymous pages:                              199254.
Pages stored in compressor:                   510502.
Pages occupied by compressor:                 195673.
Pageins:                                     3897699.
T 1790277206.045
Pages free:                                   272804.
Pages wired down:                             115343.
File-backed pages:                            225803.
Anonymous pages:                              199304.
Pages stored in compressor:                   510502.
Pages occupied by compressor:                 195673.
Pageins:                                     3897710.
T 1790277206.116
Pages free:                                   272881.
Pages wired down:                             115335.
File-backed pages:                            225804.
Anonymous pages:                              199296.
Pages stored in compressor:                   510498.
Pages occupied by compressor:                 195670.
Pageins:                                     3897726.
T 1790277206.186
Pages free:                                   272943.
Pages wired down:                             115341.
File-backed pages:                            225803.
Anonymous pages:                              199283.
Pages stored in compressor:                   510495.
Pages occupied by compressor:                 195669.
Pageins:                                     3897738.
T 1790277206.256
Pages free:                                   272845.
Pages wired down:                             115340.
File-backed pages:                            225803.
Anonymous pages:                              199284.
Pages stored in compressor:                   510493.
Pages occupied by compressor:                 195667.
Pageins:                                     3897752.
T 1790277206.326
Pages free:                                   272926.
Pages wired down:                             115335.
File-backed pages:                            225803.
Anonymous pages:                              199228.
Pages stored in compressor:                   510488.
Pages occupied by compressor:                 195664.
Pageins:                                     3897766.
T 1790277206.395
Pages free:                                   271528.
Pages wired down:                             115413.
File-backed pages:                            225803.
Anonymous pages:                              200657.
Pages stored in compressor:                   510427.
Pages occupied by compressor:                 195636.
Pageins:                                     3897782.
T 1790277206.464
Pages free:                                   271418.
Pages wired down:                             115402.
File-backed pages:                            225804.
Anonymous pages:                              200737.
Pages stored in compressor:                   510425.
Pages occupied by compressor:                 195634.
Pageins:                                     3897796.
T 1790277206.534
Pages free:                                   272934.
Pages wired down:                             115340.
File-backed pages:                            225803.
Anonymous pages:                              199344.
Pages stored in compressor:                   510423.
Pages occupied by compressor:                 195633.
Pageins:                                     3897808.
T 1790277206.601
Pages free:                                   273057.
Pages wired down:                             115312.
File-backed pages:                            225803.
Anonymous pages:                              199181.
Pages stored in compressor:                   510420.
Pages occupied by compressor:                 195632.
Pageins:                                     3897822.
T 1790277206.671
Pages free:                                   273007.
Pages wired down:                             115328.
File-backed pages:                            225803.
Anonymous pages:                              199212.
Pages stored in compressor:                   510418.
Pages occupied by compressor:                 195630.
Pageins:                                     3897836.
T 1790277206.742
Pages free:                                   273044.
Pages wired down:                             115316.
File-backed pages:                            225811.
Anonymous pages:                              199191.
Pages stored in compressor:                   510409.
Pages occupied by compressor:                 195623.
Pageins:                                     3897853.
T 1790277206.812
Pages free:                                   272975.
Pages wired down:                             115324.
File-backed pages:                            225812.
Anonymous pages:                              199236.
Pages stored in compressor:                   510407.
Pages occupied by compressor:                 195622.
Pageins:                                     3897868.
T 1790277206.880
Pages free:                                   272858.
Pages wired down:                             115329.
File-backed pages:                            225811.
Anonymous pages:                              199254.
Pages stored in compressor:                   510404.
Pages occupied by compressor:                 195619.
Pageins:                                     3897879.
T 1790277206.951
Pages free:                                   272894.
Pages wired down:                             115334.
File-backed pages:                            225813.
Anonymous pages:                              199302.
Pages stored in compressor:                   510402.
Pages occupied by compressor:                 195618.
Pageins:                                     3897894.
T 1790277207.020
Pages free:                                   272978.
Pages wired down:                             115321.
File-backed pages:                            225815.
Anonymous pages:                              199266.
Pages stored in compressor:                   510381.
Pages occupied by compressor:                 195602.
Pageins:                                     3897909.
T 1790277207.089
Pages free:                                   272810.
Pages wired down:                             115328.
File-backed pages:                            225817.
Anonymous pages:                              199363.
Pages stored in compressor:                   510377.
Pages occupied by compressor:                 195600.
Pageins:                                     3897923.
T 1790277207.158
Pages free:                                   272774.
Pages wired down:                             115332.
File-backed pages:                            225816.
Anonymous pages:                              199365.
Pages stored in compressor:                   510375.
Pages occupied by compressor:                 195598.
Pageins:                                     3897936.
T 1790277207.225
Pages free:                                   272770.
Pages wired down:                             115339.
File-backed pages:                            225815.
Anonymous pages:                              199410.
Pages stored in compressor:                   510367.
Pages occupied by compressor:                 195598.
Pageins:                                     3897951.
T 1790277207.292
Pages free:                                   272696.
Pages wired down:                             115332.
File-backed pages:                            225819.
Anonymous pages:                              199460.
Pages stored in compressor:                   510364.
Pages occupied by compressor:                 195595.
Pageins:                                     3897964.
T 1790277207.363
Pages free:                                   272780.
Pages wired down:                             115336.
File-backed pages:                            225816.
Anonymous pages:                              199438.
Pages stored in compressor:                   510359.
Pages occupied by compressor:                 195591.
Pageins:                                     3897979.
T 1790277207.434
Pages free:                                   272804.
Pages wired down:                             115339.
File-backed pages:                            225816.
Anonymous pages:                              199445.
Pages stored in compressor:                   510355.
Pages occupied by compressor:                 195589.
Pageins:                                     3897993.
T 1790277207.500
Pages free:                                   272763.
Pages wired down:                             115338.
File-backed pages:                            225815.
Anonymous pages:                              199448.
Pages stored in compressor:                   510347.
Pages occupied by compressor:                 195584.
Pageins:                                     3898006.
T 1790277207.571
Pages free:                                   273141.
Pages wired down:                             115337.
File-backed pages:                            225816.
Anonymous pages:                              199060.
Pages stored in compressor:                   510345.
Pages occupied by compressor:                 195581.
Pageins:                                     3898021.
T 1790277207.642
Pages free:                                   273282.
Pages wired down:                             115338.
File-backed pages:                            225815.
Anonymous pages:                              199065.
Pages stored in compressor:                   510342.
Pages occupied by compressor:                 195579.
Pageins:                                     3898034.
T 1790277207.709
Pages free:                                   273259.
Pages wired down:                             115337.
File-backed pages:                            225815.
Anonymous pages:                              199066.
Pages stored in compressor:                   510340.
Pages occupied by compressor:                 195577.
Pageins:                                     3898048.
T 1790277207.776
Pages free:                                   273283.
Pages wired down:                             115337.
File-backed pages:                            225815.
Anonymous pages:                              199063.
Pages stored in compressor:                   510338.
Pages occupied by compressor:                 195575.
Pageins:                                     3898062.
T 1790277207.843
Pages free:                                   273043.
Pages wired down:                             115335.
File-backed pages:                            225819.
Anonymous pages:                              199181.
Pages stored in compressor:                   510336.
Pages occupied by compressor:                 195574.
Pageins:                                     3898076.
T 1790277207.914
Pages free:                                   273042.
Pages wired down:                             115338.
File-backed pages:                            225815.
Anonymous pages:                              199149.
Pages stored in compressor:                   510333.
Pages occupied by compressor:                 195573.
Pageins:                                     3898090.
T 1790277207.984
Pages free:                                   274034.
Pages wired down:                             115321.
File-backed pages:                            225815.
Anonymous pages:                              198271.
Pages stored in compressor:                   510078.
Pages occupied by compressor:                 195557.
Pageins:                                     3898104.
T 1790277208.067
Pages free:                                   273986.
Pages wired down:                             115330.
File-backed pages:                            225816.
Anonymous pages:                              198339.
Pages stored in compressor:                   510048.
Pages occupied by compressor:                 195536.
Pageins:                                     3898118.
T 1790277208.143
Pages free:                                   273846.
Pages wired down:                             115340.
File-backed pages:                            225816.
Anonymous pages:                              198424.
Pages stored in compressor:                   510048.
Pages occupied by compressor:                 195536.
Pageins:                                     3898133.
T 1790277208.214
Pages free:                                   275421.
Pages wired down:                             115341.
File-backed pages:                            225817.
Anonymous pages:                              196957.
Pages stored in compressor:                   510048.
Pages occupied by compressor:                 195536.
Pageins:                                     3898147.
T 1790277208.280
Pages free:                                   275289.
Pages wired down:                             115335.
File-backed pages:                            225821.
Anonymous pages:                              197043.
Pages stored in compressor:                   510048.
Pages occupied by compressor:                 195536.
Pageins:                                     3898161.
T 1790277208.351
Pages free:                                   275424.
Pages wired down:                             115338.
File-backed pages:                            225816.
Anonymous pages:                              196940.
Pages stored in compressor:                   510043.
Pages occupied by compressor:                 195535.
Pageins:                                     3898174.
T 1790277208.421
Pages free:                                   275350.
Pages wired down:                             115337.
File-backed pages:                            225817.
Anonymous pages:                              196982.
Pages stored in compressor:                   510043.
Pages occupied by compressor:                 195535.
Pageins:                                     3898189.
T 1790277208.486
Pages free:                                   273665.
Pages wired down:                             115429.
File-backed pages:                            225817.
Anonymous pages:                              198451.
Pages stored in compressor:                   510035.
Pages occupied by compressor:                 195533.
Pageins:                                     3898203.
T 1790277208.556
Pages free:                                   273785.
Pages wired down:                             115415.
File-backed pages:                            225816.
Anonymous pages:                              198353.
Pages stored in compressor:                   510033.
Pages occupied by compressor:                 195533.
Pageins:                                     3898217.
T 1790277208.624
Pages free:                                   275242.
Pages wired down:                             115324.
File-backed pages:                            225816.
Anonymous pages:                              196926.
Pages stored in compressor:                   510033.
Pages occupied by compressor:                 195533.
Pageins:                                     3898233.
T 1790277208.692
Pages free:                                   275262.
Pages wired down:                             115341.
File-backed pages:                            225816.
Anonymous pages:                              197038.
Pages stored in compressor:                   510033.
Pages occupied by compressor:                 195533.
Pageins:                                     3898245.
T 1790277208.758
Pages free:                                   275148.
Pages wired down:                             115333.
File-backed pages:                            225820.
Anonymous pages:                              197086.
Pages stored in compressor:                   510003.
Pages occupied by compressor:                 195528.
Pageins:                                     3898259.
T 1790277208.825
Pages free:                                   275165.
Pages wired down:                             115333.
File-backed pages:                            225826.
Anonymous pages:                              197058.
Pages stored in compressor:                   509999.
Pages occupied by compressor:                 195525.
Pageins:                                     3898279.
T 1790277208.891
Pages free:                                   275248.
Pages wired down:                             115328.
File-backed pages:                            225823.
Anonymous pages:                              197017.
Pages stored in compressor:                   509999.
Pages occupied by compressor:                 195525.
Pageins:                                     3898290.
T 1790277208.958
Pages free:                                   275319.
Pages wired down:                             115332.
File-backed pages:                            225822.
Anonymous pages:                              197054.
Pages stored in compressor:                   509999.
Pages occupied by compressor:                 195525.
Pageins:                                     3898303.
T 1790277209.024
Pages free:                                   275304.
Pages wired down:                             115328.
File-backed pages:                            225822.
Anonymous pages:                              197021.
Pages stored in compressor:                   509999.
Pages occupied by compressor:                 195525.
Pageins:                                     3898317.
T 1790277209.091
Pages free:                                   275327.
Pages wired down:                             115324.
File-backed pages:                            225822.
Anonymous pages:                              196998.
Pages stored in compressor:                   509999.
Pages occupied by compressor:                 195525.
Pageins:                                     3898331.
T 1790277209.157
Pages free:                                   275420.
Pages wired down:                             115327.
File-backed pages:                            225822.
Anonymous pages:                              197018.
Pages stored in compressor:                   509999.
Pages occupied by compressor:                 195525.
Pageins:                                     3898345.
T 1790277209.226
Pages free:                                   275277.
Pages wired down:                             115332.
File-backed pages:                            225826.
Anonymous pages:                              197075.
Pages stored in compressor:                   509998.
Pages occupied by compressor:                 195523.
Pageins:                                     3898363.
T 1790277209.291
Pages free:                                   275231.
Pages wired down:                             115328.
File-backed pages:                            225822.
Anonymous pages:                              197053.
Pages stored in compressor:                   509998.
Pages occupied by compressor:                 195523.
Pageins:                                     3898373.
T 1790277209.358
Pages free:                                   275211.
Pages wired down:                             115327.
File-backed pages:                            225822.
Anonymous pages:                              197056.
Pages stored in compressor:                   509998.
Pages occupied by compressor:                 195523.
Pageins:                                     3898387.
T 1790277209.428
Pages free:                                   275081.
Pages wired down:                             115335.
File-backed pages:                            225826.
Anonymous pages:                              197192.
Pages stored in compressor:                   509998.
Pages occupied by compressor:                 195523.
Pageins:                                     3898405.
T 1790277209.498
Pages free:                                   275231.
Pages wired down:                             115331.
File-backed pages:                            225822.
Anonymous pages:                              197056.
Pages stored in compressor:                   509995.
Pages occupied by compressor:                 195522.
Pageins:                                     3898419.
T 1790277209.569
Pages free:                                   275160.
Pages wired down:                             115336.
File-backed pages:                            225823.
Anonymous pages:                              197156.
Pages stored in compressor:                   509995.
Pages occupied by compressor:                 195522.
Pageins:                                     3898434.
T 1790277209.639
Pages free:                                   275117.
Pages wired down:                             115339.
File-backed pages:                            225823.
Anonymous pages:                              197121.
Pages stored in compressor:                   509995.
Pages occupied by compressor:                 195522.
Pageins:                                     3898448.
T 1790277209.708
Pages free:                                   275130.
Pages wired down:                             115333.
File-backed pages:                            225822.
Anonymous pages:                              197072.
Pages stored in compressor:                   509993.
Pages occupied by compressor:                 195522.
Pageins:                                     3898462.
T 1790277209.775
Pages free:                                   275036.
Pages wired down:                             115333.
File-backed pages:                            225826.
Anonymous pages:                              197223.
Pages stored in compressor:                   509993.
Pages occupied by compressor:                 195522.
Pageins:                                     3898476.
T 1790277209.846
Pages free:                                   275049.
Pages wired down:                             115345.
File-backed pages:                            225824.
Anonymous pages:                              197178.
Pages stored in compressor:                   509993.
Pages occupied by compressor:                 195522.
Pageins:                                     3898492.
T 1790277209.917
Pages free:                                   275135.
Pages wired down:                             115345.
File-backed pages:                            225823.
Anonymous pages:                              197179.
Pages stored in compressor:                   509993.
Pages occupied by compressor:                 195522.
Pageins:                                     3898504.
T 1790277209.984
Pages free:                                   275039.
Pages wired down:                             115343.
File-backed pages:                            225823.
Anonymous pages:                              197148.
Pages stored in compressor:                   509993.
Pages occupied by compressor:                 195522.
Pageins:                                     3898518.
T 1790277210.050
Pages free:                                   275103.
Pages wired down:                             115337.
File-backed pages:                            225826.
Anonymous pages:                              197224.
Pages stored in compressor:                   509992.
Pages occupied by compressor:                 195522.
Pageins:                                     3898532.
T 1790277210.121
Pages free:                                   275249.
Pages wired down:                             115326.
File-backed pages:                            225822.
Anonymous pages:                              197111.
Pages stored in compressor:                   509992.
Pages occupied by compressor:                 195522.
Pageins:                                     3898546.
T 1790277210.192
Pages free:                                   275106.
Pages wired down:                             115348.
File-backed pages:                            225823.
Anonymous pages:                              197209.
Pages stored in compressor:                   509988.
Pages occupied by compressor:                 195520.
Pageins:                                     3898561.
T 1790277210.264
Pages free:                                   275151.
Pages wired down:                             115344.
File-backed pages:                            225822.
Anonymous pages:                              197171.
Pages stored in compressor:                   509988.
Pages occupied by compressor:                 195520.
Pageins:                                     3898575.
T 1790277210.334
Pages free:                                   273980.
Pages wired down:                             116460.
File-backed pages:                            225822.
Anonymous pages:                              197192.
Pages stored in compressor:                   509988.
Pages occupied by compressor:                 195520.
Pageins:                                     3898589.
T 1790277210.401
Pages free:                                   273746.
Pages wired down:                             116460.
File-backed pages:                            225826.
Anonymous pages:                              197293.
Pages stored in compressor:                   509987.
Pages occupied by compressor:                 195519.
Pageins:                                     3898603.
T 1790277210.472
Pages free:                                   274007.
Pages wired down:                             116457.
File-backed pages:                            225822.
Anonymous pages:                              197171.
Pages stored in compressor:                   509987.
Pages occupied by compressor:                 195519.
Pageins:                                     3898617.
T 1790277210.538
Pages free:                                   273919.
Pages wired down:                             116456.
File-backed pages:                            225826.
Anonymous pages:                              197307.
Pages stored in compressor:                   509987.
Pages occupied by compressor:                 195519.
Pageins:                                     3898631.
T 1790277210.608
Pages free:                                   272410.
Pages wired down:                             116537.
File-backed pages:                            225823.
Anonymous pages:                              198610.
Pages stored in compressor:                   509973.
Pages occupied by compressor:                 195517.
Pageins:                                     3898646.
T 1790277210.678
Pages free:                                   272499.
Pages wired down:                             116543.
File-backed pages:                            225823.
Anonymous pages:                              198602.
Pages stored in compressor:                   509973.
Pages occupied by compressor:                 195517.
Pageins:                                     3898660.
T 1790277210.748
Pages free:                                   274020.
Pages wired down:                             116457.
File-backed pages:                            225822.
Anonymous pages:                              197210.
Pages stored in compressor:                   509973.
Pages occupied by compressor:                 195517.
Pageins:                                     3898673.
T 1790277210.816
Pages free:                                   273894.
Pages wired down:                             116458.
File-backed pages:                            225824.
Anonymous pages:                              197287.
Pages stored in compressor:                   509973.
Pages occupied by compressor:                 195517.
Pageins:                                     3898689.
T 1790277210.882
Pages free:                                   273897.
Pages wired down:                             116452.
File-backed pages:                            225826.
Anonymous pages:                              197358.
Pages stored in compressor:                   509955.
Pages occupied by compressor:                 195508.
Pageins:                                     3898707.
T 1790277210.951
Pages free:                                   273930.
Pages wired down:                             116460.
File-backed pages:                            225822.
Anonymous pages:                              197291.
Pages stored in compressor:                   509935.
Pages occupied by compressor:                 195495.
Pageins:                                     3898721.
T 1790277211.019
Pages free:                                   273944.
Pages wired down:                             116451.
File-backed pages:                            225823.
Anonymous pages:                              197257.
Pages stored in compressor:                   509935.
Pages occupied by compressor:                 195495.
Pageins:                                     3898738.
T 1790277211.086
Pages free:                                   269934.
Pages wired down:                             119335.
File-backed pages:                            225844.
Anonymous pages:                              198383.
Pages stored in compressor:                   509712.
Pages occupied by compressor:                 195442.
Pageins:                                     3898773.
T 1790277211.153
Pages free:                                   268214.
Pages wired down:                             119335.
File-backed pages:                            225849.
Anonymous pages:                              200073.
Pages stored in compressor:                   509698.
Pages occupied by compressor:                 195431.
Pageins:                                     3898787.
T 1790277211.220
Pages free:                                   268184.
Pages wired down:                             119335.
File-backed pages:                            225849.
Anonymous pages:                              200072.
Pages stored in compressor:                   509698.
Pages occupied by compressor:                 195431.
Pageins:                                     3898801.
T 1790277211.289
Pages free:                                   268211.
Pages wired down:                             119335.
File-backed pages:                            225849.
Anonymous pages:                              200085.
Pages stored in compressor:                   509697.
Pages occupied by compressor:                 195431.
Pageins:                                     3898815.
T 1790277211.357
Pages free:                                   268237.
Pages wired down:                             119335.
File-backed pages:                            225849.
Anonymous pages:                              200084.
Pages stored in compressor:                   509696.
Pages occupied by compressor:                 195431.
Pageins:                                     3898829.
T 1790277211.424
Pages free:                                   268207.
Pages wired down:                             119335.
File-backed pages:                            225849.
Anonymous pages:                              200089.
Pages stored in compressor:                   509696.
Pages occupied by compressor:                 195431.
Pageins:                                     3898843.
T 1790277211.492
Pages free:                                   268284.
Pages wired down:                             119333.
File-backed pages:                            225849.
Anonymous pages:                              200066.
Pages stored in compressor:                   509696.
Pages occupied by compressor:                 195431.
Pageins:                                     3898857.
T 1790277211.579
Pages free:                                   268266.
Pages wired down:                             119337.
File-backed pages:                            225850.
Anonymous pages:                              200109.
Pages stored in compressor:                   509696.
Pages occupied by compressor:                 195431.
Pageins:                                     3898872.
T 1790277211.647
Pages free:                                   268173.
Pages wired down:                             119337.
File-backed pages:                            225849.
Anonymous pages:                              200111.
Pages stored in compressor:                   509696.
Pages occupied by compressor:                 195431.
Pageins:                                     3898885.
T 1790277211.715
Pages free:                                   268293.
Pages wired down:                             119337.
File-backed pages:                            225849.
Anonymous pages:                              200108.
Pages stored in compressor:                   509696.
Pages occupied by compressor:                 195431.
Pageins:                                     3898899.
T 1790277211.783
Pages free:                                   267157.
Pages wired down:                             120439.
File-backed pages:                            225849.
Anonymous pages:                              200108.
Pages stored in compressor:                   509696.
Pages occupied by compressor:                 195431.
Pageins:                                     3898913.
T 1790277211.848
Pages free:                                   268232.
Pages wired down:                             119334.
File-backed pages:                            225849.
Anonymous pages:                              200138.
Pages stored in compressor:                   509670.
Pages occupied by compressor:                 195422.
Pageins:                                     3898927.
T 1790277211.914
Pages free:                                   268190.
Pages wired down:                             119333.
File-backed pages:                            225849.
Anonymous pages:                              200128.
Pages stored in compressor:                   509668.
Pages occupied by compressor:                 195422.
Pageins:                                     3898941.
T 1790277211.980
Pages free:                                   268225.
Pages wired down:                             119342.
File-backed pages:                            225849.
Anonymous pages:                              200149.
Pages stored in compressor:                   509668.
Pages occupied by compressor:                 195422.
Pageins:                                     3898953.
T 1790277212.050
Pages free:                                   268260.
Pages wired down:                             119341.
File-backed pages:                            225848.
Anonymous pages:                              200147.
Pages stored in compressor:                   509664.
Pages occupied by compressor:                 195419.
Pageins:                                     3898966.
T 1790277212.121
Pages free:                                   268234.
Pages wired down:                             116949.
File-backed pages:                            225848.
Anonymous pages:                              202501.
Pages stored in compressor:                   509664.
Pages occupied by compressor:                 195419.
Pageins:                                     3898980.
T 1790277212.192
Pages free:                                   268201.
Pages wired down:                             116947.
File-backed pages:                            225849.
Anonymous pages:                              202579.
Pages stored in compressor:                   509661.
Pages occupied by compressor:                 195419.
Pageins:                                     3898996.
T 1790277212.261
Pages free:                                   268123.
Pages wired down:                             116940.
File-backed pages:                            225848.
Anonymous pages:                              202540.
Pages stored in compressor:                   509659.
Pages occupied by compressor:                 195417.
Pageins:                                     3899010.
T 1790277212.330
Pages free:                                   268210.
Pages wired down:                             116945.
File-backed pages:                            225849.
Anonymous pages:                              202593.
Pages stored in compressor:                   509659.
Pages occupied by compressor:                 195417.
Pageins:                                     3899025.
T 1790277212.400
Pages free:                                   268097.
Pages wired down:                             116951.
File-backed pages:                            225848.
Anonymous pages:                              202576.
Pages stored in compressor:                   509659.
Pages occupied by compressor:                 195417.
Pageins:                                     3899036.
T 1790277212.468
Pages free:                                   268079.
Pages wired down:                             116947.
File-backed pages:                            225852.
Anonymous pages:                              202671.
Pages stored in compressor:                   509659.
Pages occupied by compressor:                 195417.
Pageins:                                     3899050.
T 1790277212.540
Pages free:                                   268156.
Pages wired down:                             116948.
File-backed pages:                            225848.
Anonymous pages:                              202596.
Pages stored in compressor:                   509659.
Pages occupied by compressor:                 195417.
Pageins:                                     3899064.
T 1790277212.608
Pages free:                                   268029.
Pages wired down:                             112605.
File-backed pages:                            225870.
Anonymous pages:                              207109.
Pages stored in compressor:                   509648.
Pages occupied by compressor:                 195409.
Pageins:                                     3899092.
